symbol,date,cmp,sqs,aqs,ud_ratio,fip_smoothness,vcp_ratio,vdu_ratio,prior_rejection_peak,downside_floor,dist_to_resistance_pct,cr,volume_ratio,volume_contraction,price_retention,initial_state,resolution_state,res_delay_days,fwd_ret_1d,fwd_ret_2d,fwd_ret_5d,fwd_ret_10d,fwd_ret_20d,post_res_20d
ABB,2025-03-24,5402.19,25.0,35.0,0.58,41.0,0.87,0.76,5441.69,5305.72,0.7,0.48,0.67,0.67,1.8,FTF_COILING,UNRESOLVED,3,-2.13,-0.15,-2.41,-8.46,-0.6,-0.75
ABB,2025-03-27,5410.15,25.0,45.0,0.59,43.6,0.93,0.92,5490.71,5280.47,1.5,0.71,0.89,0.89,2.5,FTF_COILING,UNRESOLVED,3,0.11,-2.55,-8.02,-5.3,-0.32,3.94
ABB,2025-04-17,5440.57,50.0,70.0,0.73,48.7,1.03,0.68,5490.71,4933.33,0.9,0.79,2.42,1.03,-8.2,RESISTANCE_PROBE,CONFIRMED_BREAKOUT,1,1.03,1.99,-1.3,-0.91,5.42,4.35
ABB,2025-05-13,5537.63,50.0,70.0,1.22,59.0,1.26,0.9,5614.76,5376.51,1.4,0.63,1.47,1.47,3.0,FTF_COILING,CONFIRMED_BREAKOUT,3,-0.03,1.75,1.81,6.71,9.43,5.98
ABB,2025-05-16,5717.92,50.0,80.0,1.5,61.5,1.02,1.09,5599.04,5431.04,-2.1,0.72,0.98,0.87,1.9,RESISTANCE_PROBE,CONFIRMED_BREAKOUT,1,0.31,-1.4,2.42,2.59,3.08,2.76
ABB,2025-10-24,5099.86,50.0,70.0,1.2,55.0,0.77,0.95,5196.82,5084.11,1.9,0.5,0.97,0.97,0.3,FTF_COILING,UNRESOLVED,3,1.1,-0.11,0.75,-3.65,-2.39,-4.39
ABB,2025-10-29,5206.17,50.0,65.0,1.15,57.5,1.1,0.74,5196.82,5084.11,-0.2,0.91,0.83,0.76,0.2,FTF_COILING,UNRESOLVED,3,-0.19,-1.3,-1.15,-7.11,-0.92,-0.29
ABB,2025-11-03,5173.68,50.0,55.0,0.96,55.0,1.05,0.65,5196.82,5084.11,0.4,0.69,0.36,0.71,0.2,FTF_COILING,FAILED_BREAKOUT,3,-0.23,-0.53,-5.28,-3.34,-1.39,3.32
ABB,2026-02-04,5664.87,75.0,70.0,2.34,59.0,1.64,3.7,5678.65,5520.17,0.2,0.61,1.27,1.27,2.6,FTF_COILING,UNRESOLVED,3,0.26,1.06,1.23,2.2,3.02,1.95
ABB,2026-02-09,5724.42,75.0,60.0,2.37,56.4,1.11,1.53,5678.65,5520.17,-0.8,0.66,0.37,0.86,2.6,FTF_COILING,CONFIRMED_BREAKOUT,1,0.94,0.17,1.25,1.75,7.03,6.04
ABB,2026-02-12,5697.84,75.0,60.0,2.37,53.8,0.57,0.74,5678.65,5520.17,-0.3,0.27,0.45,0.6,2.6,FTF_COILING,CONFIRMED_BREAKOUT,2,-0.14,1.72,-1.19,5.95,10.43,8.57
ABB,2026-02-24,5961.15,50.0,80.0,2.71,53.8,1.25,3.04,6148.18,5629.93,3.0,0.9,1.27,1.42,3.5,FTF_COILING,UNRESOLVED,3,1.84,1.27,-3.72,3.7,2.58,2.3
ABB,2026-02-27,5977.89,50.0,75.0,2.58,51.3,0.92,3.43,6148.18,5629.93,2.8,0.38,1.2,0.96,3.5,FTF_COILING,UNRESOLVED,3,-1.48,-3.99,-1.49,2.39,-0.16,2.26
ABB,2026-03-06,5967.06,75.0,55.0,2.34,48.7,1.08,0.91,6148.18,5629.93,2.9,0.78,0.78,0.84,1.9,FTF_COILING,UNRESOLVED,3,-1.31,2.68,5.45,3.88,8.3,4.54
ABB,2026-03-11,6181.65,75.0,70.0,2.51,51.3,1.09,0.83,6148.18,5629.93,-0.5,0.69,1.15,0.81,1.9,FTF_COILING,CONFIRMED_BREAKOUT,1,2.05,1.79,0.92,-1.07,8.73,6.55
ABB,2026-03-18,6238.25,75.0,55.0,2.15,57.5,0.99,1.33,6451.36,6240.22,3.3,0.42,0.45,0.55,-1.9,FTF_COILING,FAILED_BREAKOUT,3,-1.95,-0.64,-1.97,-2.27,14.48,20.09
ABB,2026-04-09,6510.42,75.0,100.0,2.77,55.0,1.03,0.75,6537.98,5986.26,0.4,0.82,1.46,1.0,8.8,RESISTANCE_PROBE,CONFIRMED_BREAKOUT,1,3.71,3.24,6.28,10.8,6.46,2.65
ABB,2026-04-15,6765.36,75.0,65.0,2.36,57.5,1.09,1.07,6883.48,6381.96,1.7,0.19,1.24,1.0,6.0,RESISTANCE_PROBE,CONFIRMED_BREAKOUT,2,0.15,2.28,10.39,5.7,-7.89,-9.94
ABB,2026-04-20,7045.9,75.0,90.0,2.48,62.5,1.04,1.2,7204.87,6627.06,2.2,0.5,1.41,1.0,6.3,RESISTANCE_PROBE,CONFIRMED_BREAKOUT,2,1.36,5.99,3.81,1.51,-10.03,-15.12
ABB,2026-04-23,7456.86,75.0,35.0,2.48,65.0,1.27,1.54,7699.99,7048.85,3.2,0.36,0.79,0.79,5.8,FTF_COILING,UNRESOLVED,3,-3.26,-1.91,-4.17,-4.73,-12.55,-9.1
ABB,2026-06-30,6949.19,75.0,45.0,0.9,55.3,1.07,0.77,7183.43,6806.37,3.3,0.36,1.27,1.27,2.1,FTF_COILING,UNRESOLVED,3,-1.34,-2.42,-0.75,-1.98,3.02,4.22
ABB,2026-07-06,6990.7,75.0,60.0,0.99,57.9,0.99,1.06,7183.43,6806.37,2.7,0.94,0.84,0.99,-0.4,FTF_COILING,UNRESOLVED,3,-1.34,-4.26,-3.76,6.28,7.47,11.45
ABB,2026-07-15,7120.67,75.0,95.0,1.01,60.5,1.01,0.54,7183.43,6806.37,0.9,0.81,2.71,0.86,-1.7,FTF_COILING,CONFIRMED_BREAKOUT,1,6.43,4.18,4.18,1.47,8.28,1.74
ABB,2026-08-04,7610.41,75.0,55.0,2.03,56.4,1.23,1.41,7832.29,7107.33,2.8,0.34,1.45,0.94,0.7,FTF_COILING,UNRESOLVED,3,-0.12,0.45,0.01,-0.85,-2.82,-2.68
ABB,2026-08-07,7600.0,75.0,55.0,1.88,56.4,0.89,1.46,7802.64,7512.06,2.6,0.22,0.36,0.43,1.2,FTF_COILING,UNRESOLVED,3,0.65,0.15,0.64,-2.32,-2.5,-3.89
ABB,2026-08-12,7710.0,75.0,85.0,1.86,53.8,0.62,0.54,7802.64,7512.06,1.2,0.8,0.48,0.39,1.2,FTF_COILING,UNRESOLVED,3,0.0,-0.79,-3.63,-1.31,-4.0,-3.37
ABB,2026-08-17,7660.0,75.0,60.0,1.94,50.0,0.76,0.5,7802.64,7512.06,1.8,0.25,0.29,0.41,1.2,FTF_COILING,UNRESOLVED,3,-1.49,-3.0,-2.04,-0.28,-5.04,-2.74
ABB,2026-08-25,7627.0,75.0,85.0,1.95,51.3,0.78,0.43,7802.64,7512.06,2.3,1.0,0.63,0.42,-1.2,FTF_COILING,UNRESOLVED,3,-0.24,-1.8,-3.03,-3.15,-6.64,-5.17
ABB,2026-08-31,7638.5,75.0,85.0,1.83,51.3,1.15,0.48,7832.29,7440.0,2.5,1.0,1.17,1.0,2.7,RESISTANCE_PROBE,UNRESOLVED,3,-3.17,-2.5,-2.68,-4.77,-8.72,-6.18
ADANIENT,2025-01-02,2595.25,50.0,45.0,1.84,47.5,1.55,0.98,2641.71,2515.88,1.8,0.93,0.64,0.64,3.2,FTF_COILING,UNRESOLVED,3,-1.27,-4.74,-4.61,-6.54,-13.28,-10.63
ADANIENT,2025-04-01,2333.05,50.0,25.0,0.94,48.7,1.08,1.0,2384.7,2291.54,2.2,0.59,0.46,0.46,1.8,FTF_COILING,CONFIRMED_BREAKOUT,2,1.46,3.24,-2.12,3.55,5.15,1.85
ADANIENT,2025-04-04,2332.45,50.0,35.0,1.0,51.3,1.25,0.89,2384.7,2291.54,2.2,0.2,1.18,0.66,1.8,FTF_COILING,FAILED_BREAKOUT,1,-5.22,-2.1,3.58,5.1,-2.11,3.28
ADANIENT,2025-04-11,2319.21,50.0,40.0,1.01,51.3,1.44,0.95,2384.7,2142.98,2.7,0.65,0.9,0.95,-3.5,RESISTANCE_PROBE,CONFIRMED_BREAKOUT,1,4.17,4.06,5.35,0.4,6.05,1.81
ADANIENT,2025-04-17,2415.82,50.0,60.0,1.11,51.3,1.05,0.86,2384.7,2278.85,-1.3,0.46,0.95,0.94,-3.5,RESISTANCE_PROBE,CONFIRMED_BREAKOUT,1,1.02,1.13,-2.64,1.55,5.07,4.01
ADANIENT,2025-05-05,2453.19,50.0,80.0,1.13,59.0,1.09,0.9,2457.18,2321.31,0.2,0.79,3.67,0.98,-1.1,FTF_COILING,UNRESOLVED,3,-4.13,-4.17,-1.23,3.47,2.58,10.22
ADANIENT,2025-05-12,2423.01,50.0,70.0,1.16,51.3,1.21,1.56,2457.18,2230.9,1.4,0.93,1.75,1.3,-3.1,RESISTANCE_PROBE,CONFIRMED_BREAKOUT,3,0.66,1.51,4.75,5.05,6.47,2.46
ADANIENT,2025-05-15,2517.63,50.0,100.0,1.39,56.4,1.02,1.2,2457.18,2312.82,-2.5,0.91,1.22,1.29,-3.1,RESISTANCE_PROBE,CONFIRMED_BREAKOUT,1,1.39,0.82,-1.29,0.83,0.94,-0.44
ADANIENT,2025-06-11,2578.77,50.0,45.0,1.24,50.0,1.14,1.03,2660.69,2575.27,3.1,0.27,0.81,0.81,0.1,FTF_COILING,FAILED_BREAKOUT,2,-1.45,-2.79,-4.68,-2.04,0.12,2.99
ADANIENT,2025-06-26,2585.04,50.0,100.0,1.52,50.0,0.93,1.18,2660.69,2419.92,2.8,0.9,1.29,1.1,-6.0,RESISTANCE_PROBE,UNRESOLVED,3,2.32,1.28,0.97,-0.2,0.86,-0.51
ADANIENT,2025-07-01,2620.63,50.0,70.0,1.57,52.5,0.91,1.41,2680.4,2580.85,2.2,0.45,0.62,0.58,1.4,FTF_COILING,UNRESOLVED,3,0.32,-0.4,-1.16,-0.9,-2.82,-1.97
ADANIENT,2025-07-04,2597.94,50.0,70.0,1.66,55.0,0.62,1.17,2680.4,2580.85,3.1,0.49,0.32,0.54,1.1,FTF_COILING,UNRESOLVED,3,-0.88,-0.3,-1.55,-0.12,-9.55,-8.99
ADANIENT,2025-07-15,2597.04,75.0,85.0,1.86,50.0,0.83,0.41,2680.4,2580.85,3.1,0.72,0.42,0.45,-0.9,FTF_COILING,UNRESOLVED,3,0.4,0.71,-0.4,-1.94,-11.93,-11.86
ADANIENT,2025-07-18,2594.94,75.0,60.0,2.06,52.5,0.9,0.6,2680.4,2580.85,3.2,0.28,0.61,0.5,-0.9,FTF_COILING,UNRESOLVED,3,0.9,-0.32,-1.77,-9.44,-10.11,-10.74
ADANIENT,2025-10-30,2525.77,75.0,35.0,1.64,48.7,1.07,0.69,2598.84,2494.38,2.8,0.32,0.98,0.98,1.3,FTF_COILING,FAILED_BREAKOUT,3,-1.82,-2.37,-6.23,-3.44,-9.76,-5.77
ADANIENT,2026-04-09,2039.59,25.0,25.0,0.92,37.5,1.26,1.24,2098.06,1974.22,2.8,0.55,1.01,1.01,3.3,FTF_COILING,CONFIRMED_BREAKOUT,2,2.27,4.34,8.71,12.11,22.81,17.7
ADANIENT,2026-05-14,2711.69,50.0,85.0,1.27,53.8,1.39,0.59,2718.78,2399.03,0.3,0.96,3.37,1.0,13.0,RESISTANCE_PROBE,CONFIRMED_BREAKOUT,1,0.11,-0.85,-0.56,9.59,7.22,7.1
ADANIENT,2026-05-19,2723.78,50.0,55.0,1.5,53.8,1.48,1.65,2801.85,2659.81,2.8,0.36,1.32,0.67,1.1,FTF_COILING,UNRESOLVED,3,-0.74,-1.01,8.97,8.92,8.07,8.38
ADANIENT,2026-05-22,2716.09,50.0,55.0,1.58,56.4,0.78,1.2,2773.26,2695.79,2.1,0.29,0.37,0.46,0.0,FTF_COILING,CONFIRMED_BREAKOUT,1,4.87,9.27,8.1,12.18,11.87,6.67
ADANIENT,2026-06-01,2908.1,75.0,55.0,1.66,60.5,0.86,1.14,2993.66,2925.49,2.9,0.28,0.58,0.58,-0.6,FTF_COILING,UNRESOLVED,3,2.02,0.56,2.08,1.18,1.87,-0.3
ADANIENT,2026-06-04,2971.47,75.0,85.0,1.87,60.5,0.86,0.64,2993.66,2925.49,0.7,0.84,0.62,0.6,-0.6,FTF_COILING,CONFIRMED_BREAKOUT,1,2.54,-0.09,-2.15,1.41,6.93,4.29
ADANIENT,2026-06-09,2978.57,75.0,80.0,2.62,60.5,0.93,0.91,2993.66,2925.49,0.5,0.7,0.61,0.81,-0.6,FTF_COILING,UNRESOLVED,3,-1.64,-2.39,-1.17,-0.53,4.32,6.35
ADANIENT,2026-06-12,2921.6,75.0,55.0,2.77,55.3,0.96,0.89,2993.66,2925.49,2.4,0.41,0.99,0.71,-0.6,FTF_COILING,UNRESOLVED,3,0.72,0.75,4.0,3.98,8.07,6.96
ADANIENT,2026-06-17,2951.9,75.0,60.0,2.81,57.9,0.82,0.61,2993.66,2925.49,1.4,0.43,0.57,0.73,-0.6,FTF_COILING,CONFIRMED_BREAKOUT,1,2.08,2.93,3.99,6.49,6.73,4.55
ADANIENT,2026-06-22,3059.6,75.0,85.0,3.09,60.5,0.83,0.75,3065.0,2934.6,0.2,0.92,0.77,1.0,4.3,RESISTANCE_PROBE,UNRESOLVED,3,-3.16,0.33,-3.17,4.8,4.04,4.78
ADANIENT,2026-06-25,3038.0,75.0,45.0,2.67,57.9,1.09,0.88,3105.0,2943.5,2.2,0.13,0.82,1.0,3.2,RESISTANCE_PROBE,UNRESOLVED,3,0.0,-2.49,4.59,1.5,-0.92,-0.86
ADANIENT,2026-06-30,3036.0,75.0,95.0,2.59,57.9,0.94,0.6,3105.0,2955.0,2.2,0.78,1.1,1.0,2.7,RESISTANCE_PROBE,CONFIRMED_BREAKOUT,1,3.54,4.66,2.35,5.04,-1.11,-4.49
ADANIENT,2026-07-03,3212.1,75.0,80.0,2.94,63.2,1.27,0.84,3229.6,3147.0,0.5,0.9,1.45,1.45,2.1,FTF_COILING,FAILED_BREAKOUT,3,-0.17,-3.27,-1.71,-1.6,-6.31,-1.23
ADANIENT,2026-07-10,3157.3,75.0,70.0,2.4,60.5,1.11,0.96,3229.6,3026.8,2.2,0.69,1.02,1.18,-3.2,RESISTANCE_PROBE,UNRESOLVED,3,0.64,1.0,0.11,-4.15,-4.35,-4.15
ADANIENT,2026-07-15,3150.6,75.0,55.0,2.53,63.2,0.89,0.91,3229.6,3100.0,2.4,0.14,0.49,1.07,-3.2,RESISTANCE_PROBE,UNRESOLVED,3,0.03,0.32,-0.09,-4.0,-5.23,-6.21
ADANIENT,2026-07-20,3183.3,75.0,85.0,3.01,65.8,0.67,0.58,3229.6,3140.0,1.4,0.9,0.52,0.92,-3.2,RESISTANCE_PROBE,FAILED_BREAKOUT,3,-0.02,-1.12,-4.61,-3.62,-5.53,-0.09
ADANIENT,2026-08-26,3112.0,75.0,35.0,1.62,51.3,1.01,0.71,3245.0,2962.5,4.1,0.27,1.88,1.0,5.0,RESISTANCE_PROBE,FAILED_BREAKOUT,3,1.83,1.82,-7.08,-0.23,-3.82,4.69
ADANIPORTS,2025-03-24,1189.97,75.0,50.0,1.0,48.7,0.83,0.57,1191.71,1161.48,0.1,0.59,0.96,0.96,2.5,FTF_COILING,UNRESOLVED,3,-1.53,-1.6,-2.17,-5.78,-0.65,-0.31
ADANIPORTS,2025-03-27,1185.96,75.0,40.0,0.81,48.7,0.98,0.73,1191.71,1161.48,0.5,0.59,0.9,0.89,0.8,FTF_COILING,UNRESOLVED,3,-1.15,-1.84,-4.04,1.17,1.65,1.76
ADANIPORTS,2025-04-02,1184.67,75.0,35.0,0.81,48.7,0.99,0.61,1191.71,1161.48,0.6,0.89,0.58,0.84,0.2,FTF_COILING,FAILED_BREAKOUT,2,0.37,-3.94,-5.32,3.99,10.49,15.02
ADANIPORTS,2025-04-11,1154.05,50.0,50.0,0.89,48.7,1.46,0.64,1191.71,1032.11,3.2,0.74,1.85,0.87,-5.2,RESISTANCE_PROBE,CONFIRMED_BREAKOUT,1,3.97,5.87,5.89,4.45,17.8,13.3
ADANIPORTS,2025-04-21,1231.89,75.0,70.0,1.09,56.4,1.18,1.09,1270.93,1207.61,3.1,0.67,2.52,2.52,2.0,FTF_COILING,UNRESOLVED,3,-0.8,-0.32,-2.67,6.25,11.38,11.99
ADANIPORTS,2025-05-02,1251.71,75.0,75.0,1.42,59.0,0.99,0.97,1270.93,1173.42,1.5,0.39,3.57,1.23,-2.1,RESISTANCE_PROBE,CONFIRMED_BREAKOUT,1,6.65,4.57,3.42,11.42,13.44,6.36
ADANIPORTS,2025-05-29,1425.63,75.0,85.0,2.1,64.1,0.65,0.74,1459.57,1372.91,2.3,0.92,0.45,1.0,3.8,RESISTANCE_PROBE,UNRESOLVED,3,-0.4,2.04,1.26,0.5,-0.16,0.28
ADANIPORTS,2025-06-03,1419.38,75.0,75.0,1.83,64.1,1.05,0.81,1468.64,1397.78,3.4,0.12,1.35,1.0,1.5,RESISTANCE_PROBE,UNRESOLVED,3,0.27,1.7,2.9,-2.32,1.52,-1.2
ADANIPORTS,2025-06-06,1458.43,75.0,70.0,1.78,69.2,1.09,0.88,1458.73,1413.83,0.0,0.71,0.53,0.68,0.7,FTF_COILING,UNRESOLVED,3,-0.31,0.14,-4.07,-7.87,-2.74,-1.72
ADANIPORTS,2025-06-11,1443.27,75.0,60.0,1.78,64.1,0.89,0.57,1458.73,1413.83,1.1,0.28,0.98,0.7,0.7,FTF_COILING,UNRESOLVED,3,-0.73,-3.06,-5.3,-3.88,-0.44,3.03
ADANIPORTS,2025-06-27,1434.16,75.0,55.0,1.63,59.0,1.1,1.3,1480.53,1379.29,3.1,0.44,1.03,1.0,4.0,RESISTANCE_PROBE,UNRESOLVED,3,0.69,0.47,-1.1,-0.59,-3.05,-3.3
ADANIPORTS,2025-07-02,1437.84,75.0,60.0,1.79,56.4,0.85,0.75,1480.53,1421.01,2.9,0.22,0.46,1.0,1.2,RESISTANCE_PROBE,UNRESOLVED,3,-0.89,-1.35,-0.06,0.89,-3.46,-2.9
ADANIPORTS,2025-07-08,1442.42,75.0,85.0,1.87,56.4,0.73,0.4,1480.53,1410.65,2.6,0.93,0.34,1.0,2.3,RESISTANCE_PROBE,UNRESOLVED,3,-0.38,-0.37,-0.23,-1.92,-6.24,-5.14
ADANIPORTS,2025-07-11,1425.69,75.0,60.0,1.29,51.3,0.71,0.32,1480.53,1424.0,3.7,0.13,0.37,1.0,0.1,RESISTANCE_PROBE,UNRESOLVED,3,0.09,0.94,0.8,-2.47,-7.45,-9.04
ADANIPORTS,2025-07-16,1450.59,75.0,80.0,1.58,57.5,0.85,0.38,1480.53,1420.12,2.0,0.44,1.2,1.0,2.1,RESISTANCE_PROBE,UNRESOLVED,3,-0.29,-0.93,-2.46,-4.3,-9.41,-9.02
ADANIPORTS,2025-07-21,1444.41,75.0,85.0,1.45,55.0,0.95,0.59,1480.53,1423.1,2.4,0.89,0.49,1.0,1.5,RESISTANCE_PROBE,UNRESOLVED,3,-2.05,-2.05,-5.14,-4.25,-5.59,-2.99
ADANIPORTS,2025-09-12,1387.25,75.0,30.0,1.27,39.5,1.13,1.54,1417.13,1382.17,2.1,0.13,0.64,0.64,0.4,FTF_COILING,UNRESOLVED,3,0.15,1.08,2.49,-0.08,3.21,2.25
ADANIPORTS,2025-09-17,1400.2,75.0,55.0,1.29,42.1,0.86,1.3,1417.13,1382.17,1.2,0.59,0.63,0.7,0.4,FTF_COILING,CONFIRMED_BREAKOUT,2,0.48,1.54,1.81,1.18,5.22,3.62
ADANIPORTS,2025-09-22,1438.14,75.0,75.0,1.78,47.4,1.05,1.4,1453.87,1419.02,1.1,0.52,2.44,2.44,1.3,FTF_COILING,UNRESOLVED,3,-0.18,-0.87,-4.22,-3.1,2.03,4.71
ADANIPORTS,2025-09-25,1401.29,75.0,20.0,1.37,44.7,1.34,2.0,1455.57,1417.13,3.7,0.09,0.83,1.1,0.5,RESISTANCE_PROBE,FAILED_BREAKOUT,1,-1.08,-1.71,0.85,0.16,0.95,2.05
ADANIPORTS,2025-10-01,1416.73,75.0,55.0,1.41,47.4,1.06,1.02,1455.57,1371.82,2.7,0.88,0.65,0.91,-2.9,RESISTANCE_PROBE,UNRESOLVED,3,-0.25,-1.56,-1.9,3.99,2.02,3.72
ADANIPORTS,2025-10-13,1431.77,75.0,95.0,1.42,50.0,0.95,0.67,1455.57,1380.18,1.6,0.91,1.01,0.75,-2.9,RESISTANCE_PROBE,CONFIRMED_BREAKOUT,3,-0.61,0.9,2.03,-1.38,4.81,1.85
ADANIPORTS,2025-10-16,1473.29,75.0,90.0,1.67,50.0,1.13,0.87,1484.24,1390.14,0.7,0.71,2.48,1.0,6.0,RESISTANCE_PROBE,UNRESOLVED,3,-0.01,-0.84,-3.41,-1.89,1.9,2.31
ADANIPORTS,2025-10-21,1467.32,75.0,55.0,1.56,50.0,1.05,1.55,1484.24,1446.9,1.1,0.3,0.18,1.0,1.4,RESISTANCE_PROBE,FAILED_BREAKOUT,3,-1.38,-3.02,-1.27,-2.49,1.19,4.96
ADANIPORTS,2025-10-29,1448.69,75.0,65.0,1.23,48.7,1.21,0.81,1477.27,1444.21,1.9,0.77,1.57,0.95,-2.2,FTF_COILING,UNRESOLVED,3,0.21,-0.23,-1.24,3.04,3.73,4.46
ADANIPORTS,2025-11-03,1438.64,75.0,30.0,1.14,48.7,0.96,0.97,1477.27,1444.21,2.6,0.43,0.48,0.92,-2.2,FTF_COILING,UNRESOLVED,3,-0.02,-0.55,2.06,3.48,5.08,4.82
ADANIPORTS,2025-11-07,1442.22,75.0,45.0,1.13,46.2,1.04,0.88,1460.15,1425.99,1.2,0.6,0.91,1.16,0.3,FTF_COILING,CONFIRMED_BREAKOUT,3,-0.23,1.8,4.45,2.17,4.22,0.17
ADANIPORTS,2025-11-27,1502.77,75.0,45.0,1.04,45.0,0.88,0.9,1516.61,1478.07,0.9,0.63,0.42,0.42,1.7,FTF_COILING,CONFIRMED_BREAKOUT,2,0.52,1.42,-0.23,-0.34,-1.46,-2.84
ADANIPORTS,2025-12-02,1511.73,75.0,20.0,0.97,45.0,1.0,1.07,1542.5,1516.61,2.0,0.4,0.85,0.85,-0.3,FTF_COILING,UNRESOLVED,3,-1.34,-0.82,-1.38,-1.26,-3.18,-2.62
ADANIPORTS,2025-12-05,1503.07,75.0,60.0,0.98,50.0,0.99,1.12,1542.5,1516.61,2.6,0.78,0.53,0.82,-1.7,FTF_COILING,FAILED_BREAKOUT,1,-1.91,-0.81,0.89,-0.86,-1.09,0.84
ADANIPORTS,2025-12-10,1491.81,75.0,25.0,1.14,47.5,1.11,0.67,1542.5,1454.77,3.3,0.16,0.87,0.69,-2.8,RESISTANCE_PROBE,UNRESOLVED,3,0.39,1.65,-0.79,-0.25,-2.2,-3.13
ADANIPORTS,2025-12-15,1506.25,75.0,35.0,1.13,47.5,0.98,0.64,1542.5,1487.33,2.3,0.31,0.48,0.71,-2.8,RESISTANCE_PROBE,UNRESOLVED,3,-0.9,-1.74,-0.26,-3.4,-5.55,-4.49
ADANIPORTS,2025-12-18,1489.42,75.0,70.0,1.21,47.5,0.8,0.54,1542.5,1473.09,3.4,0.9,0.41,0.67,-2.8,RESISTANCE_PROBE,UNRESOLVED,3,0.05,0.87,-0.57,-0.41,-4.93,-4.8
ADANIPORTS,2025-12-23,1487.33,75.0,50.0,1.14,52.5,0.79,0.51,1542.5,1469.81,3.6,0.11,0.58,1.0,1.2,RESISTANCE_PROBE,UNRESOLVED,3,0.05,-0.44,-1.59,-1.89,-7.7,-5.21
ADANIPORTS,2026-02-03,1524.38,75.0,80.0,1.78,56.4,1.38,1.56,1542.5,1342.34,1.2,0.9,4.42,1.0,13.6,RESISTANCE_PROBE,CONFIRMED_BREAKOUT,1,2.42,2.57,1.56,2.32,-6.3,-8.51
ADANIPORTS,2026-02-06,1544.19,75.0,70.0,1.77,56.4,1.46,2.51,1571.08,1471.0,1.7,0.49,1.41,1.0,5.0,RESISTANCE_PROBE,UNRESOLVED,3,0.71,0.26,-2.04,-2.53,-8.34,-8.5
ADANIPORTS,2026-02-11,1546.88,75.0,80.0,1.6,53.8,0.74,1.7,1577.25,1518.6,1.9,0.7,0.43,1.0,1.9,RESISTANCE_PROBE,UNRESOLVED,3,-0.62,-2.21,-0.17,-1.59,-10.42,-9.65
ADANIPORTS,2026-02-16,1533.64,75.0,85.0,1.54,53.8,0.68,0.74,1577.25,1500.68,2.8,0.89,0.51,1.0,2.2,RESISTANCE_PROBE,UNRESOLVED,3,1.7,0.69,1.02,-4.53,-11.34,-9.77
ADANIPORTS,2026-02-19,1506.95,75.0,55.0,1.49,51.3,0.8,0.86,1577.25,1489.02,4.5,0.15,0.3,1.0,1.2,RESISTANCE_PROBE,UNRESOLVED,3,-0.12,2.81,2.46,-2.37,-9.77,-12.22
ADANIPORTS,2026-02-24,1548.87,75.0,70.0,1.45,51.3,0.81,0.91,1577.25,1498.88,1.8,0.69,0.46,1.0,3.3,RESISTANCE_PROBE,UNRESOLVED,3,-1.72,-0.31,-7.78,-9.3,-11.54,-9.54
ADANIPORTS,2026-02-27,1514.62,75.0,40.0,1.41,46.2,0.94,0.84,1577.35,1512.13,4.0,0.17,0.58,1.0,0.2,RESISTANCE_PROBE,FAILED_BREAKOUT,1,-3.33,-5.69,-6.55,-9.67,-8.92,-5.77
ADANIPORTS,2026-04-10,1469.11,100.0,75.0,1.21,37.5,1.08,1.22,1499.38,1442.92,2.0,0.93,1.3,1.05,-0.1,FTF_COILING,CONFIRMED_BREAKOUT,2,-0.68,2.47,6.99,10.38,19.79,16.9
ADANIPORTS,2026-05-01,1650.34,75.0,80.0,1.22,51.3,0.9,1.14,1669.96,1590.1,1.2,0.5,0.0,1.0,3.8,RESISTANCE_PROBE,CONFIRMED_BREAKOUT,1,5.15,4.08,6.22,8.31,8.89,3.56
ADANIPORTS,2026-05-06,1740.96,75.0,60.0,1.29,53.8,1.06,1.27,1755.0,1650.34,0.8,0.68,0.75,1.0,5.5,RESISTANCE_PROBE,CONFIRMED_BREAKOUT,2,-0.89,0.69,-0.6,1.39,3.17,2.47
ADANIPORTS,2026-05-11,1759.88,75.0,70.0,1.36,56.4,1.08,1.37,1784.48,1700.83,1.4,0.65,1.06,1.0,3.5,RESISTANCE_PROBE,UNRESOLVED,3,-4.48,-1.67,1.15,2.01,2.13,1.78
ADANIPORTS,2026-05-14,1765.96,75.0,60.0,1.43,61.5,1.29,1.1,1784.48,1676.14,1.0,0.75,0.86,1.0,5.4,RESISTANCE_PROBE,CONFIRMED_BREAKOUT,1,1.22,0.81,1.12,2.88,0.77,-0.45
ADANIPORTS,2026-05-19,1755.4,75.0,55.0,1.53,59.0,1.03,1.03,1816.25,1758.79,3.4,0.09,0.66,0.73,1.2,FTF_COILING,UNRESOLVED,3,0.56,1.73,2.75,2.93,3.79,2.39
ADANIPORTS,2026-05-22,1779.4,75.0,55.0,1.68,61.5,0.74,0.8,1816.25,1758.79,2.0,0.29,0.45,0.56,-0.2,FTF_COILING,UNRESOLVED,3,0.9,1.36,0.99,2.09,3.14,1.02
ADANIPORTS,2026-05-27,1816.84,75.0,60.0,2.03,64.1,0.56,0.49,1816.25,1758.79,-0.0,0.44,0.66,0.55,-0.2,FTF_COILING,UNRESOLVED,3,0.0,-1.09,-1.13,-0.18,-0.2,2.1
ADANIPORTS,2026-06-01,1776.02,75.0,60.0,1.85,63.2,0.65,0.58,1816.25,1758.79,2.2,0.17,0.45,0.57,-0.2,FTF_COILING,UNRESOLVED,3,1.74,1.14,1.21,1.62,0.0,-0.41
ADANIPORTS,2026-06-04,1783.38,75.0,50.0,1.86,60.5,1.15,0.63,1816.25,1758.79,1.8,0.12,0.54,0.62,-0.2,FTF_COILING,UNRESOLVED,3,1.86,0.79,-0.21,3.29,5.6,3.54
ADANIPORTS,2026-06-09,1818.74,75.0,75.0,1.83,63.2,1.09,0.69,1835.07,1778.7,0.9,0.85,0.81,1.0,2.3,RESISTANCE_PROBE,UNRESOLVED,3,-0.28,-2.15,0.18,-1.91,0.83,1.16
ADANIPORTS,2026-06-12,1812.9,75.0,85.0,1.84,57.9,1.09,0.72,1850.0,1804.59,2.0,0.87,1.17,1.03,-1.4,FTF_COILING,UNRESOLVED,3,-0.45,0.5,1.24,-0.93,0.84,-0.03
ADANIPORTS,2026-06-17,1828.6,75.0,100.0,1.75,57.9,0.99,0.73,1850.0,1804.59,1.2,0.84,1.35,1.02,-1.4,FTF_COILING,UNRESOLVED,3,0.74,0.37,-0.84,1.07,0.03,0.1
ADANIPORTS,2026-06-22,1827.2,75.0,70.0,1.73,55.3,0.74,0.85,1849.0,1830.0,1.2,0.67,0.71,0.71,-0.2,FTF_COILING,FAILED_BREAKOUT,1,-2.36,-0.76,-2.8,2.04,0.92,3.36
ADANIPORTS,2026-06-25,1796.0,75.0,55.0,1.3,52.6,0.95,0.94,1842.0,1779.1,2.5,0.13,0.8,0.97,1.9,FTF_COILING,UNRESOLVED,3,0.0,-1.11,4.86,0.23,-0.97,-1.75
ADANIPORTS,2026-06-30,1810.2,75.0,95.0,1.22,52.6,0.88,0.7,1842.0,1779.1,1.7,0.82,1.04,0.64,-0.2,FTF_COILING,CONFIRMED_BREAKOUT,1,2.1,4.03,1.31,0.65,-1.96,-3.98
ADANIPORTS,2026-07-03,1874.2,75.0,45.0,1.25,52.6,1.17,0.85,1881.7,1815.4,0.4,0.35,0.72,1.35,3.7,FTF_COILING,UNRESOLVED,3,-0.52,-2.15,-2.46,-1.96,-9.48,-5.31
ADANIPORTS,2026-07-08,1791.7,75.0,30.0,1.21,47.4,1.11,0.93,1881.7,1828.7,4.8,0.13,0.66,0.84,1.0,RESISTANCE_PROBE,UNRESOLVED,3,0.47,2.03,2.09,1.55,-5.12,-6.09
ADANIPORTS,2026-07-14,1821.9,75.0,40.0,1.17,50.0,1.08,0.61,1881.7,1815.4,3.2,0.41,0.82,0.73,-1.3,FTF_COILING,UNRESOLVED,3,0.4,0.25,1.35,-2.59,-8.44,-9.21
ADANIPORTS,2026-07-17,1837.4,75.0,75.0,1.06,50.0,0.74,0.67,1881.7,1815.4,2.4,0.83,0.55,0.74,-1.3,FTF_COILING,UNRESOLVED,3,0.36,0.5,-3.76,-7.67,-7.48,-6.56
ADANIPORTS,2026-07-22,1819.4,75.0,35.0,1.02,47.4,0.85,0.6,1881.7,1815.4,3.3,0.21,0.91,0.71,-1.3,FTF_COILING,FAILED_BREAKOUT,1,-2.25,-2.81,-5.48,-6.56,-7.56,-5.43
ADANIPORTS,2026-09-02,1672.7,50.0,35.0,0.71,47.5,1.63,1.95,1711.4,1593.1,2.3,0.91,1.02,1.65,3.4,FTF_COILING,UNRESOLVED,3,2.02,2.07,6.12,3.05,7.51,6.14
AMBUJACEM,2025-01-22,532.06,50.0,65.0,0.83,50.0,1.02,0.64,543.96,526.01,2.2,0.84,0.87,0.87,1.1,FTF_COILING,CONFIRMED_BREAKOUT,2,2.26,2.82,-2.71,-4.28,-9.3,-11.79
AMBUJACEM,2025-01-27,530.32,50.0,30.0,0.91,50.0,1.07,0.64,557.09,521.9,4.8,0.08,0.95,0.95,-2.2,RESISTANCE_PROBE,FAILED_BREAKOUT,3,1.54,-2.39,-6.24,-4.14,-9.9,-5.42
AMBUJACEM,2025-03-26,527.9,75.0,65.0,0.88,48.7,1.04,1.18,534.04,513.72,1.2,0.71,1.68,1.68,2.8,FTF_COILING,CONFIRMED_BREAKOUT,2,1.94,1.11,1.55,3.04,0.28,-0.82
AMBUJACEM,2025-04-01,525.37,75.0,10.0,0.85,48.7,1.2,1.37,534.04,513.72,1.6,0.05,0.4,1.18,2.8,FTF_COILING,UNRESOLVED,3,0.78,2.04,1.3,7.53,2.17,2.5
AMBUJACEM,2025-04-04,523.68,75.0,40.0,0.85,51.3,1.04,0.59,534.04,513.72,1.9,0.14,0.56,0.82,2.3,FTF_COILING,CONFIRMED_BREAKOUT,3,-0.57,1.63,5.65,8.74,-0.72,-4.27
AMBUJACEM,2025-04-15,553.28,75.0,70.0,1.32,59.0,1.42,1.06,552.04,539.35,-0.2,0.87,1.17,1.17,2.6,FTF_COILING,CONFIRMED_BREAKOUT,1,1.38,2.11,2.92,-3.29,-1.88,-3.22
AMBUJACEM,2025-04-23,569.44,75.0,55.0,1.43,61.5,0.75,1.32,579.8,570.18,1.8,0.37,0.9,0.9,-0.1,FTF_COILING,FAILED_BREAKOUT,2,-0.41,-4.47,-6.03,-8.7,-1.15,3.47
AMBUJACEM,2025-05-16,558.68,50.0,80.0,1.85,61.5,0.85,0.88,575.04,529.73,2.8,0.87,0.97,1.15,-7.7,RESISTANCE_PROBE,UNRESOLVED,3,0.36,-0.26,1.31,-1.77,-3.37,-4.11
AMBUJACEM,2025-06-11,556.45,75.0,90.0,1.33,52.5,0.87,1.02,561.65,553.72,0.9,0.45,1.22,1.22,0.5,FTF_COILING,FAILED_BREAKOUT,2,-2.3,-2.99,-2.53,0.04,5.57,8.82
AMBUJACEM,2025-06-16,547.44,75.0,45.0,1.32,47.5,1.25,0.91,561.65,533.41,2.5,0.82,0.68,0.95,-2.5,RESISTANCE_PROBE,UNRESOLVED,3,0.14,-0.93,-2.65,4.96,7.27,10.76
AMBUJACEM,2025-06-24,551.47,75.0,75.0,1.36,55.0,1.26,0.56,561.65,525.85,1.8,0.64,2.74,0.85,-4.3,RESISTANCE_PROBE,CONFIRMED_BREAKOUT,2,0.94,2.26,4.7,6.74,11.97,9.49
AMBUJACEM,2025-07-11,584.26,75.0,70.0,1.8,55.0,0.9,1.05,591.92,577.24,1.3,0.45,0.8,0.8,1.2,FTF_COILING,UNRESOLVED,3,0.51,1.01,1.63,4.42,-1.22,-2.6
AMBUJACEM,2025-07-16,592.57,75.0,80.0,2.18,57.5,0.82,0.95,591.92,577.24,-0.1,0.84,0.71,0.73,1.2,FTF_COILING,CONFIRMED_BREAKOUT,3,-0.15,0.2,4.18,3.75,-2.46,-5.28
AMBUJACEM,2025-07-23,617.34,75.0,70.0,2.32,62.5,1.01,1.37,621.87,610.78,0.7,0.68,0.45,0.45,1.1,FTF_COILING,UNRESOLVED,3,0.0,-1.18,-0.41,-4.92,-5.1,-3.65
AMBUJACEM,2025-07-28,608.04,75.0,55.0,1.99,61.5,0.99,1.37,621.87,610.78,2.2,0.35,0.75,0.66,-0.1,FTF_COILING,FAILED_BREAKOUT,3,-0.16,1.11,-0.95,-3.63,-6.26,-3.36
AMBUJACEM,2025-08-01,604.96,75.0,80.0,1.8,61.5,1.55,1.32,621.72,586.99,2.7,0.72,1.71,1.71,3.1,FTF_COILING,UNRESOLVED,3,-0.44,-0.86,-4.6,-2.94,-6.69,-3.84
AMBUJACEM,2025-09-17,579.18,50.0,55.0,0.65,43.6,1.06,3.27,593.36,563.26,2.4,0.81,1.42,1.9,-1.0,FTF_COILING,UNRESOLVED,3,-0.18,0.07,0.1,-1.88,-2.12,-3.49
AMBUJACEM,2025-09-22,587.39,75.0,45.0,0.75,45.0,1.02,1.02,593.36,563.26,1.0,0.46,1.18,1.63,-1.0,FTF_COILING,UNRESOLVED,3,0.22,-1.3,-4.77,-3.45,-3.86,-2.05
AMBUJACEM,2025-09-25,576.55,50.0,0.0,0.69,47.5,1.22,1.01,593.36,563.26,2.8,0.15,0.45,1.45,-1.0,FTF_COILING,UNRESOLVED,3,-2.45,-2.98,-0.56,-1.75,-3.31,-1.7
AMBUJACEM,2025-12-24,545.4,50.0,50.0,1.39,47.5,0.98,1.47,560.72,541.57,2.7,0.09,1.14,1.14,0.7,FTF_COILING,UNRESOLVED,3,1.2,0.73,2.11,-0.26,-0.27,-0.62
AMBUJACEM,2025-12-30,547.29,50.0,50.0,1.28,47.5,0.97,1.79,560.72,541.57,2.4,0.21,1.12,0.91,0.7,FTF_COILING,UNRESOLVED,3,1.15,1.75,2.46,-2.25,-2.92,-5.56
AMBUJACEM,2026-01-02,562.62,75.0,80.0,1.46,52.5,0.71,0.9,560.72,541.57,-0.3,0.87,0.71,0.86,0.7,FTF_COILING,CONFIRMED_BREAKOUT,1,1.03,-0.33,-5.03,-2.06,-9.71,-10.63
AMBUJACEM,2026-01-07,559.23,75.0,35.0,1.39,50.0,0.83,0.82,560.72,541.57,0.3,0.26,1.92,0.84,0.7,FTF_COILING,UNRESOLVED,3,-2.72,-4.46,-2.22,-4.15,-5.15,-1.05
AMBUJACEM,2026-01-14,546.84,75.0,60.0,1.35,50.0,1.45,1.19,563.01,526.0,2.9,0.9,0.88,0.77,-4.2,RESISTANCE_PROBE,UNRESOLVED,3,0.0,0.76,-1.98,-2.46,-3.04,-3.5
AMBUJACEM,2026-01-19,549.43,75.0,70.0,1.39,51.3,1.05,0.91,563.01,530.87,2.4,0.62,0.75,0.71,-4.2,RESISTANCE_PROBE,UNRESOLVED,3,-2.87,-2.44,-3.6,-4.33,-5.46,-4.5
AMBUJACEM,2026-01-22,543.91,50.0,70.0,1.39,51.3,1.29,0.8,563.01,528.58,3.4,0.74,1.15,0.74,-4.3,RESISTANCE_PROBE,FAILED_BREAKOUT,1,-5.12,-2.63,-6.67,-3.14,-6.33,-1.27
AMBUJACEM,2026-04-15,451.76,25.0,15.0,0.81,42.5,1.21,1.52,460.17,432.86,1.8,0.63,0.71,0.88,-0.2,FTF_COILING,UNRESOLVED,3,0.89,1.1,1.52,0.13,-3.44,-3.63
AMBUJACEM,2026-04-20,452.66,25.0,20.0,0.83,45.0,0.73,0.92,460.17,432.86,1.6,0.17,0.48,0.74,-0.2,FTF_COILING,UNRESOLVED,3,0.3,1.32,1.23,-2.11,-5.44,-4.5
AMBUJACEM,2026-04-23,448.18,25.0,25.0,0.85,47.5,0.6,0.63,460.17,432.86,2.6,0.16,0.69,0.64,-0.2,FTF_COILING,UNRESOLVED,3,0.18,2.24,-1.38,0.06,-3.1,-4.87
AMBUJACEM,2026-04-28,456.54,25.0,35.0,0.91,50.0,0.92,0.88,460.17,432.86,0.8,0.31,0.56,0.71,-0.2,FTF_COILING,UNRESOLVED,3,-0.92,-3.18,-5.6,-6.94,-1.98,1.24
AMBUJACEM,2026-05-06,444.7,25.0,90.0,1.03,51.3,0.95,1.56,458.48,435.89,3.0,0.8,1.47,2.35,-1.1,FTF_COILING,UNRESOLVED,3,0.84,-0.58,-1.9,-3.73,-4.46,-2.12
AMBUJACEM,2026-05-15,431.61,25.0,35.0,1.09,53.8,1.17,1.08,458.48,423.11,5.9,0.12,0.76,1.32,-2.5,RESISTANCE_PROBE,UNRESOLVED,3,-0.83,-0.47,0.6,3.25,-1.97,-1.18
AMBUJACEM,2026-07-30,434.2,50.0,35.0,0.99,46.2,1.22,1.04,443.0,423.15,2.0,0.81,1.07,1.07,2.6,FTF_COILING,CONFIRMED_BREAKOUT,2,-0.46,2.26,0.53,-3.41,-5.33,-7.42
AMBUJACEM,2026-08-04,436.05,50.0,10.0,0.84,46.2,1.07,1.3,443.0,423.15,1.6,0.0,0.82,1.09,2.1,FTF_COILING,CONFIRMED_BREAKOUT,1,2.05,0.1,-2.76,-5.42,-7.76,-9.62
AMBUJACEM,2026-08-07,434.0,50.0,20.0,0.93,46.2,1.0,1.1,447.5,436.0,3.0,0.35,0.8,0.8,-0.5,FTF_COILING,FAILED_BREAKOUT,2,-0.73,-2.3,-3.8,-4.49,-6.68,-4.48
APOLLOHOSP,2024-12-30,7276.44,75.0,95.0,1.48,55.0,0.91,0.56,7506.0,7118.01,3.1,0.59,1.36,1.0,2.2,RESISTANCE_PROBE,UNRESOLVED,3,-0.24,0.76,1.57,-6.49,-8.46,-9.78
APOLLOHOSP,2025-01-02,7383.29,75.0,75.0,1.57,55.0,1.09,0.73,7340.26,7182.73,-0.6,0.79,0.95,0.94,1.1,FTF_COILING,CONFIRMED_BREAKOUT,2,-1.66,0.1,-4.45,-8.52,-8.04,-8.14
APOLLOHOSP,2025-01-07,7398.31,75.0,70.0,1.67,52.5,1.21,0.84,7340.26,7182.73,-0.8,0.46,1.38,1.08,1.1,FTF_COILING,FAILED_BREAKOUT,3,-3.95,-4.64,-9.81,-6.96,-8.58,-3.38
APOLLOHOSP,2025-04-11,6755.44,75.0,35.0,0.88,53.8,1.1,1.28,6764.46,6690.98,0.1,0.15,1.59,1.68,1.8,FTF_COILING,CONFIRMED_BREAKOUT,1,1.83,3.31,4.54,3.12,2.0,0.17
APOLLOHOSP,2025-04-17,7046.89,75.0,80.0,1.05,59.0,1.02,1.53,6845.1,6740.05,-2.9,0.8,1.14,1.57,2.1,RESISTANCE_PROBE,CONFIRMED_BREAKOUT,1,0.98,0.21,-1.7,-1.41,-1.4,-2.35
APOLLOHOSP,2025-06-02,6889.48,50.0,35.0,1.26,47.5,1.04,0.94,6966.69,6827.72,1.1,0.15,3.01,3.01,0.9,FTF_COILING,UNRESOLVED,3,-1.49,-0.87,0.24,2.87,4.72,5.32
APOLLOHOSP,2025-06-05,6850.13,50.0,40.0,1.15,47.5,1.02,1.68,7063.33,6857.6,3.0,0.44,1.13,1.32,-1.0,FTF_COILING,UNRESOLVED,3,0.97,0.81,1.75,1.94,10.02,9.34
APOLLOHOSP,2025-06-10,6892.47,75.0,50.0,1.06,45.0,0.8,1.0,7063.33,6857.6,2.4,0.09,1.28,0.99,-1.0,FTF_COILING,UNRESOLVED,3,0.13,1.13,1.27,1.26,9.34,8.16
APOLLOHOSP,2025-06-13,6968.19,75.0,45.0,1.13,45.0,0.86,1.01,7063.33,6857.6,1.3,0.62,0.82,1.08,-1.0,FTF_COILING,CONFIRMED_BREAKOUT,1,1.71,0.17,0.99,4.49,2.79,1.06
APOLLOHOSP,2025-06-18,6907.41,50.0,20.0,1.1,42.5,1.09,1.07,7063.33,6857.6,2.2,0.15,0.87,1.03,-1.0,FTF_COILING,UNRESOLVED,3,1.1,1.87,1.56,7.32,6.04,4.92
APOLLOHOSP,2025-06-23,6981.14,75.0,30.0,1.12,42.5,0.91,1.0,7063.33,6857.6,1.2,0.22,0.3,1.0,-1.0,FTF_COILING,UNRESOLVED,3,-0.02,0.49,3.35,8.68,3.52,2.15
APOLLOHOSP,2025-07-01,7467.8,75.0,55.0,1.28,45.0,1.41,0.91,7555.97,6994.09,1.2,0.51,3.88,1.0,6.8,RESISTANCE_PROBE,UNRESOLVED,3,-0.73,0.92,0.92,-1.81,-0.53,-1.29
APOLLOHOSP,2025-07-04,7525.08,75.0,20.0,1.22,47.5,1.32,2.03,7503.66,7388.6,-0.3,0.42,0.67,1.73,2.0,FTF_COILING,UNRESOLVED,3,0.83,0.15,-4.82,-3.31,-2.67,-1.57
APOLLOHOSP,2025-07-09,7440.9,75.0,40.0,1.22,47.5,0.82,1.37,7503.66,7388.6,0.8,0.17,0.52,1.04,1.8,FTF_COILING,FAILED_BREAKOUT,2,-1.47,-3.74,-1.56,-1.28,-3.74,0.0
APOLLOHOSP,2025-07-15,7332.81,75.0,70.0,1.23,50.0,1.09,1.02,7503.66,7132.07,2.3,0.91,0.97,0.98,-3.1,RESISTANCE_PROBE,UNRESOLVED,3,-0.11,-0.14,-1.55,1.3,-1.68,-0.92
APOLLOHOSP,2025-07-18,7276.02,75.0,30.0,1.17,45.0,0.86,1.14,7503.66,7200.31,3.0,0.37,0.37,0.95,-3.1,RESISTANCE_PROBE,UNRESOLVED,3,-0.67,-0.78,2.26,0.66,7.11,6.09
APOLLOHOSP,2025-07-23,7345.76,75.0,60.0,1.17,45.0,0.77,0.69,7503.66,7189.35,2.1,0.89,0.94,0.85,-3.1,RESISTANCE_PROBE,UNRESOLVED,3,-0.14,1.29,1.04,-2.5,7.64,7.89
APOLLOHOSP,2025-07-28,7328.82,75.0,40.0,1.24,45.0,1.03,0.82,7606.28,7216.75,3.6,0.19,0.45,1.0,1.6,RESISTANCE_PROBE,UNRESOLVED,3,1.35,1.27,-0.66,-1.33,6.08,4.07
APOLLOHOSP,2025-07-31,7469.79,75.0,60.0,1.23,45.0,1.2,0.74,7606.28,7283.0,1.8,0.84,0.87,1.0,2.6,RESISTANCE_PROBE,UNRESOLVED,3,-1.95,-2.53,-4.37,4.31,2.44,5.6
APOLLOHOSP,2025-08-13,7779.12,75.0,65.0,1.26,40.0,1.6,0.79,7810.5,6994.09,0.4,0.93,5.33,1.0,11.2,RESISTANCE_PROBE,UNRESOLVED,3,0.17,0.18,1.64,-2.42,0.97,0.65
APOLLOHOSP,2025-08-19,7804.04,75.0,20.0,1.52,42.5,1.23,1.82,7887.71,7776.63,1.1,0.36,0.81,0.81,0.4,FTF_COILING,CONFIRMED_BREAKOUT,3,0.76,1.32,-0.38,-1.12,0.82,-0.44
APOLLOHOSP,2025-08-25,7831.47,75.0,40.0,1.32,40.0,0.65,1.14,7960.15,7832.47,1.6,0.11,0.81,0.81,-0.0,FTF_COILING,FAILED_BREAKOUT,3,-0.73,-1.57,-2.15,-0.32,-2.13,0.97
APOLLOHOSP,2025-09-03,7716.76,75.0,55.0,1.25,40.0,0.76,0.82,7960.15,7567.13,3.1,0.67,0.6,0.77,-3.1,RESISTANCE_PROBE,UNRESOLVED,3,2.12,0.89,2.49,1.96,-3.81,-4.44
APOLLOHOSP,2025-09-08,7767.13,75.0,35.0,1.11,42.5,0.82,0.57,7960.15,7636.96,2.4,0.42,0.59,0.71,-3.1,RESISTANCE_PROBE,UNRESOLVED,3,0.5,1.83,0.39,-0.61,-1.11,-2.28
APOLLOHOSP,2025-09-11,7859.9,75.0,35.0,1.1,42.5,0.79,0.7,7960.15,7721.25,1.3,0.24,0.31,0.68,-3.1,RESISTANCE_PROBE,UNRESOLVED,3,-0.06,-0.8,-0.37,-3.24,-2.52,-2.18
APOLLOHOSP,2025-09-16,7832.97,75.0,50.0,0.99,45.0,0.92,0.54,7960.15,7776.61,1.6,0.83,0.54,1.0,0.7,RESISTANCE_PROBE,UNRESOLVED,3,0.45,-0.03,-2.15,-5.65,-0.34,0.25
APOLLOHOSP,2025-09-19,7787.08,75.0,35.0,1.09,45.0,0.79,0.51,7960.15,7786.09,2.2,0.1,0.63,1.0,0.0,RESISTANCE_PROBE,FAILED_BREAKOUT,3,-0.86,-1.57,-3.8,-1.85,2.61,4.79
APOLLOHOSP,2025-10-14,7739.7,75.0,60.0,1.06,45.0,1.07,0.61,7960.15,7601.05,2.8,0.48,1.4,1.0,1.8,RESISTANCE_PROBE,UNRESOLVED,3,0.86,0.96,3.26,1.28,-4.1,-5.83
APOLLOHOSP,2025-10-17,7881.85,75.0,65.0,1.28,45.0,1.05,0.66,8010.03,7655.91,1.6,0.32,1.97,1.0,3.0,RESISTANCE_PROBE,UNRESOLVED,3,1.37,1.4,-0.71,-0.97,-6.53,-7.32
APOLLOHOSP,2025-10-23,7948.68,75.0,50.0,1.33,47.5,1.06,0.79,8044.94,7901.8,1.2,0.27,1.47,0.1,1.1,FTF_COILING,UNRESOLVED,3,-1.64,-1.54,-2.24,-4.1,-7.25,-6.21
APOLLOHOSP,2025-10-28,7860.9,75.0,80.0,1.05,52.5,0.88,0.9,8079.36,7900.3,2.7,0.72,1.1,0.89,-1.0,FTF_COILING,FAILED_BREAKOUT,3,-0.28,-1.15,-0.89,-4.85,-6.19,-3.75
APOLLOHOSP,2025-11-03,7805.04,75.0,55.0,0.77,45.0,0.92,0.86,8079.36,7631.97,3.4,0.89,1.11,0.89,-3.0,RESISTANCE_PROBE,UNRESOLVED,3,-0.18,-0.54,-4.13,-5.61,-7.44,-5.23
APOLLOHOSP,2026-01-09,7238.45,50.0,0.0,0.45,37.5,1.32,1.54,7424.49,7306.78,2.5,0.23,0.89,0.89,-0.9,FTF_COILING,UNRESOLVED,3,0.17,0.76,-0.29,-6.25,-0.63,-0.85
APOLLOHOSP,2026-01-14,7254.41,75.0,30.0,0.49,40.0,0.97,1.32,7424.49,7306.78,2.3,0.36,1.08,0.87,-0.9,FTF_COILING,FAILED_BREAKOUT,3,0.0,-0.51,-6.13,-6.48,3.66,5.69
APOLLOHOSP,2026-02-12,7520.25,75.0,50.0,0.99,56.4,1.19,1.55,7621.0,7386.58,1.3,0.76,0.9,0.9,1.8,FTF_COILING,UNRESOLVED,3,0.05,1.18,0.84,3.27,0.28,-0.68
APOLLOHOSP,2026-02-17,7592.66,75.0,70.0,1.06,59.0,1.16,1.53,7621.0,7386.58,0.4,0.78,1.03,0.92,1.8,FTF_COILING,UNRESOLVED,3,0.61,-0.12,1.57,0.85,-1.72,-1.9
APOLLOHOSP,2026-02-20,7606.65,75.0,80.0,1.25,56.4,0.68,1.0,7621.0,7386.58,0.2,0.79,0.56,0.82,1.8,FTF_COILING,CONFIRMED_BREAKOUT,3,1.02,1.38,2.71,2.15,-6.18,-8.2
APOLLOHOSP,2026-02-25,7773.95,75.0,80.0,1.44,64.1,0.64,0.78,7621.0,7531.23,-2.0,0.8,0.86,0.8,1.8,RESISTANCE_PROBE,CONFIRMED_BREAKOUT,1,-0.1,0.49,-0.1,-2.68,-3.01,-2.91
APOLLOHOSP,2026-03-02,7782.44,50.0,90.0,1.47,59.0,0.9,1.06,7861.35,7722.51,1.0,0.87,1.16,1.16,0.8,FTF_COILING,UNRESOLVED,3,-1.61,-0.21,0.15,-3.74,-6.08,-5.27
APOLLOHOSP,2026-03-06,7715.52,50.0,50.0,1.28,56.4,1.3,1.24,7861.35,7722.51,1.9,0.5,0.47,1.14,-0.8,FTF_COILING,UNRESOLVED,3,0.71,1.02,-2.26,-4.66,-4.18,-3.68
APOLLOHOSP,2026-03-11,7675.07,50.0,55.0,1.44,59.0,1.03,0.94,7861.35,7722.51,2.4,0.18,0.71,0.91,-0.8,FTF_COILING,FAILED_BREAKOUT,1,-1.43,-1.74,-2.77,-1.35,-2.18,-0.77
APOLLOHOSP,2026-03-16,7481.29,50.0,45.0,1.18,55.0,1.18,0.9,7861.35,7476.8,4.8,0.24,1.15,0.94,-2.3,RESISTANCE_PROBE,FAILED_BREAKOUT,3,0.13,-0.25,-4.61,-2.46,2.79,6.16
APOLLOHOSP,2026-04-23,7771.95,75.0,80.0,1.45,55.0,0.87,0.88,7792.43,7606.15,0.3,0.84,0.69,0.69,2.2,FTF_COILING,UNRESOLVED,3,-0.62,0.57,-1.86,0.72,6.78,7.16
APOLLOHOSP,2026-04-28,7743.98,75.0,45.0,1.14,50.0,1.0,0.86,7792.43,7606.15,0.6,0.25,0.85,0.77,1.5,FTF_COILING,UNRESOLVED,3,-0.57,-1.5,0.25,3.48,6.52,8.15
APOLLOHOSP,2026-05-01,7627.62,75.0,45.0,0.93,46.2,0.73,0.85,7792.43,7606.15,2.1,0.5,0.0,0.83,0.3,FTF_COILING,UNRESOLVED,3,1.32,1.77,6.03,5.84,7.07,5.36
APOLLOHOSP,2026-05-06,7751.48,75.0,45.0,0.98,48.7,0.68,0.64,7792.43,7606.15,0.5,0.25,1.23,0.74,0.3,FTF_COILING,CONFIRMED_BREAKOUT,2,0.99,4.34,3.14,4.1,6.83,2.39
APOLLOHOSP,2026-05-14,8109.56,75.0,50.0,0.87,51.3,1.18,1.18,8170.49,7971.72,0.7,0.64,1.13,1.0,1.7,RESISTANCE_PROBE,UNRESOLVED,3,-0.45,-1.21,2.33,1.89,4.61,5.82
APOLLOHOSP,2026-05-19,8016.67,75.0,45.0,0.91,51.3,0.96,0.86,8170.49,7996.69,1.9,0.39,1.03,1.0,0.2,RESISTANCE_PROBE,CONFIRMED_BREAKOUT,2,0.65,3.52,2.9,0.79,4.54,0.99
APOLLOHOSP,2026-05-22,8352.78,75.0,60.0,1.1,56.4,1.4,1.34,8430.69,7805.41,0.9,0.58,1.28,1.0,7.0,RESISTANCE_PROBE,UNRESOLVED,3,0.5,-1.24,-2.22,-0.69,1.52,2.62
APOLLOHOSP,2026-05-27,8262.88,75.0,60.0,1.29,56.4,1.25,1.45,8433.18,8218.43,2.0,0.76,0.67,1.0,0.5,RESISTANCE_PROBE,UNRESOLVED,3,0.0,-1.16,0.22,2.61,3.64,5.73
APOLLOHOSP,2026-06-01,8099.07,75.0,55.0,1.21,55.3,0.9,0.93,8315.32,8136.53,2.6,0.16,0.46,0.46,-0.5,FTF_COILING,UNRESOLVED,3,-0.23,2.24,3.08,4.44,6.74,4.92
APOLLOHOSP,2026-06-04,8239.41,75.0,35.0,1.19,52.6,1.13,1.16,8315.32,8136.53,0.9,0.31,0.7,1.02,-0.7,FTF_COILING,CONFIRMED_BREAKOUT,2,0.67,1.33,2.96,1.97,5.42,4.04
APOLLOHOSP,2026-06-22,8459.15,75.0,60.0,1.2,50.0,0.71,0.71,8613.97,8375.25,1.8,0.33,0.54,1.0,1.0,RESISTANCE_PROBE,UNRESOLVED,3,0.22,1.23,2.2,4.95,5.15,3.64
APOLLOHOSP,2026-06-25,8582.01,75.0,60.0,1.28,57.9,0.84,0.74,8683.39,8424.69,1.2,0.36,0.92,1.0,1.9,RESISTANCE_PROBE,UNRESOLVED,3,0.0,0.73,1.21,2.95,3.14,2.07
APOLLOHOSP,2026-06-30,8671.91,75.0,80.0,1.5,57.9,0.87,0.69,8759.8,8525.58,1.0,0.27,1.36,1.0,1.7,RESISTANCE_PROBE,CONFIRMED_BREAKOUT,3,-0.73,0.16,1.79,2.52,2.55,0.11
APOLLOHOSP,2026-07-03,8883.16,75.0,85.0,1.54,57.9,1.14,0.6,8759.8,8601.49,-1.4,0.87,1.13,0.48,-0.4,RESISTANCE_PROBE,CONFIRMED_BREAKOUT,1,-0.06,-0.64,-0.59,-0.76,0.71,0.77
APOLLOHOSP,2026-07-08,8743.32,75.0,50.0,1.62,57.9,1.29,0.57,8759.8,8638.94,0.2,0.28,1.0,0.69,-0.4,FTF_COILING,CONFIRMED_BREAKOUT,1,1.05,1.0,2.06,2.11,1.79,0.73
APOLLOHOSP,2026-07-13,8772.29,75.0,55.0,1.48,57.9,1.22,0.77,8910.13,8746.32,1.5,0.11,1.42,0.92,1.0,FTF_COILING,CONFIRMED_BREAKOUT,2,1.34,1.73,1.39,0.69,1.47,-0.25
APOLLOHOSP,2026-07-16,8877.67,75.0,55.0,1.47,55.3,1.01,1.09,8998.53,8894.65,1.3,0.39,0.76,0.76,-0.2,FTF_COILING,UNRESOLVED,3,-0.7,0.19,-0.29,1.13,-3.24,-3.66
APOLLOHOSP,2026-07-21,8916.12,75.0,80.0,1.78,55.3,0.89,0.86,8998.53,8894.65,0.9,0.71,0.66,0.76,-0.9,FTF_COILING,UNRESOLVED,3,0.13,-0.72,-0.26,1.38,-1.11,0.25
APOLLOHOSP,2026-07-24,8795.26,75.0,60.0,1.81,53.8,0.87,0.53,8998.53,8894.65,2.3,0.17,0.65,0.67,-0.9,FTF_COILING,UNRESOLVED,3,0.43,1.11,1.72,1.58,-1.16,-2.6
APOLLOHOSP,2026-07-29,8924.61,75.0,75.0,1.52,59.0,0.78,0.46,8998.53,8894.65,0.8,0.47,0.63,0.64,-1.1,FTF_COILING,UNRESOLVED,3,0.59,0.25,-0.28,-3.78,-1.77,-0.49
APOLLOHOSP,2026-08-03,8809.74,75.0,60.0,1.37,56.4,1.04,0.63,8998.53,8894.65,2.1,0.12,0.95,0.7,-1.1,FTF_COILING,UNRESOLVED,3,2.61,1.02,1.04,0.18,1.01,-0.73
APOLLOHOSP,2026-08-06,8964.06,75.0,80.0,1.61,56.4,1.45,0.82,9039.48,8749.81,0.8,0.7,1.54,1.0,2.4,RESISTANCE_PROBE,UNRESOLVED,3,-0.33,-0.7,-4.17,-2.56,-3.04,-0.55
APOLLOHOSP,2026-08-11,8740.33,75.0,35.0,1.38,53.8,1.21,1.05,8960.57,8855.19,2.5,0.25,2.1,2.1,-1.3,FTF_COILING,FAILED_BREAKOUT,1,-1.75,-1.72,0.88,1.7,1.11,2.92
APOLLOHOSP,2026-08-14,8920.5,75.0,80.0,1.47,53.8,1.49,1.69,8979.55,8662.42,0.7,0.99,3.44,2.8,-0.9,FTF_COILING,UNRESOLVED,3,-1.06,-1.16,-2.55,-0.92,-0.95,0.98
APOLLOHOSP,2026-08-19,8750.0,75.0,20.0,1.19,48.7,1.17,2.28,8979.55,8662.42,2.6,0.33,0.76,2.25,-0.9,FTF_COILING,UNRESOLVED,3,-0.17,-0.65,0.19,-0.35,-0.61,-0.06
APOLLOHOSP,2026-08-24,8702.0,50.0,65.0,1.21,45.0,0.71,0.97,8979.55,8662.42,3.1,1.0,0.72,1.65,-0.9,FTF_COILING,UNRESOLVED,3,2.15,0.74,2.26,0.67,2.41,1.27
APOLLOHOSP,2026-08-27,8800.0,75.0,45.0,1.24,45.0,0.78,0.71,8979.55,8662.42,2.0,0.38,0.66,1.35,-0.9,FTF_COILING,UNRESOLVED,3,0.44,1.12,-1.23,1.14,1.01,1.52
APOLLOHOSP,2026-09-01,8755.0,50.0,40.0,1.26,47.5,0.74,0.85,8979.55,8662.42,2.5,0.31,0.37,1.23,-0.9,FTF_COILING,UNRESOLVED,3,-0.41,-0.72,0.94,-0.47,-1.1,0.1
APOLLOTYRE,2024-12-30,524.3,50.0,60.0,1.15,50.0,0.95,1.28,533.43,522.49,1.7,0.62,0.96,0.96,0.3,FTF_COILING,UNRESOLVED,3,-1.35,-1.7,-6.69,-17.42,-21.82,-20.32
APOLLOTYRE,2025-05-06,471.74,75.0,55.0,1.27,53.8,0.93,1.6,480.43,470.56,1.8,0.28,0.94,0.94,0.2,FTF_COILING,CONFIRMED_BREAKOUT,1,2.46,0.36,-2.16,1.35,-3.59,-5.91
APOLLOTYRE,2025-05-12,469.93,75.0,60.0,1.26,51.3,1.29,1.42,480.43,449.51,2.2,0.82,0.83,1.19,-3.1,RESISTANCE_PROBE,UNRESOLVED,3,-1.79,-1.17,1.57,2.94,-1.78,-1.67
APOLLOTYRE,2025-05-15,469.39,75.0,65.0,1.56,53.8,1.08,1.12,480.43,456.89,2.3,0.38,2.07,1.04,-3.1,RESISTANCE_PROBE,CONFIRMED_BREAKOUT,1,2.87,1.69,2.37,-0.23,-4.85,-7.51
APOLLOTYRE,2025-05-22,480.53,50.0,80.0,1.64,52.5,0.84,1.58,498.06,472.37,3.5,0.89,0.35,0.74,1.0,FTF_COILING,UNRESOLVED,3,0.58,0.67,-2.54,-5.94,-9.1,-9.49
APOLLOTYRE,2025-05-27,482.63,50.0,55.0,1.69,55.0,0.62,0.8,498.06,472.37,3.1,0.21,0.55,0.61,1.0,FTF_COILING,FAILED_BREAKOUT,3,-0.03,-2.97,-5.77,-5.28,-9.63,-5.12
APOLLOTYRE,2025-07-04,448.58,75.0,45.0,1.48,50.0,1.11,1.55,460.16,450.63,2.5,0.27,0.44,0.44,-0.5,FTF_COILING,CONFIRMED_BREAKOUT,2,0.27,2.74,0.95,0.19,-2.96,-5.55
APOLLOTYRE,2025-07-10,461.38,100.0,55.0,1.44,50.0,1.04,0.99,460.16,450.63,-0.3,0.31,0.68,0.96,-0.5,FTF_COILING,UNRESOLVED,3,-1.85,-2.94,-1.95,-1.74,-6.63,-5.05
APOLLOTYRE,2025-07-15,453.68,75.0,55.0,1.28,47.5,0.95,0.95,460.16,450.63,1.4,0.68,0.62,0.84,-0.6,FTF_COILING,UNRESOLVED,3,-0.93,-0.28,-2.15,-0.77,-2.79,-1.87
APOLLOTYRE,2025-07-23,452.2,50.0,65.0,1.35,45.0,1.02,0.8,467.06,449.53,3.2,0.91,0.41,0.38,-1.3,FTF_COILING,UNRESOLVED,3,0.25,-0.63,0.46,-4.99,1.47,2.82
APOLLOTYRE,2025-07-30,454.27,75.0,65.0,1.19,50.0,0.98,0.47,467.06,449.53,2.7,0.61,0.48,0.38,-1.3,FTF_COILING,FAILED_BREAKOUT,2,-2.25,-4.17,-5.42,-3.35,0.47,4.84
APOLLOTYRE,2025-08-26,450.81,75.0,60.0,1.75,47.5,0.74,0.77,465.38,457.18,3.1,0.14,1.23,1.23,-1.4,FTF_COILING,UNRESOLVED,3,0.22,1.24,6.37,5.04,8.36,5.8
APOLLOTYRE,2025-09-01,461.72,75.0,95.0,2.11,52.5,0.76,0.68,465.38,457.18,0.8,0.53,1.54,1.12,-1.4,FTF_COILING,CONFIRMED_BREAKOUT,1,4.32,3.86,2.65,2.48,-0.44,-4.56
APOLLOTYRE,2025-09-04,479.4,75.0,35.0,1.88,50.0,1.11,1.92,489.47,476.34,2.1,0.27,2.17,2.17,0.6,FTF_COILING,UNRESOLVED,3,-0.56,-1.13,-1.59,-0.2,-2.54,-1.71
APOLLOTYRE,2025-09-09,475.35,75.0,70.0,1.8,50.0,0.92,2.27,491.55,475.01,3.3,0.54,0.38,0.52,-0.2,FTF_COILING,UNRESOLVED,3,-0.38,-0.75,1.01,1.59,1.14,2.41
APOLLOTYRE,2025-09-16,480.14,75.0,90.0,1.57,50.0,0.97,0.91,491.55,475.01,2.3,0.58,1.28,0.65,-1.2,FTF_COILING,UNRESOLVED,3,-0.58,-0.35,0.58,-2.74,0.11,1.28
APOLLOTYRE,2025-09-22,480.29,75.0,70.0,1.37,50.0,0.99,1.32,492.73,476.19,2.5,0.56,0.85,0.6,-0.3,FTF_COILING,UNRESOLVED,3,0.54,1.71,-4.29,-1.62,5.91,4.44
APOLLOTYRE,2025-09-25,487.05,75.0,70.0,1.55,52.5,0.85,1.29,491.4,480.24,0.9,0.66,0.7,1.09,1.7,FTF_COILING,FAILED_BREAKOUT,2,-2.71,-5.62,-4.08,-1.01,2.49,8.59
APOLLOTYRE,2025-10-08,480.78,75.0,80.0,1.58,57.5,0.9,0.88,491.4,460.39,2.2,0.59,1.03,0.76,-4.3,RESISTANCE_PROBE,UNRESOLVED,3,-0.42,0.28,-0.02,5.56,5.85,6.19
APOLLOTYRE,2025-10-13,479.25,75.0,85.0,1.52,55.0,0.9,0.7,491.4,470.81,2.5,0.71,0.42,0.75,-4.3,RESISTANCE_PROBE,UNRESOLVED,3,-0.96,0.3,4.46,3.95,9.68,8.65
APOLLOTYRE,2025-10-21,508.68,75.0,70.0,1.63,55.0,1.14,1.35,496.68,478.61,-2.4,0.73,0.5,3.13,4.5,RESISTANCE_PROBE,CONFIRMED_BREAKOUT,1,-0.23,-2.98,-1.86,-1.82,0.8,1.03
APOLLOTYRE,2025-11-04,515.79,75.0,90.0,1.27,52.5,0.9,0.95,523.14,494.36,1.4,0.67,2.36,0.55,0.2,FTF_COILING,UNRESOLVED,3,-3.17,-1.33,1.91,0.06,2.46,2.53
APOLLOTYRE,2025-11-10,515.44,75.0,50.0,1.28,55.0,1.22,0.87,523.14,494.36,1.5,0.69,0.56,0.83,0.2,FTF_COILING,CONFIRMED_BREAKOUT,2,-0.31,1.98,-1.53,1.18,-0.32,-2.25
APOLLOTYRE,2025-11-13,530.15,75.0,65.0,1.03,57.5,0.88,0.69,523.14,508.58,-1.3,0.66,0.63,0.82,0.2,RESISTANCE_PROBE,CONFIRMED_BREAKOUT,1,-3.39,-4.27,-3.29,-3.34,-4.25,-0.89
APOLLOTYRE,2025-11-18,516.23,75.0,70.0,1.18,55.0,1.18,0.98,523.14,494.36,1.3,0.76,1.07,0.82,0.2,FTF_COILING,UNRESOLVED,3,-0.03,-0.68,-0.14,-0.68,-2.26,-0.27
APOLLOTYRE,2025-11-24,521.51,75.0,85.0,1.24,50.0,1.07,0.75,544.18,504.58,4.2,0.63,1.22,1.0,3.4,RESISTANCE_PROBE,UNRESOLVED,3,-1.15,-1.27,-2.23,-1.48,-3.48,-1.77
APOLLOTYRE,2025-12-03,528.48,75.0,100.0,1.38,50.0,0.76,0.56,544.18,506.7,2.9,0.83,1.87,1.0,4.3,RESISTANCE_PROBE,UNRESOLVED,3,-0.86,-2.57,-2.7,-6.71,-7.66,-5.03
APOLLOTYRE,2025-12-10,514.21,75.0,40.0,1.27,45.0,0.92,1.02,524.33,512.48,1.9,0.27,0.49,0.49,0.3,FTF_COILING,FAILED_BREAKOUT,3,-1.28,-2.06,-4.12,-1.74,-0.15,2.66
APOLLOTYRE,2026-01-08,513.42,75.0,50.0,1.46,40.0,1.16,1.3,518.4,509.52,1.0,0.33,1.9,1.9,0.8,FTF_COILING,FAILED_BREAKOUT,1,-2.99,-3.13,1.54,-3.1,-3.03,-0.04
APOLLOTYRE,2026-01-13,513.96,75.0,65.0,1.46,40.0,1.39,1.43,524.08,481.13,1.9,0.85,1.71,0.95,-2.1,RESISTANCE_PROBE,UNRESOLVED,3,1.43,1.43,-2.67,-3.75,-1.43,0.88
APOLLOTYRE,2026-01-16,502.16,50.0,40.0,1.29,41.0,1.15,1.04,524.08,493.87,4.2,0.11,1.07,1.02,-2.1,RESISTANCE_PROBE,UNRESOLVED,3,0.29,-0.38,-1.84,-5.01,-5.11,-3.87
APOLLOTYRE,2026-02-05,501.47,50.0,35.0,1.03,43.6,1.17,1.15,515.19,495.69,2.7,0.19,3.73,3.73,1.2,FTF_COILING,UNRESOLVED,3,-0.72,-0.37,-1.11,-8.33,-12.81,-13.3
APOLLOTYRE,2026-02-11,506.6,75.0,35.0,1.13,51.3,1.04,1.82,525.32,494.26,3.6,0.15,2.03,1.1,0.4,RESISTANCE_PROBE,FAILED_BREAKOUT,3,-2.11,-3.9,-6.75,-9.08,-18.03,-12.85
APOLLOTYRE,2026-04-09,437.85,50.0,35.0,0.73,42.5,1.08,0.74,441.48,422.58,0.8,0.89,0.69,0.69,3.6,FTF_COILING,UNRESOLVED,3,-0.5,-1.81,1.15,-3.75,-7.06,-7.33
APOLLOTYRE,2026-04-15,439.09,50.0,35.0,0.75,37.5,1.11,0.93,441.48,422.58,0.5,0.66,1.13,0.77,1.7,FTF_COILING,UNRESOLVED,3,0.46,0.86,-1.72,-3.95,-10.22,-10.18
APOLLOTYRE,2026-04-20,438.89,50.0,20.0,0.75,42.5,0.76,0.8,441.48,422.58,0.6,0.28,0.7,0.88,1.7,FTF_COILING,UNRESOLVED,3,0.12,-1.68,-2.91,-7.24,-15.01,-13.25
APOLLOTYRE,2026-04-23,429.99,50.0,25.0,0.83,45.0,0.62,0.66,441.48,422.58,2.6,0.2,0.67,0.83,1.7,FTF_COILING,UNRESOLVED,3,-1.99,-0.9,-5.56,-5.18,-14.0,-12.22
APOLLOTYRE,2026-04-29,421.74,25.0,35.0,0.73,45.0,0.91,0.49,441.48,419.5,4.5,0.12,1.64,0.76,-0.3,RESISTANCE_PROBE,FAILED_BREAKOUT,1,-3.71,-3.71,-2.71,-6.53,-5.75,-2.12
APOLLOTYRE,2026-06-22,425.72,50.0,20.0,1.01,44.7,1.15,1.63,441.38,418.76,3.5,0.42,0.85,0.57,1.0,FTF_COILING,UNRESOLVED,3,-1.09,-1.48,-1.75,6.35,0.7,0.12
APOLLOTYRE,2026-06-25,428.2,75.0,45.0,0.96,44.7,0.91,0.53,441.38,418.76,3.0,0.43,1.52,0.59,0.2,FTF_COILING,UNRESOLVED,3,0.0,-2.32,6.03,2.09,-0.9,-0.8
APOLLOTYRE,2026-06-30,427.75,75.0,50.0,0.98,44.7,0.96,0.47,436.9,421.74,2.1,0.84,0.7,0.21,-0.8,FTF_COILING,CONFIRMED_BREAKOUT,2,0.34,6.14,5.61,-0.45,-0.91,-6.64
APOLLOTYRE,2026-08-06,449.7,75.0,90.0,2.63,59.0,1.15,1.05,451.8,439.6,0.5,0.8,1.27,1.27,2.3,FTF_COILING,UNRESOLVED,3,-1.05,-0.83,-1.48,-4.54,-3.52,-2.07
APOLLOTYRE,2026-08-11,443.0,75.0,35.0,2.43,53.8,1.3,1.26,451.8,439.6,1.9,0.21,0.47,1.55,1.2,FTF_COILING,UNRESOLVED,3,0.49,0.01,-1.58,-0.36,-7.11,-7.34
APOLLOTYRE,2026-08-14,444.1,75.0,70.0,2.4,56.4,0.86,0.83,451.8,439.6,1.7,0.56,0.42,1.07,0.8,FTF_COILING,FAILED_BREAKOUT,3,-1.67,-1.82,-0.99,-0.14,-5.96,-2.27
APOLLOTYRE,2026-08-21,439.7,75.0,100.0,2.06,55.0,0.98,0.71,451.8,439.6,2.7,0.79,2.1,1.03,-2.8,FTF_COILING,CONFIRMED_BREAKOUT,1,1.4,0.39,0.86,-2.31,-6.91,-8.2
ASHOKLEY,2025-01-02,113.28,50.0,85.0,1.35,60.0,1.27,0.49,115.15,104.62,1.6,0.85,3.43,1.0,8.3,RESISTANCE_PROBE,UNRESOLVED,3,-0.83,-4.2,-9.18,-11.93,-10.91,-6.32
ASHOKLEY,2025-02-17,107.29,75.0,55.0,1.11,47.5,1.47,1.98,108.08,103.82,0.7,0.94,2.11,0.86,-1.2,FTF_COILING,UNRESOLVED,3,-0.59,0.8,-0.23,-7.46,-8.01,-9.18
ASHOKLEY,2025-02-20,108.67,75.0,55.0,1.09,45.0,0.96,1.76,108.08,103.82,-0.5,0.75,0.66,1.09,-1.2,FTF_COILING,UNRESOLVED,3,-1.75,-1.5,-5.98,-7.38,-6.16,-6.47
ASHOKLEY,2025-02-25,109.03,75.0,75.0,1.23,45.0,0.77,0.86,108.08,103.82,-0.9,0.83,1.04,0.9,-1.2,FTF_COILING,FAILED_BREAKOUT,3,-0.79,-6.29,-7.93,-13.7,-8.23,-0.19
ASHOKLEY,2025-05-14,112.53,50.0,75.0,1.01,61.5,1.13,0.47,115.15,103.74,2.3,0.77,1.12,1.0,8.5,RESISTANCE_PROBE,CONFIRMED_BREAKOUT,3,2.06,1.19,4.3,3.55,4.14,1.31
ASHOKLEY,2025-05-19,115.68,50.0,95.0,1.23,61.5,0.85,0.7,115.78,113.51,0.1,0.65,1.54,1.54,1.9,FTF_COILING,CONFIRMED_BREAKOUT,1,0.34,1.46,1.26,-0.27,-0.48,-0.82
ASHOKLEY,2025-05-22,116.61,50.0,90.0,1.31,60.0,0.99,1.3,119.73,115.49,2.6,0.49,1.36,1.58,1.6,FTF_COILING,UNRESOLVED,3,0.34,0.46,0.81,-2.04,-2.49,-2.82
ASHOKLEY,2025-05-27,117.01,75.0,80.0,1.69,60.0,0.92,1.7,119.73,115.49,2.3,0.46,1.1,1.98,1.0,FTF_COILING,UNRESOLVED,3,-0.41,0.46,-1.46,0.68,0.48,2.01
ASHOKLEY,2025-05-30,115.25,75.0,75.0,1.61,60.0,0.72,1.42,119.73,116.22,3.7,0.16,1.47,1.59,0.9,RESISTANCE_PROBE,UNRESOLVED,3,0.09,0.03,2.55,-0.52,5.8,5.99
ASHOKLEY,2025-06-04,115.05,75.0,55.0,1.43,57.5,0.63,0.99,117.57,114.8,2.1,0.21,0.81,0.78,0.4,FTF_COILING,CONFIRMED_BREAKOUT,2,-0.72,2.72,1.86,-0.69,6.8,3.97
ASHOKLEY,2025-06-09,118.75,75.0,55.0,1.48,60.0,0.85,0.99,117.57,114.8,-1.0,0.44,0.68,0.96,-0.5,FTF_COILING,UNRESOLVED,3,-0.8,-1.31,-3.05,-2.68,2.72,6.19
ASHOKLEY,2025-06-12,114.86,75.0,55.0,1.44,52.5,0.99,1.1,117.57,114.8,2.3,0.06,0.43,0.85,-0.5,FTF_COILING,UNRESOLVED,3,-0.18,0.23,-1.01,5.82,6.19,6.52
ASHOKLEY,2025-06-17,114.52,75.0,60.0,1.35,50.0,0.91,0.7,117.57,114.8,2.6,0.27,0.3,0.74,-0.5,FTF_COILING,UNRESOLVED,3,-0.23,-0.71,2.67,7.28,6.98,6.7
ASHOKLEY,2025-06-20,114.82,75.0,70.0,1.41,47.5,0.93,0.62,117.57,114.8,2.3,0.81,0.81,0.7,-1.0,FTF_COILING,CONFIRMED_BREAKOUT,3,0.65,2.39,6.2,6.25,3.98,-0.04
ASHOKLEY,2025-06-25,119.44,75.0,90.0,1.42,50.0,1.19,0.77,119.73,113.31,0.2,0.85,1.31,1.0,5.4,RESISTANCE_PROBE,CONFIRMED_BREAKOUT,1,1.76,2.09,2.88,2.57,1.88,0.11
ASHOKLEY,2025-06-30,122.52,75.0,80.0,1.54,55.0,1.0,1.02,123.0,117.99,0.4,0.76,0.68,1.0,3.8,RESISTANCE_PROBE,UNRESOLVED,3,0.27,0.29,-0.44,0.81,-2.16,-2.0
ASHOKLEY,2025-07-03,122.32,75.0,65.0,1.47,57.5,0.82,0.86,124.03,120.98,1.4,0.16,1.03,1.0,1.1,RESISTANCE_PROBE,UNRESOLVED,3,-0.26,-0.28,-0.28,-1.2,-3.35,-3.1
ASHOKLEY,2025-07-08,122.0,75.0,75.0,1.46,55.0,0.87,0.64,124.03,120.95,1.6,0.64,0.66,1.0,0.9,RESISTANCE_PROBE,UNRESOLVED,3,0.42,-0.02,0.42,-0.74,-2.37,-0.94
ASHOKLEY,2025-07-11,120.24,75.0,70.0,1.44,52.5,0.94,0.71,124.03,121.71,3.1,0.06,1.16,1.16,-1.2,FTF_COILING,UNRESOLVED,3,2.72,1.89,-0.71,-0.95,-6.26,-7.37
ASHOKLEY,2025-07-16,121.68,75.0,55.0,1.4,47.5,1.32,1.05,124.03,121.71,1.9,0.59,1.31,1.39,-1.2,FTF_COILING,UNRESOLVED,3,-0.68,-1.89,0.0,-2.17,-3.91,-4.06
ASHOKLEY,2025-07-21,121.88,75.0,45.0,1.35,45.0,1.22,0.9,124.03,121.71,1.7,0.87,0.82,1.1,-1.9,FTF_COILING,UNRESOLVED,3,-0.64,-0.16,-1.64,-1.76,6.79,6.79
ASHOKLEY,2025-07-24,121.88,75.0,55.0,1.35,47.5,1.0,0.54,124.03,121.71,1.7,0.41,1.15,0.98,-1.9,FTF_COILING,FAILED_BREAKOUT,1,-2.28,-1.64,-3.0,-4.0,5.13,7.59
ASHOKLEY,2025-07-29,120.42,75.0,65.0,1.13,50.0,1.03,0.72,124.03,121.71,2.9,0.62,0.72,0.99,-2.1,FTF_COILING,FAILED_BREAKOUT,1,-1.14,-1.82,-1.08,-3.2,5.29,6.5
ASHOKLEY,2025-08-21,127.94,75.0,30.0,1.47,47.5,1.57,2.83,131.17,129.11,2.5,0.07,1.09,1.09,-0.9,FTF_COILING,UNRESOLVED,3,0.15,0.0,-3.08,-0.18,7.54,7.25
ASHOKLEY,2025-08-26,128.3,75.0,55.0,1.6,45.0,0.68,1.59,131.17,129.11,2.2,0.6,0.86,0.72,-0.9,FTF_COILING,FAILED_BREAKOUT,2,-1.18,-3.34,-0.87,2.01,8.29,12.03
ASHOKLEY,2025-09-02,127.34,75.0,55.0,1.66,45.0,0.89,0.86,131.17,122.91,2.9,0.45,0.94,0.74,-4.0,RESISTANCE_PROBE,UNRESOLVED,3,-0.12,-1.83,3.58,3.18,9.42,9.1
ASHOKLEY,2025-09-05,127.71,75.0,55.0,1.34,42.5,1.11,1.21,131.17,123.58,2.6,0.63,1.11,0.82,-4.0,RESISTANCE_PROBE,CONFIRMED_BREAKOUT,1,4.99,3.28,2.54,7.74,5.36,0.36
ASHOKLEY,2025-09-12,130.95,75.0,40.0,1.25,45.0,0.97,1.43,134.97,129.17,3.0,0.39,0.9,1.0,1.4,RESISTANCE_PROBE,UNRESOLVED,3,-0.11,0.34,5.07,5.85,2.48,0.48
ASHOKLEY,2025-09-17,133.57,75.0,75.0,1.35,47.5,0.81,0.97,134.97,129.66,1.0,0.64,1.39,1.0,3.0,RESISTANCE_PROBE,CONFIRMED_BREAKOUT,2,1.45,3.01,4.01,3.26,0.34,-2.59
ASHOKLEY,2025-09-22,136.16,75.0,40.0,1.53,47.5,0.88,1.21,139.29,135.64,2.2,0.15,0.8,0.8,0.4,FTF_COILING,CONFIRMED_BREAKOUT,1,3.31,2.04,2.15,0.29,-2.28,-5.42
ASHOKLEY,2025-09-25,137.16,75.0,40.0,1.5,45.0,0.98,1.8,139.29,135.64,1.5,0.19,0.57,1.73,0.4,FTF_COILING,UNRESOLVED,3,1.05,1.4,-0.47,-2.06,0.26,-1.3
ASHOKLEY,2025-09-30,139.33,75.0,70.0,1.7,52.5,0.86,1.61,139.29,135.64,-0.0,0.48,0.71,1.28,0.4,FTF_COILING,UNRESOLVED,3,-1.01,-2.02,-2.31,-4.89,-1.33,2.17
ASHOKLEY,2025-10-06,134.56,75.0,55.0,1.49,50.0,0.92,0.97,139.29,135.64,3.4,0.1,0.64,1.09,0.4,FTF_COILING,UNRESOLVED,3,1.49,1.15,-0.26,-1.41,1.93,1.3
ASHOKLEY,2025-10-09,135.4,75.0,75.0,1.42,50.0,1.0,0.74,139.29,135.64,2.8,0.49,0.33,0.97,-0.8,FTF_COILING,FAILED_BREAKOUT,3,-0.79,-0.88,-1.01,-1.65,2.63,5.07
ASHOKLEY,2025-10-27,137.52,75.0,100.0,1.63,50.0,1.01,0.53,141.12,132.64,2.6,0.92,1.54,1.0,3.7,RESISTANCE_PROBE,UNRESOLVED,3,-0.5,-0.94,-0.7,3.71,4.27,4.3
ASHOKLEY,2025-10-30,137.48,75.0,65.0,1.11,47.5,1.11,0.87,138.91,135.28,1.0,0.77,1.39,0.82,0.7,FTF_COILING,UNRESOLVED,3,0.54,-0.67,0.36,5.32,13.09,13.35
ASHOKLEY,2025-11-04,137.15,75.0,80.0,1.27,50.0,0.98,1.0,140.28,137.65,2.2,0.87,0.82,0.83,-0.8,FTF_COILING,UNRESOLVED,3,0.56,0.6,1.49,4.28,16.64,15.13
ASHOKLEY,2025-11-10,138.95,75.0,60.0,1.38,55.0,1.09,0.81,140.48,136.65,1.1,0.65,0.72,0.47,1.0,FTF_COILING,CONFIRMED_BREAKOUT,1,2.64,0.18,4.34,2.31,12.71,9.81
ASHOKLEY,2025-11-17,144.98,75.0,35.0,1.55,55.0,1.51,1.59,149.36,144.01,2.9,0.41,0.72,0.72,0.7,FTF_COILING,UNRESOLVED,3,-0.15,-1.35,-1.94,8.71,13.14,14.07
ASHOKLEY,2025-11-25,143.38,75.0,80.0,1.41,52.5,0.82,0.71,149.36,141.38,4.0,0.3,1.4,0.71,-1.3,RESISTANCE_PROBE,CONFIRMED_BREAKOUT,2,2.14,9.55,9.72,9.43,22.03,11.4
ASHOKLEY,2025-12-01,157.61,75.0,80.0,1.61,52.5,1.46,2.07,157.54,153.58,-0.0,0.77,1.22,1.22,2.6,FTF_COILING,CONFIRMED_BREAKOUT,1,-0.19,1.5,-0.64,4.07,11.43,11.64
ASHOKLEY,2025-12-04,157.52,75.0,55.0,1.29,52.5,0.98,2.36,161.73,156.23,2.6,0.1,0.55,0.95,2.4,FTF_COILING,UNRESOLVED,3,0.41,-0.58,0.07,7.09,17.83,18.3
ASHOKLEY,2025-12-09,156.9,75.0,80.0,1.45,57.5,0.84,1.17,161.73,156.23,3.0,0.85,0.58,0.62,0.2,FTF_COILING,UNRESOLVED,3,-0.98,0.47,5.12,11.52,16.63,13.58
ASHOKLEY,2025-12-12,161.11,75.0,85.0,1.44,60.0,1.03,0.73,161.73,156.23,0.4,0.78,0.71,0.59,-0.6,FTF_COILING,CONFIRMED_BREAKOUT,1,1.81,2.37,5.92,6.75,14.13,12.1
ASHOKLEY,2025-12-24,172.37,75.0,55.0,2.05,62.5,0.95,0.88,175.31,167.84,1.7,0.16,0.44,1.0,2.7,RESISTANCE_PROBE,CONFIRMED_BREAKOUT,3,-0.36,-0.22,5.46,5.25,8.54,6.52
ASHOKLEY,2025-12-30,175.63,75.0,100.0,2.32,62.5,0.9,0.58,176.95,170.36,0.7,0.78,3.56,1.0,3.1,RESISTANCE_PROBE,CONFIRMED_BREAKOUT,2,0.31,3.5,4.21,3.96,9.35,5.65
ASHOKLEY,2026-01-02,185.61,75.0,80.0,2.48,65.0,1.24,1.24,186.81,171.09,0.6,0.8,1.57,1.0,8.5,RESISTANCE_PROBE,UNRESOLVED,3,-0.54,-1.39,-0.54,-2.4,2.98,4.45
ASHOKLEY,2026-01-09,184.61,75.0,90.0,2.38,57.5,1.01,0.77,188.58,180.92,2.1,0.56,1.51,1.0,2.0,RESISTANCE_PROBE,UNRESOLVED,3,-0.4,-1.1,-1.87,2.78,9.61,10.12
ASHOKLEY,2026-01-14,183.76,75.0,85.0,2.21,57.5,1.05,0.72,187.56,180.82,2.0,0.77,0.47,0.6,1.0,FTF_COILING,UNRESOLVED,3,0.0,-1.41,-3.02,3.84,12.91,12.26
ASHOKLEY,2026-01-19,184.83,75.0,85.0,1.95,59.0,0.8,0.6,187.56,180.82,1.5,0.92,0.69,0.67,0.2,FTF_COILING,UNRESOLVED,3,-3.82,-3.59,2.67,6.33,10.48,9.14
ASHOKLEY,2026-01-22,187.09,75.0,80.0,1.91,59.0,1.46,0.81,187.56,173.86,0.3,0.83,1.23,0.8,-1.7,RESISTANCE_PROBE,CONFIRMED_BREAKOUT,1,1.42,1.43,3.37,6.08,9.76,8.22
ASHOKLEY,2026-01-28,192.05,75.0,80.0,2.4,61.5,1.42,1.25,195.87,186.81,1.9,0.81,1.21,1.25,1.6,FTF_COILING,UNRESOLVED,3,-0.65,0.7,2.86,5.64,8.33,8.85
ASHOKLEY,2026-02-02,191.14,75.0,60.0,2.33,61.5,1.22,1.1,195.87,186.81,2.4,0.94,0.97,1.0,1.6,FTF_COILING,CONFIRMED_BREAKOUT,1,2.81,3.35,5.86,5.9,7.52,4.57
ASHOKLEY,2026-02-05,198.12,75.0,60.0,2.54,64.1,1.15,0.86,201.75,195.71,1.8,0.52,0.91,0.91,1.2,FTF_COILING,CONFIRMED_BREAKOUT,3,0.17,2.13,4.72,0.99,-3.39,-7.18
ASHOKLEY,2026-02-10,206.21,75.0,80.0,2.48,66.7,0.81,0.9,201.75,195.92,-2.2,0.79,0.79,0.71,1.2,RESISTANCE_PROBE,CONFIRMED_BREAKOUT,1,-1.61,0.62,-0.98,0.21,-11.95,-10.51
ASHOKLEY,2026-02-13,201.2,75.0,65.0,2.24,64.1,1.15,1.44,211.81,199.16,5.0,0.09,1.3,1.9,4.2,RESISTANCE_PROBE,UNRESOLVED,3,0.6,1.49,2.06,3.16,-15.57,-17.07
ASHOKLEY,2026-02-18,204.85,75.0,70.0,2.35,64.1,0.82,1.62,209.3,200.38,2.1,0.49,0.38,0.47,1.0,FTF_COILING,UNRESOLVED,3,-2.33,0.24,1.57,-2.54,-19.09,-20.02
ASHOKLEY,2026-02-23,207.22,75.0,75.0,2.35,66.7,0.76,0.6,209.3,200.38,1.0,0.65,0.5,0.53,-0.2,FTF_COILING,UNRESOLVED,3,-0.28,0.4,-0.83,-8.16,-20.7,-21.14
ASHOKLEY,2026-02-26,208.37,75.0,75.0,2.25,64.1,0.67,0.72,209.3,200.38,0.4,0.62,0.48,0.59,-0.2,FTF_COILING,UNRESOLVED,3,-0.39,-1.37,-8.14,-19.47,-27.27,-23.11
ASHOKLEY,2026-06-16,158.5,50.0,0.0,0.99,39.5,1.27,1.38,160.8,157.25,1.4,0.34,0.95,0.95,0.8,FTF_COILING,UNRESOLVED,3,0.68,-0.03,-4.44,-0.5,-2.09,-0.94
ASHOKLEY,2026-06-19,156.66,25.0,20.0,0.82,39.5,0.76,1.53,160.8,157.25,2.6,0.43,0.5,0.68,0.8,FTF_COILING,FAILED_BREAKOUT,2,0.34,-3.32,2.57,4.91,-0.91,2.49
ASHOKLEY,2026-06-25,160.68,50.0,70.0,0.94,47.4,0.92,0.68,160.8,150.3,0.1,0.73,1.8,0.64,-3.7,RESISTANCE_PROBE,UNRESOLVED,3,0.0,-2.07,2.52,-3.42,-6.24,-4.47
ASHOKLEY,2026-06-30,157.7,50.0,35.0,0.83,50.0,0.89,1.24,160.64,156.6,1.8,0.47,0.73,0.73,0.7,FTF_COILING,CONFIRMED_BREAKOUT,1,2.93,4.46,4.1,-1.59,-0.13,-2.97
ASHOKLEY,2026-07-03,164.35,50.0,35.0,0.98,50.0,0.98,1.15,165.75,157.89,0.8,0.17,0.71,0.93,4.3,FTF_COILING,UNRESOLVED,3,1.08,-0.12,-4.17,-5.55,1.11,6.38
ASHOKLEY,2026-07-08,156.22,50.0,45.0,1.04,52.6,0.97,0.85,165.75,162.65,5.7,0.14,0.91,0.61,4.0,RESISTANCE_PROBE,FAILED_BREAKOUT,1,-0.66,0.81,0.19,-2.39,13.3,14.05
ASHOKLEY,2026-08-14,171.64,75.0,35.0,1.76,57.9,1.24,0.72,182.7,172.0,6.1,0.19,2.06,2.06,-2.6,RESISTANCE_PROBE,UNRESOLVED,3,3.18,2.74,0.79,2.41,-4.6,-5.4
ASHOKLEY,2026-08-19,173.1,75.0,35.0,1.85,55.3,1.24,1.16,179.5,169.75,3.6,0.0,0.49,1.28,3.9,RESISTANCE_PROBE,UNRESOLVED,3,0.4,-0.06,3.44,-3.0,-9.59,-9.69
ASHOKLEY,2026-08-24,173.29,50.0,85.0,1.46,56.4,0.56,0.74,179.5,169.75,3.5,0.82,0.45,0.72,1.9,FTF_COILING,UNRESOLVED,3,0.81,3.32,1.36,-1.9,-6.66,-8.82
ASHOKLEY,2026-08-27,177.4,50.0,60.0,1.52,53.8,0.7,0.48,179.5,169.75,1.2,0.12,0.71,0.67,1.9,FTF_COILING,UNRESOLVED,3,-0.92,-0.99,-4.54,-6.36,-11.33,-7.76
ASHOKLEY,2026-09-01,170.53,50.0,60.0,1.34,51.3,1.1,0.7,179.5,173.82,5.0,0.25,1.02,0.69,1.9,RESISTANCE_PROBE,FAILED_BREAKOUT,1,-1.54,-0.69,-0.9,-8.14,-10.02,-8.61
ASIANPAINT,2025-03-24,2277.92,50.0,60.0,0.9,48.7,0.84,0.7,2270.07,2234.13,-0.3,0.72,1.03,1.03,2.0,FTF_COILING,CONFIRMED_BREAKOUT,1,0.36,0.03,-0.28,3.09,4.7,4.33
ASIANPAINT,2025-03-27,2293.22,50.0,90.0,1.1,53.8,0.92,1.22,2299.5,2263.7,0.3,0.8,1.24,1.64,0.7,FTF_COILING,UNRESOLVED,3,0.11,-0.95,0.77,3.32,3.75,5.16
ASIANPAINT,2025-04-02,2262.37,50.0,30.0,1.08,48.7,1.05,1.2,2299.5,2263.7,1.6,0.4,0.67,1.19,0.3,FTF_COILING,UNRESOLVED,3,1.85,2.14,4.53,6.0,4.83,3.27
ASIANPAINT,2025-04-07,2296.41,50.0,70.0,1.03,51.3,1.62,0.77,2299.5,2263.7,0.1,0.92,1.64,1.01,-0.1,FTF_COILING,CONFIRMED_BREAKOUT,1,2.26,2.98,5.06,5.26,-1.78,-3.95
ASIANPAINT,2025-04-11,2347.65,50.0,35.0,1.22,53.8,1.58,1.03,2373.55,2310.78,1.1,0.2,0.85,1.06,2.3,FTF_COILING,CONFIRMED_BREAKOUT,2,0.92,2.77,1.6,2.4,-4.65,-7.22
ASIANPAINT,2025-04-17,2420.53,50.0,80.0,1.2,59.0,0.96,1.0,2373.55,2334.56,-2.0,0.81,0.75,0.97,1.6,RESISTANCE_PROBE,CONFIRMED_BREAKOUT,1,-0.93,-1.45,-1.47,-1.26,-5.53,-4.65
ASIANPAINT,2025-04-23,2406.01,50.0,75.0,1.18,59.0,0.79,0.74,2373.55,2367.17,-1.4,0.89,0.63,0.79,1.6,RESISTANCE_PROBE,CONFIRMED_BREAKOUT,1,0.46,-0.88,-1.12,-6.14,-6.27,-6.7
ASIANPAINT,2025-05-02,2363.74,50.0,55.0,1.21,56.4,0.89,0.97,2414.94,2355.4,2.1,0.26,0.74,0.74,0.4,FTF_COILING,FAILED_BREAKOUT,3,1.12,0.33,-4.58,-2.34,-6.26,-3.21
ASIANPAINT,2025-07-10,2426.33,50.0,45.0,1.22,57.5,1.07,1.02,2509.28,2467.61,3.3,0.09,0.76,0.76,-1.7,FTF_COILING,FAILED_BREAKOUT,1,-0.49,-2.02,-2.13,-4.04,2.26,2.76
ASIANPAINT,2025-10-29,2512.94,75.0,65.0,1.07,52.5,0.86,0.56,2502.94,2466.72,-0.4,0.68,0.78,0.78,1.9,FTF_COILING,UNRESOLVED,3,-0.6,-1.1,2.53,13.42,13.59,14.78
ASIANPAINT,2025-11-03,2486.71,75.0,75.0,1.11,50.0,0.75,0.72,2502.94,2466.72,0.6,0.85,0.55,0.83,0.8,FTF_COILING,CONFIRMED_BREAKOUT,2,-1.02,3.61,5.77,15.86,17.79,13.68
ASIANPAINT,2025-11-07,2587.28,75.0,70.0,2.0,50.0,1.16,1.24,2604.31,2534.12,0.7,0.85,0.8,0.8,2.1,FTF_COILING,CONFIRMED_BREAKOUT,1,1.4,1.66,11.19,10.23,13.75,12.18
ASIANPAINT,2025-11-25,2851.06,75.0,55.0,2.43,55.0,0.7,1.68,2871.59,2839.86,0.7,0.17,0.54,0.54,0.4,FTF_COILING,UNRESOLVED,3,-0.06,0.11,2.73,-2.77,-2.36,-2.32
ASIANPAINT,2025-11-28,2849.68,75.0,70.0,2.48,55.0,0.66,1.42,2871.59,2839.86,0.8,0.55,0.42,0.51,0.3,FTF_COILING,CONFIRMED_BREAKOUT,2,-0.24,2.78,3.27,-3.81,-3.44,-6.06
ASIANPAINT,2025-12-03,2928.1,75.0,70.0,2.18,55.0,0.83,0.81,2871.59,2823.5,-2.0,0.57,0.66,0.56,0.1,RESISTANCE_PROBE,CONFIRMED_BREAKOUT,1,0.13,0.51,-5.04,-5.68,-6.82,-6.94
ASIANPAINT,2026-01-13,2861.47,75.0,35.0,2.15,50.0,1.24,0.78,2832.13,2746.27,-1.0,0.35,0.91,1.52,4.0,RESISTANCE_PROBE,UNRESOLVED,3,-2.51,-2.51,-7.3,-12.98,-17.11,-13.22
ASIANPAINT,2026-01-16,2733.19,50.0,30.0,1.79,48.7,1.15,0.8,2832.13,2762.23,3.5,0.08,0.99,0.82,1.0,FTF_COILING,FAILED_BREAKOUT,2,-0.11,-2.95,-1.93,-12.87,-13.05,-10.41
ASIANPAINT,2026-04-09,2250.08,25.0,45.0,0.62,47.5,1.12,1.37,2316.8,2225.89,2.9,0.47,1.47,1.47,1.1,FTF_COILING,CONFIRMED_BREAKOUT,1,4.01,3.65,8.57,9.5,14.55,10.13
ASIANPAINT,2026-04-15,2402.26,75.0,40.0,0.91,50.0,1.34,1.67,2316.8,2232.63,-3.7,0.94,0.8,1.57,1.1,RESISTANCE_PROBE,CONFIRMED_BREAKOUT,1,0.71,1.69,5.77,1.0,8.03,7.27
ASIANPAINT,2026-05-25,2634.94,75.0,55.0,1.96,59.0,0.91,0.78,2641.78,2577.83,0.3,0.15,0.8,0.8,2.2,FTF_COILING,UNRESOLVED,3,-0.41,0.53,-0.96,0.05,0.61,0.08
ASIANPAINT,2026-05-28,2648.92,50.0,80.0,2.14,60.5,0.67,0.8,2641.78,2577.83,-0.3,0.5,0.0,0.7,1.8,FTF_COILING,CONFIRMED_BREAKOUT,1,-0.01,-1.48,-0.39,0.71,-0.14,-0.13
ASIANPAINT,2026-06-05,2663.59,50.0,80.0,1.52,57.9,1.16,1.66,2754.9,2604.11,3.3,0.62,1.2,0.93,1.3,FTF_COILING,UNRESOLVED,3,-1.02,0.8,2.26,1.72,2.79,1.71
ASIANPAINT,2026-06-10,2691.75,50.0,65.0,1.67,57.9,0.88,1.06,2754.9,2604.11,2.3,0.34,1.09,0.99,1.2,FTF_COILING,CONFIRMED_BREAKOUT,3,-0.89,1.19,0.84,-0.9,-0.96,-1.84
ASIANPAINT,2026-06-15,2715.74,50.0,35.0,1.48,52.6,1.05,0.88,2754.9,2604.11,1.4,0.09,2.01,0.95,1.2,FTF_COILING,UNRESOLVED,3,0.32,-0.05,-2.38,-2.17,-2.34,-2.9
ASIANPAINT,2026-06-18,2731.3,75.0,80.0,1.44,52.6,0.96,0.98,2808.33,2706.52,2.7,0.73,0.44,0.55,0.3,FTF_COILING,FAILED_BREAKOUT,2,-0.8,-2.94,-3.15,0.48,-2.07,0.89
ASIANPAINT,2026-07-01,2716.4,75.0,80.0,1.2,55.3,0.99,1.6,2808.33,2706.52,3.3,0.93,0.78,0.99,-2.6,FTF_COILING,UNRESOLVED,3,1.03,0.79,-1.86,-1.71,1.55,0.13
ASIANPAINT,2026-07-06,2754.9,75.0,80.0,1.28,55.3,1.04,1.58,2808.33,2624.0,1.9,0.91,0.39,0.94,-2.6,RESISTANCE_PROBE,UNRESOLVED,3,-0.85,-3.23,-3.73,-2.3,2.0,5.09
ASIANPAINT,2026-08-03,2810.0,75.0,50.0,1.19,61.5,1.38,1.45,2864.0,2718.5,1.9,1.0,0.99,1.62,1.0,FTF_COILING,UNRESOLVED,3,-1.25,-1.78,-2.14,-4.36,-5.57,-3.68
ASTRAL,2025-04-16,1308.2,25.0,55.0,1.06,46.2,1.19,0.92,1352.21,1240.29,3.3,0.77,1.05,0.91,-5.7,RESISTANCE_PROBE,CONFIRMED_BREAKOUT,3,-0.53,1.74,5.9,0.27,3.49,-0.65
ASTRAL,2025-04-22,1362.77,50.0,55.0,1.07,48.7,1.13,1.01,1352.21,1270.26,-0.8,0.51,1.64,0.96,-5.7,RESISTANCE_PROBE,CONFIRMED_BREAKOUT,1,2.85,1.66,-0.3,-5.93,0.66,-2.12
ASTRAL,2025-04-25,1337.87,50.0,30.0,1.02,46.2,1.12,1.47,1391.74,1332.3,3.9,0.23,1.0,1.33,4.0,RESISTANCE_PROBE,UNRESOLVED,3,2.02,1.56,-0.21,-0.99,12.29,12.16
ASTRAL,2025-04-30,1339.37,50.0,30.0,1.05,46.2,0.95,1.04,1391.74,1321.05,3.8,0.26,0.91,0.91,0.4,RESISTANCE_PROBE,FAILED_BREAKOUT,3,-2.07,-0.32,-4.65,-0.08,11.65,15.55
ASTRAL,2025-06-02,1503.17,50.0,80.0,1.6,50.0,0.68,1.82,1512.33,1483.85,0.6,0.86,0.44,0.44,1.3,FTF_COILING,UNRESOLVED,3,-0.92,0.85,1.68,2.84,-0.19,-0.23
ASTRAL,2025-06-05,1503.76,50.0,40.0,1.38,47.5,0.71,1.2,1512.33,1483.85,0.6,0.09,0.42,0.56,0.4,FTF_COILING,CONFIRMED_BREAKOUT,2,1.07,1.64,-0.73,0.62,-1.13,-2.72
ASTRAL,2025-06-10,1514.22,50.0,55.0,1.46,52.5,0.81,0.81,1512.33,1483.85,-0.1,0.08,0.36,0.53,0.4,FTF_COILING,UNRESOLVED,3,0.32,-1.41,2.85,-1.3,-2.28,-2.76
ASTRAL,2025-06-13,1521.59,50.0,85.0,1.48,52.5,0.88,0.61,1512.33,1483.85,-0.6,0.97,0.5,0.46,0.4,FTF_COILING,CONFIRMED_BREAKOUT,1,1.6,2.35,1.99,-1.81,-3.47,-4.99
ASTRAL,2026-02-09,1488.36,50.0,80.0,1.12,51.3,0.89,1.18,1520.51,1457.91,2.1,0.8,1.1,1.1,2.1,FTF_COILING,CONFIRMED_BREAKOUT,1,2.78,6.8,10.0,9.69,11.4,8.39
ASTRAL,2026-02-13,1593.99,75.0,90.0,1.38,51.3,1.02,2.03,1612.96,1575.52,1.2,0.82,1.01,1.01,1.2,FTF_COILING,CONFIRMED_BREAKOUT,1,2.71,3.08,2.51,4.47,1.45,-1.23
ASTRAL,2026-02-18,1634.03,75.0,80.0,1.6,53.8,0.9,2.03,1612.96,1557.05,-1.3,0.71,0.56,1.25,1.2,RESISTANCE_PROBE,CONFIRMED_BREAKOUT,1,-0.95,0.0,2.85,1.62,0.23,1.2
ASTRAL,2026-02-23,1632.53,75.0,55.0,1.5,53.8,0.77,1.28,1612.96,1608.57,-1.2,0.26,0.77,1.04,1.2,RESISTANCE_PROBE,CONFIRMED_BREAKOUT,1,1.77,2.94,2.12,1.57,-2.49,-4.18
ASTRAL,2026-03-09,1603.38,75.0,35.0,1.68,56.4,1.4,1.27,1702.52,1619.65,5.8,0.13,0.73,0.73,-3.5,RESISTANCE_PROBE,CONFIRMED_BREAKOUT,2,3.41,8.74,0.86,-3.09,-2.63,-10.46
ASTRAL,2026-06-01,1530.69,50.0,35.0,0.61,50.0,0.83,1.22,1612.26,1565.74,5.1,0.1,0.44,0.44,-2.2,RESISTANCE_PROBE,FAILED_BREAKOUT,1,-0.42,0.25,-1.43,0.76,-10.77,-10.39
ASTRAL,2026-06-16,1561.54,75.0,35.0,0.8,52.6,1.02,0.63,1612.26,1483.17,3.1,0.68,0.69,0.69,-5.0,RESISTANCE_PROBE,UNRESOLVED,3,0.08,0.11,-2.6,-14.6,-13.14,-11.91
AUROPHARMA,2025-04-23,1242.14,75.0,35.0,0.78,46.2,0.79,0.68,1262.56,1127.17,1.6,0.91,0.75,1.23,-9.8,RESISTANCE_PROBE,UNRESOLVED,3,0.88,-2.14,-1.42,-7.15,-4.7,-4.73
AUROPHARMA,2025-04-28,1242.54,75.0,65.0,0.85,51.3,0.88,0.74,1262.56,1178.38,1.6,0.71,0.62,1.09,-9.8,RESISTANCE_PROBE,UNRESOLVED,3,-3.01,-1.45,-2.97,-1.88,-4.49,-1.33
AUROPHARMA,2025-12-22,1224.5,75.0,60.0,1.61,52.5,1.0,0.7,1240.7,1211.1,1.3,0.19,0.68,0.68,1.1,FTF_COILING,UNRESOLVED,3,-0.53,-1.07,-3.12,0.56,-8.4,-7.01
AUROPHARMA,2025-12-26,1206.2,75.0,45.0,1.56,45.0,0.95,0.73,1240.7,1211.1,2.8,0.14,0.49,0.67,0.0,FTF_COILING,FAILED_BREAKOUT,2,-0.51,-1.65,0.76,-0.62,-6.34,-4.77
AUROPHARMA,2026-01-02,1215.4,75.0,65.0,1.71,45.0,1.0,0.79,1240.7,1170.2,2.0,0.92,0.75,0.99,-2.3,RESISTANCE_PROBE,CONFIRMED_BREAKOUT,3,-0.66,1.31,-1.37,-3.93,0.88,-0.75
AUROPHARMA,2026-01-07,1235.4,75.0,35.0,1.81,45.0,1.22,0.82,1240.7,1192.0,0.4,0.22,2.84,1.1,-2.3,RESISTANCE_PROBE,UNRESOLVED,3,-2.37,-2.97,-4.48,-7.29,-3.59,1.54
AUROPHARMA,2026-02-03,1226.1,75.0,40.0,1.26,37.5,1.42,2.25,1273.82,1127.2,3.7,0.41,2.14,1.0,8.8,RESISTANCE_PROBE,UNRESOLVED,3,-1.09,-3.63,-8.32,-3.21,-2.5,0.37
AUROPHARMA,2026-02-09,1203.7,75.0,35.0,1.16,40.0,1.36,1.44,1247.3,1166.0,3.5,0.84,0.87,0.85,-2.4,RESISTANCE_PROBE,FAILED_BREAKOUT,1,-6.61,-4.74,-1.59,-4.41,6.83,14.39
AUROPHARMA,2026-02-26,1220.7,75.0,55.0,1.35,50.0,0.74,1.27,1273.82,1143.3,4.2,0.19,0.92,1.0,6.8,RESISTANCE_PROBE,UNRESOLVED,3,-0.02,-0.84,0.92,6.21,6.86,9.12
AUROPHARMA,2026-03-06,1231.9,75.0,55.0,1.22,47.5,0.78,0.89,1273.82,1179.8,3.3,0.57,0.38,1.0,4.4,RESISTANCE_PROBE,CONFIRMED_BREAKOUT,3,1.25,4.38,5.24,4.83,8.43,2.37
AUROPHARMA,2026-03-11,1304.8,75.0,80.0,1.5,52.5,1.08,0.85,1318.5,1182.1,1.0,0.52,1.31,1.0,10.4,RESISTANCE_PROBE,UNRESOLVED,3,0.54,-0.64,-2.74,0.23,2.68,4.7
AUROPHARMA,2026-03-16,1279.6,75.0,55.0,1.5,52.5,0.94,1.26,1318.5,1290.0,3.0,0.29,0.77,1.01,0.5,FTF_COILING,FAILED_BREAKOUT,3,0.5,-0.83,-0.07,4.88,8.32,11.1
AUROPHARMA,2026-03-20,1291.4,75.0,85.0,1.35,57.5,0.96,0.73,1318.5,1240.0,2.1,0.84,0.92,0.77,-3.3,RESISTANCE_PROBE,UNRESOLVED,3,-0.98,-0.76,1.01,3.43,11.15,9.76
AUROPHARMA,2026-03-25,1307.8,75.0,70.0,1.48,60.0,1.11,0.86,1318.5,1255.4,0.8,0.54,1.15,0.86,-3.3,RESISTANCE_PROBE,CONFIRMED_BREAKOUT,3,0.49,-0.26,2.49,2.45,8.78,6.0
AUROPHARMA,2026-04-02,1333.7,75.0,80.0,1.5,57.5,1.17,1.15,1359.9,1325.9,1.9,0.93,1.11,1.11,0.6,FTF_COILING,UNRESOLVED,3,0.5,-0.28,1.18,2.56,3.17,3.02
AUROPHARMA,2026-04-08,1335.7,75.0,55.0,1.61,60.0,1.25,1.03,1359.9,1325.9,1.8,0.41,1.75,0.97,0.3,FTF_COILING,UNRESOLVED,3,0.35,1.03,3.8,7.46,10.71,10.37
AUROPHARMA,2026-04-13,1339.8,75.0,55.0,1.63,60.0,0.81,0.83,1363.0,1316.8,1.7,0.34,0.82,0.52,1.8,FTF_COILING,CONFIRMED_BREAKOUT,2,2.55,3.49,3.87,6.18,11.08,7.34
AUROPHARMA,2026-04-17,1386.0,75.0,70.0,1.47,60.0,0.67,0.77,1363.0,1333.0,-1.7,0.55,0.95,0.86,1.7,RESISTANCE_PROBE,CONFIRMED_BREAKOUT,1,-1.31,0.41,2.01,0.25,9.08,10.53
AUROPHARMA,2026-05-05,1428.1,75.0,100.0,1.89,61.5,1.01,0.49,1459.5,1367.1,2.2,0.95,1.32,1.0,4.5,RESISTANCE_PROBE,CONFIRMED_BREAKOUT,1,3.91,3.54,4.21,5.93,0.08,-3.69
AUROPHARMA,2026-05-08,1487.3,75.0,35.0,1.95,59.0,1.33,0.81,1513.4,1367.0,1.7,0.22,0.77,1.0,8.8,RESISTANCE_PROBE,UNRESOLVED,3,-0.05,0.06,1.65,-1.6,-1.68,-2.35
AUROPHARMA,2026-05-13,1497.5,75.0,90.0,1.76,56.4,0.86,0.91,1513.4,1477.4,1.1,0.53,1.38,1.0,1.4,RESISTANCE_PROBE,UNRESOLVED,3,0.89,0.95,1.34,-4.11,-2.93,-3.13
AUROPHARMA,2026-05-18,1500.5,75.0,55.0,2.04,59.0,0.81,0.81,1509.8,1483.6,0.6,0.27,0.76,0.77,1.8,FTF_COILING,CONFIRMED_BREAKOUT,2,0.82,1.13,-3.06,-4.45,-6.14,-7.2
AUROPHARMA,2026-05-21,1546.7,75.0,85.0,2.03,64.1,0.95,0.73,1509.8,1491.6,-2.4,0.9,0.88,0.88,1.1,RESISTANCE_PROBE,FAILED_BREAKOUT,2,-5.38,-5.95,-7.16,-5.37,-6.66,-0.75
AUROPHARMA,2026-06-05,1462.3,75.0,45.0,1.51,57.9,1.09,0.94,1520.0,1415.1,3.8,0.16,0.98,0.92,-1.3,RESISTANCE_PROBE,UNRESOLVED,3,-0.72,-0.91,0.72,2.43,10.82,11.48
AUROPHARMA,2026-06-12,1472.8,75.0,75.0,1.51,57.9,0.76,0.73,1520.0,1445.8,3.1,0.56,0.55,0.86,-1.3,FTF_COILING,FAILED_BREAKOUT,1,-4.38,-5.17,1.7,5.59,6.24,11.11
AUROPHARMA,2026-06-24,1530.6,75.0,35.0,1.16,55.3,1.14,1.26,1511.0,1446.4,-1.3,0.21,0.84,1.63,3.9,RESISTANCE_PROBE,CONFIRMED_BREAKOUT,1,1.61,1.61,1.44,1.75,0.2,-1.39
AUROPHARMA,2026-06-30,1578.7,75.0,90.0,1.15,57.9,0.82,1.41,1585.3,1538.1,0.4,0.75,2.08,2.08,2.6,FTF_COILING,CONFIRMED_BREAKOUT,3,-1.65,-1.12,0.28,-1.64,-1.87,-4.4
AUROPHARMA,2026-07-29,1590.7,75.0,60.0,0.77,48.7,0.86,0.73,1636.8,1512.0,2.8,0.82,1.16,1.0,5.2,RESISTANCE_PROBE,UNRESOLVED,3,-0.91,-0.66,1.43,4.8,2.03,4.39
AUROPHARMA,2026-08-04,1585.9,75.0,75.0,0.94,51.3,1.11,0.7,1591.8,1541.6,0.4,1.0,2.43,2.43,2.9,FTF_COILING,CONFIRMED_BREAKOUT,1,1.73,0.19,4.55,3.73,6.14,4.33
AUROPHARMA,2026-08-10,1648.0,75.0,20.0,1.04,48.7,1.39,1.38,1634.4,1584.2,-0.8,0.35,1.14,2.0,4.7,FTF_COILING,CONFIRMED_BREAKOUT,2,0.61,1.15,-1.26,-2.43,0.73,-0.42
AUROPHARMA,2026-08-13,1663.4,75.0,30.0,1.03,48.7,0.91,0.94,1634.4,1635.2,-1.8,0.32,0.92,1.08,4.0,RESISTANCE_PROBE,CONFIRMED_BREAKOUT,1,-2.48,-2.18,-3.33,-1.59,0.3,2.85
AUROPHARMA,2026-08-28,1645.3,75.0,75.0,1.12,50.0,0.84,0.68,1682.4,1598.8,2.2,0.7,0.49,1.0,2.9,RESISTANCE_PROBE,CONFIRMED_BREAKOUT,1,4.36,2.31,0.47,2.1,4.05,-0.29
AUROPHARMA,2026-09-02,1648.2,75.0,25.0,1.04,52.5,1.32,0.92,1717.0,1620.1,4.0,0.16,0.88,1.0,1.7,RESISTANCE_PROBE,UNRESOLVED,3,-0.66,0.3,3.08,-0.32,1.44,0.72
BAJAJ-AUTO,2025-01-02,8732.19,25.0,60.0,0.7,52.5,1.33,1.03,8828.02,8223.9,1.1,0.94,1.39,1.25,-1.8,RESISTANCE_PROBE,UNRESOLVED,3,-1.25,-2.82,-2.68,-5.48,-3.65,-0.71
BAJAJ-AUTO,2025-02-04,8570.52,50.0,10.0,0.75,45.0,1.27,1.12,8799.99,8546.62,2.6,0.19,1.1,1.1,0.3,FTF_COILING,UNRESOLVED,3,0.18,-0.73,-1.68,-5.22,-16.73,-17.46
BAJAJ-AUTO,2025-02-07,8645.53,50.0,35.0,0.74,45.0,0.92,1.1,8799.99,8546.62,1.8,0.79,0.62,1.14,-0.5,FTF_COILING,UNRESOLVED,3,-1.21,-2.53,-5.37,-5.38,-17.87,-15.25
BAJAJ-AUTO,2025-06-03,8235.44,50.0,70.0,1.17,57.5,0.9,1.32,8525.89,8256.6,3.4,0.66,1.12,0.93,-0.8,FTF_COILING,UNRESOLVED,3,0.01,-0.06,0.74,-0.8,0.57,-0.29
BAJAJ-AUTO,2025-06-06,8306.61,50.0,60.0,1.04,62.5,0.65,1.5,8525.89,8256.6,2.6,0.67,0.85,0.91,-0.8,FTF_COILING,UNRESOLVED,3,0.05,-0.13,-2.01,-0.62,0.11,-0.83
BAJAJ-AUTO,2025-06-11,8385.48,50.0,70.0,1.32,60.0,0.63,0.96,8525.89,8256.6,1.6,0.68,0.88,0.86,-0.8,FTF_COILING,UNRESOLVED,3,-1.74,-2.93,-2.88,-1.34,-1.68,0.51
BAJAJ-AUTO,2025-06-20,8254.83,50.0,100.0,1.41,57.5,0.9,0.78,8525.89,8256.6,3.2,0.79,1.26,0.79,-1.4,FTF_COILING,UNRESOLVED,3,-1.01,0.07,0.78,0.74,-0.28,-0.5
BAJAJ-AUTO,2025-06-30,8259.76,50.0,55.0,1.35,62.5,0.83,0.78,8388.94,8297.23,1.5,0.12,0.8,0.8,-0.5,FTF_COILING,UNRESOLVED,3,0.27,-0.23,1.04,-3.44,-3.42,-3.5
BAJAJ-AUTO,2025-07-03,8266.17,50.0,55.0,1.41,65.0,0.85,0.88,8388.94,8297.23,1.5,0.28,0.5,0.84,-0.7,FTF_COILING,UNRESOLVED,3,0.6,0.97,-1.16,-0.63,-4.47,-3.98
BAJAJ-AUTO,2025-07-08,8223.76,50.0,60.0,1.5,65.0,0.86,0.55,8388.94,8297.23,2.0,0.27,0.8,0.66,-0.7,FTF_COILING,FAILED_BREAKOUT,3,0.26,-0.65,-0.34,-0.53,-1.31,2.03
BAJAJ-AUTO,2025-07-15,8195.66,50.0,85.0,1.64,62.5,1.2,0.71,8388.94,7923.98,2.3,0.94,1.16,0.78,-4.1,RESISTANCE_PROBE,UNRESOLVED,3,-0.1,0.23,-0.19,-2.21,-1.38,-1.81
BAJAJ-AUTO,2025-07-18,8231.65,25.0,70.0,1.77,60.0,1.06,0.85,8388.94,7977.73,1.9,0.71,0.95,0.82,-4.1,RESISTANCE_PROBE,UNRESOLVED,3,1.09,-0.63,-3.26,-3.63,2.89,2.28
BAJAJ-AUTO,2025-08-28,8568.91,50.0,55.0,1.38,55.0,0.95,1.42,8702.53,8526.01,1.5,0.21,0.92,0.92,0.5,FTF_COILING,CONFIRMED_BREAKOUT,2,-0.67,3.19,4.39,4.88,1.76,-1.39
BAJAJ-AUTO,2025-09-02,8905.17,50.0,70.0,1.41,55.0,1.13,1.42,8702.53,8452.54,-2.3,0.57,1.18,1.06,-0.2,RESISTANCE_PROBE,CONFIRMED_BREAKOUT,1,0.95,0.45,3.9,0.47,-3.9,-4.8
BAJAJ-AUTO,2025-09-05,8958.43,50.0,45.0,1.25,55.0,1.18,1.38,9223.69,8920.95,2.9,0.26,0.48,0.48,0.4,FTF_COILING,CONFIRMED_BREAKOUT,1,3.84,3.29,-0.94,-1.24,-3.22,-6.8
BAJAJ-AUTO,2025-09-10,9115.71,50.0,25.0,1.14,55.0,1.25,1.29,9223.69,8920.95,1.2,0.25,0.88,0.98,0.4,FTF_COILING,UNRESOLVED,3,-1.41,-2.64,-1.73,-4.38,-4.69,-2.38
BAJAJ-AUTO,2025-09-15,8899.75,50.0,60.0,1.05,52.5,0.91,1.37,9223.69,8920.95,3.5,0.48,0.61,0.94,-0.5,FTF_COILING,UNRESOLVED,3,0.53,0.65,0.33,-3.41,0.86,0.3
BAJAJ-AUTO,2025-09-18,8949.06,50.0,60.0,1.07,52.5,0.63,0.87,9223.69,8920.95,3.0,0.56,0.42,0.78,-0.5,FTF_COILING,UNRESOLVED,3,-1.14,-0.23,-2.56,-4.36,0.83,1.85
BAJAJ-AUTO,2025-09-23,8859.81,50.0,55.0,1.08,52.5,0.81,0.79,9223.69,8826.28,3.9,0.13,1.01,0.81,-0.8,RESISTANCE_PROBE,FAILED_BREAKOUT,3,-1.62,-1.58,-3.41,-2.14,0.7,3.96
BAJAJ-AUTO,2025-11-27,8897.29,75.0,35.0,1.01,47.5,1.15,0.98,9358.3,8734.58,4.9,0.1,1.51,1.0,1.9,RESISTANCE_PROBE,UNRESOLVED,3,0.57,0.81,0.69,0.34,0.47,-0.23
BAJAJ-AUTO,2025-12-02,8959.41,75.0,50.0,1.12,50.0,1.19,1.21,9126.07,8871.15,1.8,0.63,0.76,1.07,0.9,FTF_COILING,UNRESOLVED,3,-0.94,-0.01,-1.37,-0.85,2.83,2.57
BAJAJ-AUTO,2025-12-05,8982.58,75.0,70.0,1.16,50.0,0.89,1.01,9126.07,8871.15,1.6,0.75,0.68,0.91,0.1,FTF_COILING,UNRESOLVED,3,-0.91,-1.62,-1.03,-1.17,4.27,5.63
BAJAJ-AUTO,2025-12-10,8866.22,75.0,55.0,1.06,45.0,0.89,0.88,9126.07,8871.15,2.8,0.89,0.82,0.87,-0.4,FTF_COILING,UNRESOLVED,3,0.7,0.27,-1.07,1.99,8.56,9.18
BAJAJ-AUTO,2025-12-15,8815.93,50.0,40.0,0.97,42.5,0.93,0.8,9126.07,8871.15,3.4,0.35,1.42,0.84,-0.4,FTF_COILING,UNRESOLVED,3,0.76,-0.5,2.51,3.83,6.87,8.19
BAJAJ-AUTO,2025-12-30,9153.18,75.0,85.0,0.94,52.5,0.99,0.66,9358.3,8926.38,2.2,0.94,1.56,1.0,2.5,RESISTANCE_PROBE,CONFIRMED_BREAKOUT,3,0.66,2.97,4.08,2.93,1.63,-0.73
BAJAJ-AUTO,2026-01-02,9370.62,75.0,60.0,1.0,55.0,1.34,0.82,9499.31,8900.24,1.4,0.6,2.33,1.0,5.3,RESISTANCE_PROBE,CONFIRMED_BREAKOUT,2,-0.05,1.67,0.63,-0.14,-0.06,-1.7
BAJAJ-AUTO,2026-01-07,9653.64,75.0,60.0,1.04,52.5,1.5,1.2,9647.72,9410.56,-0.1,0.91,1.03,1.03,2.6,FTF_COILING,UNRESOLVED,3,-0.3,-2.32,-2.15,-6.24,-1.46,1.64
BAJAJ-AUTO,2026-01-13,9421.41,75.0,60.0,1.0,52.5,1.07,1.08,9750.77,9230.1,3.4,0.81,0.7,0.86,-2.4,RESISTANCE_PROBE,UNRESOLVED,3,0.27,0.27,-3.91,-1.26,3.3,4.01
BAJAJ-AUTO,2026-01-30,9464.31,75.0,60.0,1.01,53.8,1.06,0.85,9750.77,9121.63,2.9,0.88,0.82,0.89,-5.6,RESISTANCE_PROBE,UNRESOLVED,3,-1.05,-0.02,-0.82,1.69,3.91,3.46
BAJAJ-AUTO,2026-02-04,9505.23,75.0,30.0,0.99,53.8,1.32,1.13,9803.04,9382.95,3.0,0.56,0.62,0.62,1.3,FTF_COILING,UNRESOLVED,3,0.08,-1.25,2.39,3.54,1.72,2.24
BAJAJ-AUTO,2026-02-09,9456.91,75.0,60.0,0.98,53.8,1.05,0.91,9803.04,9382.95,3.5,0.7,0.58,0.59,0.0,FTF_COILING,UNRESOLVED,3,1.92,2.91,1.12,3.29,0.21,-2.34
BAJAJ-AUTO,2026-02-12,9703.44,75.0,65.0,1.06,56.4,0.82,0.76,9803.04,9382.95,1.0,0.25,1.23,0.77,0.0,FTF_COILING,UNRESOLVED,3,-0.81,-1.45,-1.13,2.74,-9.81,-9.68
BAJAJ-AUTO,2026-02-17,9690.13,75.0,70.0,1.02,56.4,0.76,0.82,9803.04,9382.95,1.2,0.82,0.58,0.73,0.0,FTF_COILING,UNRESOLVED,3,1.56,-0.99,0.03,-1.77,-5.65,-5.47
BAJAJ-AUTO,2026-02-20,9670.9,75.0,85.0,1.05,56.4,1.03,0.67,9803.04,9382.95,1.3,0.9,1.06,0.79,0.0,FTF_COILING,CONFIRMED_BREAKOUT,3,1.0,0.22,1.69,-4.32,-10.51,-13.08
BAJAJ-AUTO,2026-02-25,9956.87,75.0,80.0,1.18,56.4,1.14,0.9,10019.0,9525.94,0.6,0.8,1.24,1.0,4.5,RESISTANCE_PROBE,UNRESOLVED,3,0.13,-1.23,-2.9,-9.26,-11.85,-8.95
BAJAJ-AUTO,2026-03-02,9640.33,75.0,60.0,1.18,53.8,1.24,0.78,10045.62,9702.95,4.0,0.56,1.29,1.0,-0.6,RESISTANCE_PROBE,UNRESOLVED,3,-1.26,0.29,-1.7,-6.81,-10.41,-10.77
BAJAJ-AUTO,2026-04-13,9679.77,75.0,70.0,1.83,57.5,1.12,1.46,9491.42,9133.46,-2.0,0.77,0.92,1.84,4.8,RESISTANCE_PROBE,CONFIRMED_BREAKOUT,1,0.5,0.09,-0.23,-3.27,5.92,5.39
BAJAJ-AUTO,2026-04-17,9637.86,75.0,70.0,1.69,57.5,0.8,1.58,9837.55,9693.58,2.0,0.48,0.68,1.18,-0.1,FTF_COILING,FAILED_BREAKOUT,3,0.3,0.2,-2.02,2.26,6.18,8.08
BAJAJ-AUTO,2026-04-22,9468.74,75.0,55.0,1.45,55.0,0.66,1.15,9837.55,9555.52,3.7,0.08,0.76,0.87,-0.6,RESISTANCE_PROBE,UNRESOLVED,3,-0.54,-0.27,-0.61,7.47,8.96,8.29
BAJAJ-AUTO,2026-04-27,9527.91,75.0,70.0,1.38,55.0,0.66,0.92,9837.55,9345.48,3.1,0.46,0.39,0.83,-2.8,RESISTANCE_PROBE,CONFIRMED_BREAKOUT,3,-1.72,-1.23,4.86,9.66,8.58,4.97
BAJAJ-AUTO,2026-05-01,9855.3,75.0,70.0,1.61,56.4,1.08,1.17,9837.55,9225.17,-0.2,0.5,0.0,0.96,-3.4,RESISTANCE_PROBE,CONFIRMED_BREAKOUT,1,1.38,0.52,7.18,3.84,6.14,4.69
BAJAJ-AUTO,2026-05-06,10175.79,75.0,60.0,1.73,59.0,1.42,1.32,10332.09,9927.29,1.5,0.71,0.96,0.57,-0.2,FTF_COILING,CONFIRMED_BREAKOUT,1,2.77,3.8,-0.55,1.39,0.82,-1.9
BAJAJ-AUTO,2026-05-26,10445.99,75.0,100.0,2.01,56.4,1.01,0.9,10635.33,10286.24,1.8,0.75,1.23,1.0,1.6,RESISTANCE_PROBE,UNRESOLVED,3,2.03,2.03,-1.58,-2.51,-4.03,-4.16
BAJAJ-AUTO,2026-05-29,10460.0,75.0,65.0,1.92,57.9,0.86,0.84,10750.0,10303.99,2.7,0.2,1.15,1.0,1.5,RESISTANCE_PROBE,UNRESOLVED,3,-0.8,-1.71,-1.13,-3.8,-5.9,-4.05
BAJAJ-AUTO,2026-07-15,10323.0,75.0,45.0,0.9,44.7,1.09,1.33,10374.0,10145.5,0.5,0.73,1.08,1.08,1.7,FTF_COILING,CONFIRMED_BREAKOUT,3,0.08,1.16,6.54,9.83,13.34,11.19
BAJAJ-AUTO,2026-07-20,10522.5,75.0,70.0,1.05,50.0,0.81,1.66,10374.0,10200.0,-1.4,0.91,0.87,1.03,1.7,RESISTANCE_PROBE,CONFIRMED_BREAKOUT,1,-1.13,4.52,6.28,12.67,10.84,12.11
BAJAJ-AUTO,2026-08-12,11700.0,75.0,60.0,1.41,66.7,0.79,0.65,11863.0,11574.0,1.4,0.16,0.55,1.0,1.1,RESISTANCE_PROBE,UNRESOLVED,3,-0.33,0.0,-0.47,0.21,0.77,1.09
BAJAJ-AUTO,2026-08-17,11663.0,75.0,60.0,1.51,64.1,0.66,0.55,11863.0,11607.0,1.7,0.0,0.45,1.0,0.5,RESISTANCE_PROBE,UNRESOLVED,3,-0.48,-0.15,1.17,4.0,0.13,-0.98
BAJAJ-AUTO,2026-08-20,11793.0,75.0,85.0,1.7,66.7,0.78,0.53,11863.0,11534.0,0.6,1.0,0.57,1.0,2.2,RESISTANCE_PROBE,UNRESOLVED,3,-0.79,0.06,-0.62,1.08,-2.48,-3.58
BAJAJ-AUTO,2026-08-25,11927.0,75.0,85.0,1.81,67.5,0.82,0.55,11927.0,11620.0,0.0,1.0,0.65,1.0,2.6,RESISTANCE_PROBE,UNRESOLVED,3,-1.7,-1.74,3.64,-0.39,-4.73,-4.59
BAJAJ-AUTO,2026-08-28,11910.0,75.0,85.0,1.78,65.0,1.0,0.54,11974.0,11618.0,0.5,0.69,1.15,1.0,2.5,RESISTANCE_PROBE,CONFIRMED_BREAKOUT,1,1.85,3.79,0.08,-1.95,-5.28,-7.0
BAJAJ-AUTO,2026-09-02,12130.0,75.0,70.0,2.07,62.5,1.48,0.84,12470.0,11769.0,2.7,0.59,1.4,1.0,3.1,RESISTANCE_PROBE,UNRESOLVED,3,-1.73,-1.74,-2.8,-4.43,-10.35,-7.85
BAJFINANCE,2025-01-06,725.97,50.0,35.0,1.34,55.0,1.4,1.28,740.85,726.94,2.0,0.12,1.69,1.69,-0.1,FTF_COILING,UNRESOLVED,3,0.06,0.08,-2.7,1.23,8.85,9.93
BAJFINANCE,2025-01-14,724.55,50.0,80.0,1.49,65.0,0.92,0.84,750.71,722.74,3.5,0.73,0.97,0.74,-2.3,FTF_COILING,UNRESOLVED,3,-2.15,-1.03,-0.59,3.7,12.98,15.38
BAJFINANCE,2025-01-20,734.93,50.0,80.0,1.48,62.5,1.18,0.79,750.71,722.74,2.1,0.9,1.16,0.76,-2.3,FTF_COILING,UNRESOLVED,3,-2.0,-0.58,-1.94,7.53,12.8,12.75
BAJFINANCE,2025-01-23,735.24,50.0,70.0,1.68,62.5,1.06,0.87,750.71,722.74,2.1,0.59,1.04,0.82,-2.3,FTF_COILING,CONFIRMED_BREAKOUT,3,-0.06,-1.99,6.16,14.32,13.38,10.95
BAJFINANCE,2025-01-28,751.38,75.0,90.0,1.78,60.0,1.12,0.81,771.93,717.14,2.7,0.72,2.26,1.0,4.8,RESISTANCE_PROBE,CONFIRMED_BREAKOUT,2,2.01,3.88,10.77,8.94,9.84,5.74
BAJFINANCE,2025-02-01,790.25,75.0,70.0,2.02,60.0,1.53,2.08,815.0,775.42,3.0,0.66,1.27,1.42,0.4,FTF_COILING,CONFIRMED_BREAKOUT,1,5.32,5.94,5.93,4.9,7.85,2.4
BAJFINANCE,2025-02-20,829.69,75.0,70.0,1.68,55.0,0.65,0.83,855.71,811.99,3.0,0.49,0.46,1.0,2.2,RESISTANCE_PROBE,UNRESOLVED,3,-0.03,-0.53,1.56,0.06,8.22,7.08
BAJFINANCE,2025-02-25,838.52,75.0,85.0,1.75,55.0,0.57,0.56,855.71,818.68,2.0,0.8,0.69,1.0,2.4,RESISTANCE_PROBE,UNRESOLVED,3,2.55,0.49,-2.24,-0.05,6.07,4.36
BAJFINANCE,2025-03-03,852.25,75.0,80.0,2.02,55.0,0.9,0.9,863.23,823.63,1.3,0.89,0.64,1.0,3.5,RESISTANCE_PROBE,UNRESOLVED,3,-0.49,-3.81,-3.31,-0.55,0.48,3.07
BAJFINANCE,2025-03-10,824.08,75.0,50.0,1.82,50.0,1.08,0.71,863.23,812.07,4.5,0.05,0.96,1.0,1.5,RESISTANCE_PROBE,UNRESOLVED,3,-0.03,1.7,2.85,8.69,4.71,3.75
BAJFINANCE,2025-03-13,831.77,75.0,50.0,1.55,47.5,1.04,0.81,863.23,811.1,3.6,0.16,1.13,1.0,2.5,RESISTANCE_PROBE,CONFIRMED_BREAKOUT,3,1.9,1.9,5.89,6.24,7.55,3.72
BAJFINANCE,2025-03-19,862.5,75.0,65.0,1.7,51.3,1.06,0.83,877.06,828.37,1.7,0.25,1.27,1.0,4.1,RESISTANCE_PROBE,CONFIRMED_BREAKOUT,2,-0.59,2.11,1.54,-1.57,6.06,3.86
BAJFINANCE,2025-03-24,897.91,75.0,90.0,1.9,51.3,1.1,0.9,897.81,872.32,-0.0,0.87,1.26,1.26,2.9,FTF_COILING,CONFIRMED_BREAKOUT,1,-0.25,-2.46,-4.31,-2.95,0.24,0.49
BAJFINANCE,2025-03-27,889.4,75.0,65.0,1.75,48.7,1.25,1.12,914.7,886.75,2.8,0.78,1.64,0.72,-1.2,FTF_COILING,FAILED_BREAKOUT,2,-0.65,-3.39,-3.17,1.52,-4.1,-0.73
BAJFINANCE,2025-04-15,902.94,75.0,20.0,1.28,46.2,1.24,0.98,914.7,851.97,1.3,0.31,0.99,1.01,-4.6,RESISTANCE_PROBE,UNRESOLVED,3,-0.92,0.24,1.99,-5.54,0.66,-0.78
BAJFINANCE,2025-04-21,916.03,75.0,55.0,1.18,46.2,0.94,0.82,914.7,884.27,-0.1,0.76,0.6,0.97,-4.6,RESISTANCE_PROBE,CONFIRMED_BREAKOUT,3,-0.14,0.53,-1.95,-5.13,-1.96,-2.25
BAJFINANCE,2025-04-24,918.75,75.0,50.0,1.03,43.6,0.93,0.82,954.21,902.99,3.7,0.07,1.47,1.0,1.7,RESISTANCE_PROBE,UNRESOLVED,3,-2.03,-2.24,-4.65,-6.97,-0.48,1.79
BAJFINANCE,2025-06-06,931.42,75.0,70.0,0.91,53.8,1.18,0.77,954.21,881.53,2.4,0.89,2.31,1.0,5.7,RESISTANCE_PROBE,CONFIRMED_BREAKOUT,1,2.52,1.34,-0.43,-3.43,-1.26,-3.69
BAJFINANCE,2025-06-26,945.69,75.0,80.0,1.07,55.0,0.99,0.85,972.82,885.06,2.8,0.92,1.14,0.93,-4.2,RESISTANCE_PROBE,UNRESOLVED,3,-0.47,-1.58,-4.35,-0.4,0.78,2.38
BAJFINANCE,2025-07-01,930.93,75.0,50.0,0.95,52.5,0.85,1.08,953.64,930.28,2.4,0.63,0.52,0.57,0.1,FTF_COILING,FAILED_BREAKOUT,2,-1.46,-2.83,-0.96,-0.88,-5.35,-2.59
BAJFINANCE,2025-07-04,919.65,75.0,55.0,1.0,52.5,0.95,0.96,953.64,899.67,3.6,0.29,1.05,0.67,-2.8,RESISTANCE_PROBE,UNRESOLVED,3,-0.07,0.25,0.89,1.8,-5.37,-6.91
BAJFINANCE,2025-07-09,934.85,75.0,85.0,1.27,50.0,0.87,0.69,953.64,912.49,2.0,0.75,0.63,0.65,-2.8,RESISTANCE_PROBE,UNRESOLVED,3,0.75,-0.75,-2.0,2.94,-6.8,-4.59
BAJFINANCE,2025-07-15,922.73,75.0,75.0,1.13,50.0,0.85,0.58,953.64,905.73,3.2,0.83,0.5,0.66,-2.8,RESISTANCE_PROBE,UNRESOLVED,3,-0.72,-0.55,2.6,-4.51,-8.12,-9.45
BAJFINANCE,2025-07-18,936.24,75.0,95.0,1.26,50.0,0.85,0.55,953.64,910.4,1.8,0.88,1.08,0.63,-2.8,RESISTANCE_PROBE,CONFIRMED_BREAKOUT,3,0.68,1.12,-3.0,-7.05,-3.91,-6.52
BAJFINANCE,2025-07-23,962.38,75.0,100.0,1.2,52.5,0.98,0.66,972.82,914.38,1.1,0.85,1.36,1.0,5.3,RESISTANCE_PROBE,FAILED_BREAKOUT,3,-0.97,-5.63,-8.62,-9.47,-7.51,1.71
BAJFINANCE,2025-09-05,931.87,75.0,60.0,1.21,60.0,1.08,1.15,942.21,906.68,1.1,0.54,0.73,0.73,2.8,FTF_COILING,CONFIRMED_BREAKOUT,3,0.71,1.15,7.0,5.85,7.6,4.23
BAJFINANCE,2025-09-10,962.04,75.0,80.0,1.55,65.0,1.04,1.23,942.21,926.31,-2.1,0.92,0.9,0.74,2.8,RESISTANCE_PROBE,CONFIRMED_BREAKOUT,1,0.24,3.65,4.09,6.38,5.8,5.55
BAJFINANCE,2025-09-26,979.08,75.0,55.0,1.54,65.0,1.2,1.14,1024.8,992.9,4.5,0.14,1.1,1.1,-2.3,RESISTANCE_PROBE,UNRESOLVED,3,0.59,1.4,2.42,5.24,8.9,8.61
BAJFINANCE,2025-10-06,1002.74,75.0,80.0,1.54,70.0,1.05,0.93,1024.8,966.06,2.2,0.54,1.16,0.89,-2.3,RESISTANCE_PROBE,UNRESOLVED,3,0.76,1.41,2.76,7.15,4.77,3.21
BAJFINANCE,2025-10-09,1017.84,75.0,70.0,2.1,72.5,1.03,0.99,1024.8,986.04,0.7,0.65,0.56,0.89,-2.3,RESISTANCE_PROBE,UNRESOLVED,3,-0.02,1.24,4.07,6.41,5.95,6.46
BAJFINANCE,2025-10-14,1012.92,75.0,65.0,2.28,70.0,0.92,0.78,1024.8,1008.75,1.2,0.25,1.02,0.83,-2.3,RESISTANCE_PROBE,CONFIRMED_BREAKOUT,1,4.0,4.57,6.61,4.3,-1.35,-5.14
BAJFINANCE,2025-10-20,1074.4,75.0,50.0,2.54,75.0,1.22,1.09,1079.86,1012.18,0.5,0.62,0.75,1.0,6.1,RESISTANCE_PROBE,CONFIRMED_BREAKOUT,2,0.51,1.22,-0.76,-2.22,-6.98,-8.09
BAJFINANCE,2025-10-24,1083.09,75.0,55.0,2.75,77.5,0.72,0.88,1095.76,1077.28,1.2,0.21,0.87,0.87,0.5,FTF_COILING,UNRESOLVED,3,-0.49,-1.56,-4.31,-0.44,-8.79,-6.49
BAJFINANCE,2025-10-29,1056.46,75.0,55.0,1.94,70.0,0.94,1.0,1085.73,1056.56,2.7,0.09,0.76,0.76,-0.0,FTF_COILING,UNRESOLVED,3,-1.0,-1.9,-1.98,-5.41,-2.74,-0.89
BAJFINANCE,2025-11-04,1050.54,75.0,70.0,2.11,65.0,1.08,0.86,1085.73,1024.7,3.2,0.87,0.95,0.69,-1.9,RESISTANCE_PROBE,UNRESOLVED,3,-1.43,0.91,-4.14,-4.86,-3.37,-5.86
BAJFINANCE,2025-11-10,1078.37,75.0,70.0,2.11,62.5,1.18,0.77,1085.73,1027.88,0.7,0.88,0.86,0.81,-2.0,RESISTANCE_PROBE,FAILED_BREAKOUT,1,-7.35,-6.62,-5.36,-8.39,-5.4,2.11
BAJFINANCE,2026-05-04,944.39,75.0,45.0,1.09,56.4,0.84,1.0,969.04,928.19,2.5,0.43,0.84,0.0,0.3,FTF_COILING,CONFIRMED_BREAKOUT,3,0.88,3.22,-1.49,-3.06,-6.44,-8.6
BAJFINANCE,2026-05-07,966.81,75.0,45.0,1.11,59.0,0.89,1.03,969.04,928.19,0.2,0.16,0.96,0.65,0.3,FTF_COILING,FAILED_BREAKOUT,3,-1.79,-3.77,-6.23,-6.69,-10.11,-3.3
BAJFINANCE,2026-07-21,1069.2,50.0,70.0,1.26,60.5,0.94,0.95,1095.76,1021.2,2.4,0.61,0.79,1.0,4.7,RESISTANCE_PROBE,UNRESOLVED,3,-0.83,-2.75,-1.95,7.46,2.35,8.05
BAJFINANCE,2026-07-31,1141.2,75.0,80.0,1.25,64.1,1.4,0.93,1151.5,1035.1,0.9,0.85,4.11,1.0,10.3,RESISTANCE_PROBE,CONFIRMED_BREAKOUT,1,1.03,0.68,-5.54,-4.75,-5.37,-6.34
BAJFINANCE,2026-08-05,1158.8,75.0,50.0,1.3,66.7,1.51,1.57,1176.4,1140.2,1.5,0.66,0.5,0.91,0.8,FTF_COILING,FAILED_BREAKOUT,2,-1.21,-6.97,-5.57,-6.78,-8.88,-2.05
BANKBARODA,2025-06-04,238.42,75.0,60.0,1.67,65.0,1.07,1.07,241.5,234.76,1.3,0.65,0.78,0.78,1.6,FTF_COILING,UNRESOLVED,3,-1.56,0.02,-1.44,-3.91,-1.25,-2.0
BANKBARODA,2025-06-09,240.25,75.0,55.0,1.66,67.5,1.13,1.39,239.72,232.79,-0.2,0.39,1.02,2.39,2.4,FTF_COILING,UNRESOLVED,3,-0.44,-2.19,-2.98,-5.71,-2.79,0.18
BANKBARODA,2025-06-12,233.12,75.0,55.0,1.43,62.5,0.96,1.34,239.07,234.54,2.5,0.3,0.8,0.8,-0.6,FTF_COILING,UNRESOLVED,3,-0.6,-0.02,-3.74,-0.55,-0.76,0.34
BANKBARODA,2025-06-17,230.58,75.0,45.0,1.27,57.5,1.1,0.77,239.07,227.45,3.6,0.1,0.63,0.7,-1.2,RESISTANCE_PROBE,UNRESOLVED,3,-0.64,-2.68,-0.09,3.99,2.64,4.34
BANKBARODA,2025-06-25,231.57,75.0,60.0,1.3,55.0,0.92,0.66,239.07,224.05,3.1,0.36,0.43,0.68,-4.3,RESISTANCE_PROBE,CONFIRMED_BREAKOUT,3,0.12,0.95,1.67,0.87,1.68,-2.3
BANKBARODA,2025-07-01,239.78,75.0,80.0,1.21,60.0,1.02,0.91,239.07,227.74,-0.3,0.68,1.14,0.8,-4.3,RESISTANCE_PROBE,UNRESOLVED,3,-1.81,-2.11,-3.14,-1.3,-2.13,0.61
BANKBARODA,2025-07-04,233.24,75.0,55.0,1.13,55.0,1.05,1.18,240.02,234.42,2.8,0.36,1.13,0.6,0.1,FTF_COILING,UNRESOLVED,3,0.13,-0.42,-1.39,1.63,-2.35,-2.49
BANKBARODA,2025-07-09,233.58,75.0,60.0,1.13,52.5,0.73,0.83,240.02,234.42,2.7,0.64,0.63,0.79,-0.9,FTF_COILING,UNRESOLVED,3,-0.95,-1.53,3.3,0.8,0.26,0.34
BANKBARODA,2025-07-14,233.37,75.0,70.0,1.36,47.5,0.81,0.52,240.02,234.42,2.8,0.84,0.65,0.71,-1.9,FTF_COILING,CONFIRMED_BREAKOUT,2,1.41,3.39,1.03,-0.24,1.27,-2.05
BANKBARODA,2025-07-17,238.8,75.0,50.0,1.33,50.0,1.07,0.72,240.02,234.42,0.5,0.2,0.7,0.79,-1.9,FTF_COILING,UNRESOLVED,3,-0.73,-1.27,0.14,-3.51,-1.52,1.37
BANKBARODA,2025-07-22,231.98,75.0,20.0,1.08,47.5,1.07,0.77,240.02,234.42,3.4,0.12,0.81,0.75,-1.9,FTF_COILING,UNRESOLVED,3,1.5,3.08,1.16,0.49,2.25,0.59
BANKBARODA,2025-07-29,234.67,75.0,25.0,0.99,45.0,1.3,0.9,239.5,230.33,2.0,0.74,0.73,0.73,1.9,FTF_COILING,UNRESOLVED,3,-1.07,-1.81,-0.66,0.34,-3.72,-0.8
BANKBARODA,2025-08-04,233.61,50.0,60.0,1.02,40.0,0.94,0.66,239.5,230.33,2.5,0.89,0.79,0.66,-1.1,FTF_COILING,UNRESOLVED,3,-0.22,0.24,1.16,2.44,-1.14,-1.5
BANKBARODA,2025-08-07,234.47,75.0,50.0,0.92,45.0,0.86,0.52,239.5,230.33,2.1,0.91,0.84,0.67,-1.1,FTF_COILING,UNRESOLVED,3,-1.17,0.79,0.3,-0.75,-3.06,-3.47
BANKBARODA,2025-08-12,235.46,75.0,25.0,0.87,45.0,0.83,0.61,239.5,230.33,1.7,0.16,0.88,0.74,-1.1,FTF_COILING,UNRESOLVED,3,-0.52,-0.13,0.74,-4.05,-1.98,-1.85
BANKBARODA,2025-08-18,235.16,75.0,35.0,0.78,46.2,0.76,0.72,239.5,230.33,1.8,0.29,1.04,0.77,-1.1,FTF_COILING,UNRESOLVED,3,1.76,0.87,-0.7,-2.51,-0.9,-1.14
BANKBARODA,2025-09-18,241.15,75.0,80.0,1.25,53.8,1.09,1.28,249.97,229.57,3.5,0.47,2.61,1.0,5.0,RESISTANCE_PROBE,UNRESOLVED,3,1.26,0.88,1.55,6.03,6.25,4.45
BANKBARODA,2025-09-23,245.3,75.0,80.0,1.42,53.8,1.3,1.81,246.43,241.2,0.5,0.77,1.29,1.03,0.9,FTF_COILING,CONFIRMED_BREAKOUT,1,0.45,-0.16,2.1,3.42,5.4,4.93
BANKBARODA,2025-09-29,246.03,75.0,90.0,1.42,56.4,1.18,1.5,250.4,245.66,1.7,0.8,1.23,0.98,-2.0,FTF_COILING,CONFIRMED_BREAKOUT,1,1.79,2.21,3.09,3.92,8.11,6.21
BANKBARODA,2025-10-03,255.68,75.0,70.0,1.79,61.5,1.31,1.42,250.4,240.53,-2.1,0.81,1.13,1.16,-2.0,RESISTANCE_PROBE,CONFIRMED_BREAKOUT,1,1.0,-0.8,1.14,0.21,10.32,9.23
BANKBARODA,2025-10-17,256.21,75.0,55.0,2.1,62.5,0.91,0.85,263.53,255.05,2.8,0.39,0.7,1.0,0.5,RESISTANCE_PROBE,UNRESOLVED,3,2.63,2.16,3.46,10.09,9.05,8.07
BANKBARODA,2025-10-23,258.54,75.0,55.0,2.06,62.5,0.93,0.97,264.54,254.37,2.3,0.12,0.78,1.0,1.6,RESISTANCE_PROBE,CONFIRMED_BREAKOUT,2,-0.26,2.53,2.19,8.3,6.46,3.84
BANKBARODA,2025-10-28,268.27,75.0,100.0,2.25,67.5,1.04,1.01,271.13,256.02,1.1,0.87,1.21,1.0,4.8,RESISTANCE_PROBE,UNRESOLVED,3,-0.85,-1.52,4.03,2.91,4.13,3.59
BANKBARODA,2025-11-25,278.25,75.0,80.0,2.08,52.5,0.96,0.8,285.71,272.2,2.6,0.91,0.74,1.0,2.2,RESISTANCE_PROBE,UNRESOLVED,3,0.4,0.23,3.36,0.91,1.83,0.93
BANKBARODA,2025-11-28,280.72,75.0,75.0,1.93,52.5,0.83,0.68,285.71,271.91,1.7,0.51,0.77,1.0,3.2,RESISTANCE_PROBE,CONFIRMED_BREAKOUT,1,1.98,2.45,0.97,-1.85,-0.76,-2.69
BANKBARODA,2025-12-22,284.79,75.0,70.0,1.49,55.0,0.76,0.83,294.43,273.26,3.3,0.5,0.63,0.91,-4.4,RESISTANCE_PROBE,UNRESOLVED,3,-0.51,-1.17,-0.34,3.76,2.74,4.81
BANKBARODA,2025-12-31,286.63,75.0,85.0,1.42,50.0,0.89,0.64,294.43,276.56,2.6,0.58,1.04,1.0,3.6,RESISTANCE_PROBE,CONFIRMED_BREAKOUT,2,1.64,3.09,4.17,3.99,2.21,-0.85
BANKBARODA,2026-01-05,297.24,75.0,55.0,1.76,55.0,1.23,0.96,302.03,282.95,1.6,0.31,2.13,1.0,5.0,RESISTANCE_PROBE,UNRESOLVED,3,-0.59,0.46,-1.52,0.1,-6.99,-4.72
BANKBARODA,2026-01-08,290.16,75.0,45.0,1.56,57.5,1.26,1.09,302.03,292.93,3.9,0.08,1.03,1.02,0.1,RESISTANCE_PROBE,UNRESOLVED,3,0.37,0.88,2.72,1.92,-3.46,-4.19
BANKBARODA,2026-01-13,292.39,75.0,50.0,1.37,57.5,1.28,0.9,302.03,295.11,3.2,0.63,0.73,1.02,-1.7,FTF_COILING,UNRESOLVED,3,1.94,1.94,0.07,1.44,-3.53,-5.53
BANKBARODA,2026-01-16,298.59,75.0,35.0,1.69,59.0,1.01,0.79,302.03,295.11,1.1,0.3,2.11,0.9,-1.7,FTF_COILING,UNRESOLVED,3,-0.36,-2.01,-3.93,-9.94,-5.09,-2.17
BANKBARODA,2026-01-22,295.73,75.0,60.0,1.84,56.4,1.18,1.02,303.53,296.51,2.6,0.61,0.87,1.04,-2.3,FTF_COILING,FAILED_BREAKOUT,1,-3.0,-1.08,-1.93,-5.27,1.23,4.36
BANKBARODA,2026-01-28,296.61,75.0,80.0,1.74,56.4,1.19,1.02,303.53,285.37,2.3,0.94,1.14,1.03,-3.3,RESISTANCE_PROBE,FAILED_BREAKOUT,3,-1.22,-2.22,-5.01,-4.9,3.15,13.78
BANKBARODA,2026-02-17,293.75,75.0,100.0,1.38,51.3,0.85,0.78,299.56,275.3,1.9,0.87,1.82,0.91,-7.8,RESISTANCE_PROBE,UNRESOLVED,3,0.63,0.4,3.25,-1.3,-6.63,-8.38
BANKBARODA,2026-02-20,299.37,75.0,100.0,1.52,53.8,0.88,1.03,303.53,282.08,1.4,0.8,1.49,1.0,6.1,RESISTANCE_PROBE,UNRESOLVED,3,1.39,1.31,4.17,-6.8,-13.96,-15.81
BANKBARODA,2026-02-25,305.95,75.0,80.0,1.61,56.4,0.71,1.19,306.54,293.07,0.2,0.88,0.93,1.0,4.4,RESISTANCE_PROBE,CONFIRMED_BREAKOUT,1,2.72,1.93,-4.43,-8.44,-17.59,-19.77
BANKBARODA,2026-03-02,305.32,75.0,55.0,1.37,51.3,1.03,1.45,314.82,309.49,3.0,0.44,0.97,0.97,-1.3,FTF_COILING,FAILED_BREAKOUT,1,-5.04,-4.24,-6.6,-10.14,-20.82,-16.62
BANKBARODA,2026-06-01,256.07,50.0,55.0,1.15,52.6,0.77,0.89,265.42,258.78,3.5,0.13,1.08,1.08,-1.0,FTF_COILING,UNRESOLVED,3,0.55,1.7,1.24,7.8,6.53,3.81
BANKBARODA,2026-06-04,262.8,75.0,90.0,1.38,55.3,1.11,1.05,265.42,258.78,1.0,0.85,1.27,1.17,-1.0,FTF_COILING,CONFIRMED_BREAKOUT,3,0.34,-1.35,1.83,7.69,-0.97,-4.93
BANKBARODA,2026-06-10,269.3,75.0,35.0,1.6,55.3,1.31,1.67,269.4,262.8,0.0,0.12,0.89,1.67,-1.4,FTF_COILING,CONFIRMED_BREAKOUT,2,-0.63,2.02,4.66,3.94,-10.71,-12.48
BANKBARODA,2026-06-15,276.05,75.0,35.0,1.57,52.6,1.39,1.67,269.4,262.1,-2.5,0.09,0.64,1.53,-1.4,RESISTANCE_PROBE,CONFIRMED_BREAKOUT,1,-0.25,2.1,3.62,-1.18,-9.2,-8.97
BEL,2025-03-17,277.72,75.0,35.0,0.87,45.0,0.9,1.12,283.54,277.22,2.1,0.48,0.66,0.66,0.2,FTF_COILING,CONFIRMED_BREAKOUT,2,0.0,3.6,7.92,4.31,5.44,1.78
BEL,2025-03-24,299.72,75.0,65.0,1.02,48.7,0.89,0.92,298.62,290.44,-0.4,0.67,1.39,1.39,3.2,FTF_COILING,UNRESOLVED,3,-0.69,-0.85,-3.34,-6.84,-1.49,-1.01
BEL,2025-03-27,298.28,75.0,45.0,0.92,48.7,0.83,1.25,298.62,290.44,0.1,0.75,0.65,1.12,2.3,FTF_COILING,CONFIRMED_BREAKOUT,1,0.22,-2.88,-6.87,-2.31,4.47,4.24
BEL,2025-04-17,292.82,50.0,65.0,0.86,51.3,0.69,0.73,303.39,280.42,3.5,0.73,0.61,0.93,-6.2,RESISTANCE_PROBE,UNRESOLVED,3,1.63,2.78,0.83,6.83,23.24,18.93
BEL,2025-04-23,303.44,50.0,55.0,0.93,59.0,0.64,0.67,303.39,288.85,-0.0,0.48,0.98,0.84,-6.2,RESISTANCE_PROBE,UNRESOLVED,3,-0.05,-2.7,2.7,0.43,25.36,25.68
BEL,2025-04-29,314.6,50.0,90.0,1.2,56.4,1.09,0.91,316.93,291.38,0.7,0.83,2.53,1.0,8.0,RESISTANCE_PROBE,UNRESOLVED,3,-0.95,-1.88,-2.25,8.59,23.13,23.83
BEL,2025-05-05,312.81,50.0,70.0,1.22,56.4,0.99,1.35,317.92,303.39,1.6,0.57,0.5,1.0,3.1,RESISTANCE_PROBE,UNRESOLVED,3,-1.52,-1.7,2.38,15.37,22.9,26.16
BEL,2025-05-08,304.73,75.0,30.0,1.16,48.7,0.9,0.81,317.92,302.59,4.2,0.26,0.85,1.0,0.7,RESISTANCE_PROBE,CONFIRMED_BREAKOUT,2,2.83,5.1,14.08,24.83,28.11,21.9
BEL,2025-05-20,360.93,75.0,55.0,1.67,57.5,1.23,1.92,370.55,359.69,2.6,0.42,1.99,1.99,0.3,FTF_COILING,CONFIRMED_BREAKOUT,1,5.28,5.39,5.94,6.1,10.43,4.9
BEL,2025-06-11,389.8,75.0,60.0,2.2,65.0,0.77,0.71,398.68,386.13,2.2,0.3,0.55,1.0,1.0,RESISTANCE_PROBE,UNRESOLVED,3,-1.4,0.33,1.93,3.35,6.3,3.42
BEL,2025-06-16,400.66,75.0,70.0,2.76,65.0,1.26,0.77,401.31,376.51,0.2,0.94,1.1,1.0,6.4,RESISTANCE_PROBE,UNRESOLVED,3,-0.52,-0.83,4.22,4.37,0.85,2.2
BEL,2025-06-19,395.41,75.0,50.0,2.58,57.5,1.31,0.91,404.28,391.09,2.2,0.49,0.82,1.0,1.1,RESISTANCE_PROBE,CONFIRMED_BREAKOUT,1,2.43,5.61,2.9,6.95,1.42,-0.99
BEL,2025-06-24,415.2,75.0,55.0,2.75,60.0,1.24,1.49,423.13,390.35,1.9,0.3,1.21,1.0,6.4,RESISTANCE_PROBE,UNRESOLVED,3,-2.97,-2.01,3.29,0.84,-3.68,-2.75
BEL,2025-06-27,411.23,75.0,70.0,2.72,62.5,1.22,1.62,423.13,401.8,2.8,0.68,1.41,1.0,2.3,RESISTANCE_PROBE,CONFIRMED_BREAKOUT,2,1.69,4.28,3.15,-1.25,-4.66,-8.57
BEL,2025-07-02,423.58,75.0,55.0,2.6,65.0,0.98,0.94,432.56,406.27,2.1,0.43,0.74,1.0,4.3,RESISTANCE_PROBE,UNRESOLVED,3,-0.16,0.14,-2.18,-4.87,-9.47,-7.34
BEL,2025-07-07,413.81,75.0,60.0,2.58,62.5,0.96,0.68,432.56,419.27,4.3,0.08,0.72,1.0,-1.3,RESISTANCE_PROBE,FAILED_BREAKOUT,3,1.17,0.13,-2.35,-4.11,-6.61,-5.79
BEL,2025-09-15,396.22,75.0,20.0,0.56,37.5,1.28,1.29,390.31,370.96,-1.5,0.37,1.36,2.01,4.0,RESISTANCE_PROBE,CONFIRMED_BREAKOUT,1,1.12,3.45,2.0,0.38,0.99,-0.12
BEL,2025-09-18,407.61,75.0,0.0,0.66,37.5,1.23,1.61,414.32,402.74,1.6,0.25,0.84,0.84,1.2,FTF_COILING,UNRESOLVED,3,-0.24,-0.85,-1.65,0.67,0.71,2.06
BEL,2025-09-23,402.19,75.0,20.0,0.68,37.5,0.95,1.25,414.32,402.74,2.9,0.4,0.83,0.91,0.3,FTF_COILING,FAILED_BREAKOUT,1,-2.23,-0.32,-0.12,-0.2,3.51,5.87
BEL,2025-09-30,401.69,75.0,15.0,0.81,45.0,1.24,1.2,414.32,390.26,3.0,0.46,0.95,1.03,-2.4,RESISTANCE_PROBE,UNRESOLVED,3,0.63,2.15,-0.07,1.03,1.47,-0.81
BEL,2025-10-06,410.94,75.0,45.0,0.94,47.5,0.99,1.15,414.32,397.12,0.8,0.78,0.9,1.0,-2.4,RESISTANCE_PROBE,UNRESOLVED,3,-0.71,-2.32,-0.93,0.79,0.46,1.42
BEL,2025-10-09,407.06,75.0,70.0,1.07,50.0,0.87,0.95,414.32,400.85,1.8,0.91,0.57,0.94,-2.4,RESISTANCE_PROBE,UNRESOLVED,3,1.01,0.01,0.6,3.1,1.83,3.59
BEL,2025-10-20,414.17,75.0,80.0,1.34,57.5,0.96,0.91,417.65,407.36,0.8,0.79,0.8,0.8,1.7,FTF_COILING,CONFIRMED_BREAKOUT,3,0.29,0.52,-0.71,-0.32,1.61,0.27
BEL,2025-10-24,419.69,75.0,90.0,1.64,62.5,0.7,0.98,420.14,415.66,0.1,0.57,1.36,1.36,1.0,FTF_COILING,FAILED_BREAKOUT,3,-1.63,-2.01,0.96,-1.23,-4.32,-0.83
BEL,2025-10-30,407.61,75.0,80.0,1.59,57.5,0.98,1.15,421.33,404.58,3.3,0.88,0.89,0.99,-3.0,RESISTANCE_PROBE,CONFIRMED_BREAKOUT,1,3.95,3.03,1.06,4.14,0.45,-3.37
BEL,2025-11-04,412.83,75.0,35.0,1.56,57.5,1.38,1.58,428.59,402.04,3.7,0.08,0.86,0.86,-0.3,RESISTANCE_PROBE,UNRESOLVED,3,-1.53,-0.22,2.31,1.94,-2.7,-3.09
BEL,2025-11-10,414.52,75.0,60.0,1.78,55.0,1.15,1.56,428.59,414.07,3.3,0.45,0.61,0.79,-1.8,FTF_COILING,UNRESOLVED,3,2.51,1.9,1.85,-3.13,-7.3,-7.96
BEL,2025-11-13,417.45,75.0,55.0,1.6,55.0,1.03,0.97,428.59,414.07,2.6,0.13,0.57,0.92,-1.8,FTF_COILING,UNRESOLVED,3,1.68,1.13,0.76,-1.61,-7.69,-7.94
BEL,2025-11-18,418.55,75.0,55.0,1.56,52.5,0.97,1.02,428.59,414.07,2.3,0.07,0.84,0.87,-1.8,FTF_COILING,UNRESOLVED,3,0.55,0.5,-2.53,-1.87,-7.82,-6.81
BEL,2025-11-21,414.02,75.0,55.0,1.37,55.0,0.87,0.8,428.59,414.07,3.4,0.11,0.54,0.83,-1.8,FTF_COILING,FAILED_BREAKOUT,1,-3.01,-1.47,-1.1,-2.27,-5.64,-2.71
BEL,2026-01-09,416.31,75.0,65.0,1.23,51.3,1.2,1.12,420.59,411.74,1.0,0.32,1.74,1.74,1.1,FTF_COILING,UNRESOLVED,3,-0.23,-1.18,-2.01,-1.9,4.45,4.72
BEL,2026-01-14,415.27,75.0,70.0,1.17,51.3,1.19,1.26,422.18,413.53,1.6,0.67,1.27,1.04,-0.5,FTF_COILING,UNRESOLVED,3,0.0,-1.76,-3.58,6.44,6.3,7.53
BEL,2026-01-19,410.49,75.0,70.0,1.1,52.6,0.99,1.01,414.92,404.08,1.1,0.71,0.57,0.57,1.6,FTF_COILING,CONFIRMED_BREAKOUT,3,-0.84,-2.46,0.76,6.33,8.25,7.08
BEL,2026-01-22,414.97,75.0,60.0,0.99,50.0,1.21,1.19,414.92,404.08,-0.0,0.92,1.21,1.31,-0.9,FTF_COILING,CONFIRMED_BREAKOUT,3,-1.58,-0.32,7.6,2.96,5.72,-2.62
BEL,2026-01-30,446.49,75.0,80.0,1.23,55.3,1.56,2.08,453.4,435.8,1.5,0.77,1.73,1.73,2.5,FTF_COILING,UNRESOLVED,3,-2.2,-2.24,-4.31,-3.0,-0.96,1.25
BEL,2026-02-12,441.42,75.0,75.0,1.18,54.1,0.62,0.68,453.4,427.1,2.6,0.9,0.74,0.88,-2.0,RESISTANCE_PROBE,UNRESOLVED,3,-1.88,-1.33,-1.93,1.16,-0.59,-1.25
BEL,2026-02-17,444.35,75.0,85.0,1.31,56.8,0.71,0.68,453.4,426.7,2.0,0.72,0.8,0.8,-2.0,RESISTANCE_PROBE,UNRESOLVED,3,0.19,-2.57,-2.64,0.0,-0.53,0.76
BEL,2026-02-26,446.54,75.0,85.0,1.26,54.1,0.83,0.65,457.43,427.94,2.4,0.91,0.87,1.0,4.3,RESISTANCE_PROBE,UNRESOLVED,3,-0.97,1.09,4.76,-1.73,-10.4,-9.96
BEL,2026-03-04,444.35,75.0,35.0,1.14,51.4,1.1,1.03,458.27,437.54,3.0,0.14,2.34,1.0,1.6,RESISTANCE_PROBE,CONFIRMED_BREAKOUT,1,2.94,5.28,2.06,-0.53,-4.0,-6.75
BEL,2026-03-09,456.73,75.0,55.0,1.24,52.6,1.51,1.65,472.81,459.73,3.4,0.37,1.25,1.25,-0.7,FTF_COILING,UNRESOLVED,3,1.31,-0.71,-6.09,-11.34,-3.85,-3.04
BEL,2026-04-17,462.12,75.0,70.0,1.17,57.5,0.71,0.78,472.81,433.41,2.3,0.89,0.88,1.0,6.6,RESISTANCE_PROBE,UNRESOLVED,3,-1.12,-2.43,-3.95,-6.8,-8.45,-5.58
BHARTIARTL,2025-01-15,1574.31,75.0,40.0,0.96,55.0,1.11,0.81,1599.73,1545.96,1.6,0.69,0.72,0.72,1.8,FTF_COILING,UNRESOLVED,3,1.42,1.25,1.51,-0.44,5.56,3.39
BHARTIARTL,2025-01-20,1607.32,75.0,80.0,1.04,57.5,1.01,0.78,1599.73,1545.96,-0.5,0.86,1.05,0.88,1.8,FTF_COILING,UNRESOLVED,3,-0.91,-0.57,-2.35,-1.09,4.62,4.95
BHARTIARTL,2025-01-23,1602.27,75.0,60.0,1.11,57.5,0.83,0.81,1622.54,1586.9,1.2,0.67,0.63,0.83,0.7,FTF_COILING,UNRESOLVED,3,0.54,-2.04,0.29,1.49,0.56,1.66
BHARTIARTL,2025-01-28,1584.99,75.0,80.0,1.17,57.5,1.03,0.84,1613.24,1560.84,1.8,0.64,1.25,1.25,1.5,FTF_COILING,UNRESOLVED,3,-1.11,1.38,2.1,4.62,-1.05,-1.54
BHARTIARTL,2025-01-31,1592.77,75.0,70.0,1.15,57.5,1.36,0.87,1613.24,1560.84,1.3,0.8,1.8,1.12,0.4,FTF_COILING,CONFIRMED_BREAKOUT,3,-0.19,1.6,-0.4,5.43,-3.45,-5.49
BHARTIARTL,2025-02-04,1627.2,75.0,70.0,1.11,60.0,1.34,0.9,1613.24,1560.84,-0.9,0.83,1.35,1.11,0.4,FTF_COILING,CONFIRMED_BREAKOUT,1,-0.06,-2.51,2.12,0.45,-2.6,-2.54
BHARTIARTL,2025-02-10,1658.15,50.0,70.0,1.23,57.5,1.21,1.25,1672.35,1601.29,0.8,0.68,1.28,1.28,3.6,FTF_COILING,CONFIRMED_BREAKOUT,2,0.22,1.09,-1.03,-5.42,-1.78,-2.84
BHARTIARTL,2025-02-13,1679.25,50.0,55.0,1.48,65.0,0.97,1.59,1672.35,1601.29,-0.4,0.44,0.92,1.38,3.6,FTF_COILING,UNRESOLVED,3,0.14,-2.28,-4.15,-8.42,-4.4,-1.78
BHARTIARTL,2025-02-18,1634.49,75.0,75.0,1.49,65.0,0.82,1.19,1672.35,1601.29,2.3,0.33,1.27,1.13,2.5,FTF_COILING,UNRESOLVED,3,-1.42,-1.52,-1.65,-3.03,2.18,4.03
BHARTIARTL,2025-02-27,1616.37,75.0,80.0,1.33,57.5,0.85,1.15,1672.35,1601.29,3.3,0.68,1.18,1.07,-2.1,FTF_COILING,FAILED_BREAKOUT,1,-4.86,-3.31,-1.42,-1.08,5.03,10.39
BHARTIARTL,2025-03-12,1608.98,75.0,35.0,1.32,57.5,1.16,0.87,1706.33,1582.29,5.7,0.11,1.55,1.0,1.7,RESISTANCE_PROBE,UNRESOLVED,3,-0.63,-0.23,3.8,4.98,9.49,9.74
BHARTIARTL,2025-03-20,1670.09,75.0,100.0,1.31,56.4,0.77,1.05,1681.26,1600.31,0.7,0.93,1.85,0.82,-0.1,FTF_COILING,CONFIRMED_BREAKOUT,1,1.21,0.79,1.14,2.24,10.34,9.03
BHARTIARTL,2025-03-25,1694.82,75.0,80.0,1.38,56.4,0.94,1.21,1681.26,1600.31,-0.8,0.71,0.72,1.13,-0.1,FTF_COILING,CONFIRMED_BREAKOUT,1,0.47,-0.34,1.39,-0.86,5.28,4.79
BHARTIARTL,2025-04-07,1651.88,75.0,35.0,1.1,53.8,1.2,0.84,1738.16,1681.55,5.0,0.16,2.2,1.0,-1.8,RESISTANCE_PROBE,UNRESOLVED,3,2.0,1.71,8.06,9.42,9.59,5.23
BHARTIARTL,2025-04-11,1720.39,75.0,80.0,1.22,53.8,1.19,1.14,1738.16,1634.98,1.0,0.7,1.16,0.91,2.8,FTF_COILING,CONFIRMED_BREAKOUT,1,2.4,3.76,5.44,3.83,4.42,1.97
BHARTIARTL,2025-05-05,1827.53,75.0,60.0,1.14,59.0,0.81,0.78,1865.04,1780.13,2.0,0.69,0.54,1.0,2.7,RESISTANCE_PROBE,UNRESOLVED,3,1.88,1.65,0.26,-2.56,-0.64,-1.11
BHARTIARTL,2025-05-08,1836.25,75.0,55.0,1.28,56.4,0.84,0.93,1877.48,1811.08,2.2,0.29,0.82,1.0,1.4,RESISTANCE_PROBE,UNRESOLVED,3,-1.41,-0.22,-0.41,-2.32,0.21,3.2
BHARTIARTL,2025-05-13,1783.07,75.0,75.0,1.33,51.3,0.95,0.84,1877.48,1798.64,5.0,0.06,1.44,1.0,-0.9,RESISTANCE_PROBE,UNRESOLVED,3,0.75,2.56,-0.64,1.27,2.0,2.38
BHARTIARTL,2025-05-19,1780.81,75.0,35.0,0.82,53.8,1.12,3.11,1844.86,1779.15,3.5,0.47,0.55,4.02,-0.1,FTF_COILING,UNRESOLVED,3,-0.52,0.23,1.6,1.97,2.36,1.63
BHARTIARTL,2025-05-22,1793.64,75.0,35.0,0.81,55.0,0.73,3.17,1844.86,1779.15,2.8,0.74,0.59,2.4,-0.4,FTF_COILING,UNRESOLVED,3,0.02,0.87,1.76,2.59,2.49,1.8
BHARTIARTL,2025-05-27,1805.79,75.0,35.0,0.76,55.0,0.58,0.77,1844.86,1779.15,2.1,0.42,0.54,1.73,-0.4,FTF_COILING,UNRESOLVED,3,0.67,1.07,-0.14,0.72,4.87,4.17
BHARTIARTL,2025-05-30,1817.93,75.0,75.0,0.78,55.0,0.65,0.52,1844.86,1779.15,1.5,0.55,1.47,1.42,-0.4,FTF_COILING,UNRESOLVED,3,-0.11,-0.8,0.75,-0.85,9.21,8.09
BHARTIARTL,2025-06-04,1836.74,75.0,35.0,0.74,55.0,0.9,0.82,1877.48,1793.74,2.2,0.73,0.53,1.0,2.4,RESISTANCE_PROBE,UNRESOLVED,3,0.18,-0.28,-0.81,-0.51,8.42,9.02
BHARTIARTL,2025-06-09,1826.65,75.0,35.0,0.69,55.0,0.94,0.68,1877.48,1811.86,2.7,0.62,0.32,1.0,0.8,RESISTANCE_PROBE,UNRESOLVED,3,-0.43,-0.26,-0.2,3.82,9.05,10.29
BHARTIARTL,2025-06-12,1806.18,75.0,35.0,0.65,52.5,1.02,0.81,1877.48,1809.71,3.8,0.25,0.65,1.0,-0.2,RESISTANCE_PROBE,UNRESOLVED,3,-0.21,0.93,1.78,9.22,6.52,5.91
BHARTIARTL,2025-06-17,1816.56,75.0,25.0,0.64,50.0,1.23,0.82,1877.48,1777.58,3.2,0.23,1.05,1.0,2.2,RESISTANCE_PROBE,CONFIRMED_BREAKOUT,3,0.6,1.2,4.25,8.87,4.28,-0.13
BHARTIARTL,2025-06-20,1896.77,75.0,65.0,0.79,55.0,1.24,0.63,1908.82,1805.1,0.6,0.84,2.42,1.0,5.1,RESISTANCE_PROBE,UNRESOLVED,3,-0.02,-0.16,4.67,4.16,-1.02,-2.48
BHARTIARTL,2025-06-25,1925.08,75.0,35.0,0.71,52.5,1.2,0.86,1929.39,1835.36,0.2,0.86,0.61,1.0,4.9,RESISTANCE_PROBE,CONFIRMED_BREAKOUT,1,2.48,3.13,3.44,2.75,-0.28,-2.69
BHARTIARTL,2025-06-30,1968.17,75.0,30.0,0.7,52.5,1.11,0.73,1996.96,1898.05,1.4,0.4,0.85,1.0,3.7,RESISTANCE_PROBE,UNRESOLVED,3,0.49,1.18,1.21,-4.41,-5.15,-5.61
BHARTIARTL,2025-07-03,1977.67,75.0,35.0,0.73,55.0,0.89,0.78,2003.62,1958.96,1.3,0.2,0.88,1.0,1.0,RESISTANCE_PROBE,UNRESOLVED,3,-0.1,0.72,-2.71,-4.43,-4.41,-4.91
BHARTIARTL,2025-07-08,1988.15,75.0,35.0,0.71,55.0,0.85,0.55,2003.62,1963.76,0.8,0.75,0.6,1.0,1.2,RESISTANCE_PROBE,FAILED_BREAKOUT,2,-0.51,-3.23,-4.72,-5.28,-4.04,-0.84
BHARTIARTL,2025-09-26,1892.78,75.0,20.0,0.6,47.5,0.92,1.0,1925.76,1904.83,1.7,0.14,0.7,0.7,-0.6,FTF_COILING,FAILED_BREAKOUT,2,-0.75,-1.99,-0.7,2.0,9.06,11.28
BHARTIARTL,2025-10-03,1873.13,50.0,35.0,0.56,45.0,1.22,0.83,1925.76,1832.83,2.7,0.93,1.19,1.05,-3.2,RESISTANCE_PROBE,UNRESOLVED,3,0.34,1.7,2.28,6.08,9.35,6.71
BHARTIARTL,2025-10-08,1919.34,75.0,40.0,0.63,52.5,1.19,0.79,1925.76,1825.13,0.3,0.45,0.98,1.01,-3.2,RESISTANCE_PROBE,UNRESOLVED,3,-0.08,-0.19,1.29,3.31,2.97,2.37
BHARTIARTL,2025-10-13,1930.6,75.0,35.0,0.6,52.5,0.99,0.61,1925.76,1903.64,-0.3,0.63,0.73,0.94,-3.2,RESISTANCE_PROBE,CONFIRMED_BREAKOUT,3,-0.42,0.7,4.94,6.92,6.08,5.41
BHARTIARTL,2025-10-16,1942.95,75.0,25.0,0.56,47.5,0.84,0.56,1925.76,1911.94,-0.9,0.22,0.75,0.9,-3.2,RESISTANCE_PROBE,CONFIRMED_BREAKOUT,1,2.27,4.27,3.15,4.43,7.36,4.98
BHARTIARTL,2025-10-21,2018.1,75.0,20.0,1.28,45.0,1.22,0.8,2032.92,1937.61,0.7,0.25,0.05,1.0,4.2,RESISTANCE_PROBE,CONFIRMED_BREAKOUT,3,-1.74,-0.69,2.79,2.52,5.62,3.76
BHARTIARTL,2025-10-27,2054.25,75.0,80.0,1.32,50.0,1.26,1.11,2041.31,1978.7,-0.6,0.78,1.24,0.68,1.3,FTF_COILING,CONFIRMED_BREAKOUT,1,0.49,0.99,-0.29,-1.82,3.92,3.42
BHARTIARTL,2025-10-30,2040.62,75.0,45.0,1.23,50.0,1.1,1.29,2041.31,1978.7,0.0,0.26,0.88,1.12,1.3,FTF_COILING,CONFIRMED_BREAKOUT,3,-0.57,0.37,-3.15,1.66,1.71,-0.55
BHARTIARTL,2025-11-04,2087.03,75.0,65.0,1.19,52.5,1.04,1.02,2041.31,2021.76,-2.2,0.31,2.42,1.0,1.3,RESISTANCE_PROBE,CONFIRMED_BREAKOUT,1,-0.87,-5.3,-1.87,2.2,-1.29,-0.42
BHARTIARTL,2025-11-12,2048.03,75.0,40.0,0.87,55.0,1.22,3.48,2096.91,1967.44,2.3,0.76,0.86,3.57,-3.8,RESISTANCE_PROBE,UNRESOLVED,3,0.87,1.3,4.15,2.56,-0.33,-2.14
BHARTIARTL,2025-11-17,2085.95,75.0,60.0,1.06,55.0,0.75,1.27,2096.91,2029.36,0.5,0.54,0.61,2.14,-3.8,RESISTANCE_PROBE,CONFIRMED_BREAKOUT,1,1.75,2.25,1.89,-1.07,-2.01,-3.7
BHARTIARTL,2025-11-20,2131.47,75.0,45.0,1.09,57.5,0.68,1.04,2096.91,2074.79,-1.6,0.43,0.71,1.69,-3.8,RESISTANCE_PROBE,CONFIRMED_BREAKOUT,1,0.2,-0.29,-1.98,-2.53,-3.07,-3.27
BHARTIARTL,2025-11-25,2134.73,75.0,70.0,1.13,60.0,0.67,1.17,2096.91,2113.8,-1.8,0.72,0.66,1.46,-3.8,RESISTANCE_PROBE,CONFIRMED_BREAKOUT,1,-1.61,-2.13,-2.66,-3.33,-1.79,-0.18
BHARTIARTL,2025-11-28,2075.48,75.0,35.0,0.79,60.0,0.99,1.76,2147.47,2071.43,3.4,0.16,0.5,1.0,0.2,RESISTANCE_PROBE,UNRESOLVED,3,-0.57,0.11,0.34,-0.87,-0.95,-0.21
BHARTIARTL,2025-12-17,2081.8,75.0,40.0,0.86,57.5,1.0,0.48,2147.47,2025.11,3.1,0.37,0.9,1.0,2.8,RESISTANCE_PROBE,UNRESOLVED,3,-0.76,-0.49,0.74,0.11,-4.06,-5.83
BHARTIARTL,2025-12-22,2120.91,75.0,65.0,0.93,60.0,1.09,0.73,2147.47,2056.12,1.2,0.92,1.09,1.0,3.2,RESISTANCE_PROBE,UNRESOLVED,3,-1.15,-1.11,-2.23,-1.97,-7.06,-5.2
BHARTIARTL,2025-12-26,2079.23,75.0,30.0,0.91,55.0,1.13,0.73,2147.47,2075.58,3.2,0.17,0.27,1.0,0.2,RESISTANCE_PROBE,UNRESOLVED,3,-1.13,-0.27,0.04,-3.72,-5.73,-5.74
BHARTIARTL,2025-12-31,2079.43,75.0,55.0,0.89,57.5,0.9,0.45,2147.47,2045.85,3.2,0.5,0.67,1.0,1.6,RESISTANCE_PROBE,UNRESOLVED,3,0.23,0.03,-1.02,-3.95,-6.54,-6.51
BHARTIARTL,2026-01-06,2079.13,75.0,75.0,0.92,57.5,0.82,0.45,2147.47,2070.44,3.2,0.52,2.03,1.0,0.4,RESISTANCE_PROBE,FAILED_BREAKOUT,3,-1.0,-1.85,-3.72,-5.19,-3.78,-0.06
BHARTIARTL,2026-01-09,2001.91,50.0,30.0,0.82,50.0,1.08,0.63,2095.43,2029.46,4.5,0.06,0.91,1.08,-1.0,RESISTANCE_PROBE,UNRESOLVED,3,0.83,-0.01,-0.53,-2.09,0.55,0.78
BHARTIARTL,2026-04-17,1823.95,50.0,70.0,1.02,50.0,0.79,1.13,1841.72,1800.54,1.0,0.79,0.71,0.71,1.3,FTF_COILING,UNRESOLVED,3,-0.04,0.44,-1.75,2.16,3.17,4.18
BHARTIARTL,2026-04-22,1806.27,50.0,20.0,0.97,47.5,0.77,1.13,1841.72,1800.54,1.9,0.11,0.54,0.86,1.3,FTF_COILING,UNRESOLVED,3,0.67,-0.79,3.23,0.26,4.15,4.66
BHARTIARTL,2026-04-27,1797.48,50.0,45.0,1.0,50.0,0.82,0.84,1841.72,1800.54,2.4,0.42,0.43,0.74,-0.5,FTF_COILING,CONFIRMED_BREAKOUT,2,1.3,3.74,0.38,-3.31,3.01,-0.7
BHARTIARTL,2026-04-30,1863.35,75.0,70.0,0.98,52.5,1.02,0.77,1841.72,1790.07,-1.2,0.58,1.36,0.75,-0.5,RESISTANCE_PROBE,CONFIRMED_BREAKOUT,2,0.0,-3.16,-3.19,-0.17,-1.83,1.37
BHARTIARTL,2026-05-14,1860.09,75.0,70.0,1.02,56.4,1.4,0.98,1882.31,1718.87,1.2,0.94,2.35,0.99,-5.5,RESISTANCE_PROBE,CONFIRMED_BREAKOUT,2,1.16,2.9,0.1,-1.66,-5.36,-8.02
BHARTIARTL,2026-05-19,1889.72,75.0,25.0,1.03,56.4,1.37,1.44,1899.0,1857.03,0.5,0.17,0.93,1.43,3.1,FTF_COILING,UNRESOLVED,3,-0.45,-1.47,-3.48,-5.19,-3.16,-0.98
BHARTIARTL,2026-05-22,1848.14,75.0,45.0,1.09,53.8,0.84,1.03,1899.0,1857.03,2.7,0.08,0.54,0.91,0.3,FTF_COILING,UNRESOLVED,3,0.18,-1.31,-2.27,-3.91,2.11,3.16
BHARTIARTL,2026-07-10,1896.53,75.0,35.0,0.92,52.6,1.28,0.72,1941.56,1875.2,2.3,0.6,0.98,0.98,1.1,FTF_COILING,UNRESOLVED,3,-0.97,0.84,-0.6,0.09,3.34,3.45
BHARTIARTL,2026-07-15,1894.46,75.0,15.0,0.95,52.6,1.27,0.92,1941.56,1875.2,2.4,0.05,0.87,1.07,0.2,FTF_COILING,UNRESOLVED,3,0.18,-0.5,1.6,2.94,2.67,1.51
BHARTIARTL,2026-07-20,1915.99,75.0,85.0,1.1,55.3,1.03,0.73,1941.56,1875.2,1.3,0.94,1.04,0.92,0.2,FTF_COILING,UNRESOLVED,3,0.43,0.46,-0.56,2.85,2.78,3.27
BHARTIARTL,2026-07-23,1907.0,75.0,40.0,0.88,56.4,0.74,0.72,1941.56,1875.2,1.8,0.23,0.95,0.94,0.2,FTF_COILING,UNRESOLVED,3,-0.46,-0.09,2.61,2.15,1.82,2.1
BHARTIARTL,2026-07-28,1901.8,75.0,65.0,0.86,56.4,0.69,0.75,1941.56,1875.2,2.0,0.59,1.08,0.92,0.2,FTF_COILING,CONFIRMED_BREAKOUT,3,2.54,2.89,3.59,0.7,2.38,-1.27
BHARTIARTL,2026-08-07,1959.9,75.0,60.0,1.43,59.0,1.38,1.11,2031.0,1951.8,3.5,0.95,0.5,0.87,-0.2,FTF_COILING,UNRESOLVED,3,-0.86,-2.28,1.64,-0.71,-6.12,-5.4
BHARTIARTL,2026-08-14,1992.1,50.0,90.0,1.3,53.8,1.2,1.12,2031.0,1951.8,1.9,0.81,1.8,1.17,-1.9,FTF_COILING,UNRESOLVED,3,-1.14,-2.91,-2.31,-5.51,-8.08,-4.73
BHEL,2025-03-25,212.47,50.0,70.0,1.23,51.3,1.15,0.7,219.33,211.66,3.1,0.08,1.23,1.23,0.4,FTF_COILING,UNRESOLVED,3,-1.44,0.18,-0.48,-0.84,7.82,6.41
BHEL,2025-03-28,215.28,50.0,65.0,1.25,53.8,1.07,1.34,219.33,211.66,1.8,0.31,1.65,1.79,-1.1,FTF_COILING,UNRESOLVED,3,-2.19,-1.78,-4.03,4.42,3.88,2.81
BHEL,2025-04-03,217.52,50.0,80.0,1.32,56.4,1.14,1.33,220.13,213.07,1.2,0.84,1.17,1.05,-1.2,FTF_COILING,FAILED_BREAKOUT,2,-1.93,-5.02,-2.61,4.41,2.96,8.4
BHEL,2025-04-11,211.84,50.0,35.0,1.23,56.4,1.34,1.02,220.72,192.47,4.0,0.09,0.6,1.01,-2.5,RESISTANCE_PROBE,CONFIRMED_BREAKOUT,2,4.15,6.12,7.21,8.62,12.39,5.91
BHEL,2025-04-17,226.18,50.0,80.0,1.48,61.5,0.89,0.83,220.72,211.37,-2.5,0.59,1.0,0.98,-2.5,RESISTANCE_PROBE,CONFIRMED_BREAKOUT,1,-0.09,0.41,-2.21,0.58,7.21,7.3
BHEL,2025-05-14,238.09,50.0,90.0,1.67,61.5,1.2,1.12,241.91,231.76,1.6,0.78,1.54,1.54,2.7,FTF_COILING,CONFIRMED_BREAKOUT,1,2.64,4.59,3.37,11.38,7.37,4.61
BHEL,2025-05-23,253.45,50.0,90.0,2.14,65.0,0.9,1.51,258.61,242.86,2.0,0.89,1.19,0.91,-0.2,FTF_COILING,CONFIRMED_BREAKOUT,3,2.77,2.11,1.97,0.35,-1.71,-6.06
BHEL,2025-05-28,265.2,50.0,90.0,2.3,67.5,0.84,1.01,258.61,243.8,-2.5,0.71,1.04,0.96,-0.2,RESISTANCE_PROBE,CONFIRMED_BREAKOUT,1,-0.08,-2.54,-4.82,-3.6,-1.79,-1.71
BHEL,2025-06-25,260.46,75.0,60.0,1.94,57.5,1.11,0.61,262.4,252.85,0.7,0.43,1.0,1.0,3.0,FTF_COILING,CONFIRMED_BREAKOUT,2,0.99,0.86,-0.48,0.08,-4.07,-4.88
BHEL,2025-06-30,264.89,75.0,80.0,2.13,60.0,1.0,0.73,262.4,252.85,-0.9,0.33,2.9,1.07,3.0,FTF_COILING,UNRESOLVED,3,-0.62,-2.14,-3.74,-3.36,-11.1,-8.09
BHEL,2025-09-22,238.83,100.0,60.0,1.06,55.0,0.91,1.17,240.57,232.96,0.7,0.53,0.98,0.98,2.5,FTF_COILING,UNRESOLVED,3,-0.36,-1.5,-2.35,2.2,-2.09,-0.01
BHEL,2025-09-25,233.87,100.0,35.0,0.99,52.5,1.01,1.1,240.57,232.96,2.8,0.31,0.54,0.8,1.0,FTF_COILING,UNRESOLVED,3,-1.54,-0.28,4.43,2.14,0.16,-1.45
BHEL,2025-09-30,237.68,100.0,80.0,1.07,55.0,0.95,0.76,240.57,232.96,1.2,0.82,1.04,0.74,-1.2,FTF_COILING,CONFIRMED_BREAKOUT,2,0.72,2.76,0.25,-1.11,9.58,6.64
BHEL,2025-10-06,244.52,75.0,70.0,1.23,57.5,0.98,1.0,240.57,232.33,-1.6,0.6,0.77,0.85,-1.2,RESISTANCE_PROBE,CONFIRMED_BREAKOUT,1,-0.18,-2.56,-4.26,-4.71,8.94,9.14
BHEL,2025-10-09,238.27,75.0,55.0,1.2,59.0,0.96,0.93,240.57,232.96,1.0,0.4,0.56,0.82,-1.2,FTF_COILING,UNRESOLVED,3,0.25,-1.75,-1.2,-3.39,14.35,17.6
BHEL,2025-10-31,264.64,75.0,80.0,3.09,64.1,1.5,2.77,270.66,233.47,2.2,0.83,2.27,1.0,13.4,RESISTANCE_PROBE,UNRESOLVED,3,-0.2,0.66,2.96,7.54,9.61,11.9
BHEL,2025-11-06,259.21,75.0,35.0,2.83,61.5,1.38,3.16,270.66,259.82,4.2,0.07,0.56,1.0,-0.2,RESISTANCE_PROBE,CONFIRMED_BREAKOUT,2,1.46,5.11,8.25,9.69,6.04,0.88
BHEL,2025-11-11,284.88,75.0,80.0,4.07,64.1,1.41,1.15,286.82,254.48,0.7,0.88,2.87,1.0,11.9,RESISTANCE_PROBE,UNRESOLVED,3,0.44,-1.5,1.15,-1.01,-3.08,-1.63
BHEL,2025-11-14,280.69,75.0,35.0,3.55,64.1,1.33,1.95,289.96,270.83,3.2,0.38,0.82,1.0,3.6,RESISTANCE_PROBE,UNRESOLVED,3,1.38,2.66,0.32,3.28,1.26,-1.4
BHEL,2025-11-19,288.27,75.0,55.0,4.17,64.1,0.86,1.22,291.46,278.9,1.1,0.43,0.94,1.0,3.4,RESISTANCE_PROBE,UNRESOLVED,3,-1.37,-2.32,0.17,-3.68,-3.92,-0.02
BHEL,2025-11-25,281.99,75.0,80.0,3.38,64.1,0.83,1.01,291.46,274.86,3.2,0.72,0.46,1.0,2.6,RESISTANCE_PROBE,UNRESOLVED,3,2.4,2.81,0.92,-2.09,-0.35,-3.08
BHEL,2025-11-28,289.91,75.0,55.0,3.39,65.8,0.94,0.88,294.3,275.81,1.5,0.25,0.58,1.0,5.1,RESISTANCE_PROBE,UNRESOLVED,3,0.05,-1.84,-4.5,-1.96,-3.94,0.31
BHEL,2025-12-31,286.53,75.0,95.0,3.05,59.0,1.05,0.52,294.3,275.41,2.6,0.58,1.81,1.0,4.0,RESISTANCE_PROBE,CONFIRMED_BREAKOUT,2,1.39,4.19,5.6,-6.96,-9.38,-13.02
BHEL,2026-01-06,296.0,75.0,55.0,3.3,59.0,1.11,0.88,302.42,295.05,2.1,0.28,1.04,1.04,0.3,FTF_COILING,CONFIRMED_BREAKOUT,1,2.22,-8.49,-10.57,-15.76,-8.17,-10.16
BHEL,2026-04-16,308.27,75.0,70.0,1.14,62.5,1.26,1.63,311.3,275.6,1.0,0.84,1.97,1.0,11.9,RESISTANCE_PROBE,CONFIRMED_BREAKOUT,1,2.43,5.29,9.16,13.95,33.59,30.42
BHEL,2026-04-21,331.54,75.0,80.0,1.4,65.0,1.12,1.96,332.72,316.58,0.4,0.9,1.12,1.12,4.7,FTF_COILING,CONFIRMED_BREAKOUT,2,0.31,1.5,6.64,12.73,20.59,18.81
BHEL,2026-04-24,336.31,75.0,70.0,1.44,67.5,0.92,1.52,332.72,321.47,-1.1,0.59,0.85,0.95,4.7,RESISTANCE_PROBE,CONFIRMED_BREAKOUT,1,3.32,5.13,4.45,19.92,21.09,17.2
BHEL,2026-05-06,384.71,75.0,60.0,3.42,66.7,1.33,2.08,397.72,352.56,3.3,0.92,0.81,1.3,6.0,FTF_COILING,CONFIRMED_BREAKOUT,1,5.31,4.83,4.64,5.82,5.27,-0.04
BHEL,2026-05-11,400.06,75.0,60.0,2.88,64.1,1.14,2.49,397.72,352.56,-0.6,0.61,0.7,1.04,6.0,FTF_COILING,CONFIRMED_BREAKOUT,1,-2.39,0.62,-1.52,4.5,-3.75,-1.39
BHEL,2026-05-14,411.82,75.0,80.0,2.75,66.7,0.96,1.26,397.72,389.29,-3.5,0.7,0.88,0.92,6.0,RESISTANCE_PROBE,CONFIRMED_BREAKOUT,1,-3.59,-4.33,-1.21,2.23,-10.29,-6.94
BHEL,2026-05-26,416.41,75.0,75.0,2.73,64.1,0.62,0.55,419.6,404.99,0.8,0.49,0.46,1.0,2.8,RESISTANCE_PROBE,UNRESOLVED,3,1.1,1.1,-1.68,-5.07,-4.28,-4.06
BHEL,2026-05-29,415.41,75.0,60.0,2.75,65.8,0.52,0.43,423.53,413.91,1.9,0.31,0.92,1.0,0.4,RESISTANCE_PROBE,FAILED_BREAKOUT,1,-2.87,-1.44,-7.15,-9.12,-3.37,-0.52
BHEL,2026-06-19,413.02,75.0,95.0,2.24,55.3,1.05,0.52,423.53,380.52,2.5,0.53,1.94,1.0,8.5,RESISTANCE_PROBE,UNRESOLVED,3,-0.69,-3.5,-2.81,-7.42,2.17,5.08
BHEL,2026-06-29,412.42,75.0,100.0,1.62,50.0,0.81,0.47,422.34,402.55,2.3,0.88,3.61,0.67,-1.0,FTF_COILING,UNRESOLVED,3,0.08,0.05,-6.34,-1.12,0.86,3.82
BHEL,2026-07-02,400.66,75.0,40.0,1.54,47.4,0.88,1.04,418.65,392.58,4.3,0.14,0.95,0.77,0.5,RESISTANCE_PROBE,FAILED_BREAKOUT,1,-4.57,-3.59,-5.06,8.32,0.58,5.4
BHEL,2026-07-13,407.78,75.0,80.0,1.23,55.3,1.15,0.92,418.65,370.6,2.6,0.87,1.0,1.1,-8.6,RESISTANCE_PROBE,CONFIRMED_BREAKOUT,3,-1.27,2.16,2.38,2.0,0.3,-5.76
BHEL,2026-08-18,425.0,75.0,45.0,1.42,52.6,1.2,0.94,430.0,416.55,1.2,0.14,0.86,1.78,4.7,FTF_COILING,UNRESOLVED,3,-1.22,-2.71,-1.88,0.36,-2.86,-0.04
BHEL,2026-08-25,417.0,75.0,70.0,1.28,46.2,0.84,0.41,430.0,416.55,3.0,1.0,0.62,0.83,-1.2,FTF_COILING,CONFIRMED_BREAKOUT,2,-0.36,4.06,2.29,1.24,2.11,-1.88
BHEL,2026-08-28,430.85,75.0,45.0,1.22,48.7,0.96,0.59,430.0,416.55,-0.2,0.4,0.75,0.95,-1.2,FTF_COILING,CONFIRMED_BREAKOUT,1,2.74,-1.0,0.06,0.03,-2.76,-5.35
BLUESTARCO,2024-12-30,2109.82,50.0,95.0,1.74,67.5,0.98,0.48,2176.12,1947.35,3.0,0.47,2.87,1.0,8.3,RESISTANCE_PROBE,CONFIRMED_BREAKOUT,2,0.41,6.08,4.41,-13.0,-15.8,-20.62
BLUESTARCO,2025-01-03,2315.02,50.0,80.0,2.92,70.0,1.36,2.49,2364.69,2066.39,2.1,0.75,1.6,1.62,9.9,FTF_COILING,UNRESOLVED,3,-4.84,-7.88,-15.41,-17.72,-22.25,-13.68
BLUESTARCO,2025-03-06,2123.49,100.0,80.0,1.77,50.0,1.34,2.69,2195.34,1964.38,3.3,0.73,1.41,1.34,7.4,FTF_COILING,UNRESOLVED,3,-2.02,-2.87,-5.53,0.4,-8.49,-2.93
BLUESTARCO,2025-03-19,2188.75,50.0,55.0,1.42,46.2,0.98,1.07,2195.34,1964.38,0.3,0.67,0.9,0.92,1.5,FTF_COILING,CONFIRMED_BREAKOUT,1,-0.06,-2.59,-0.52,-5.28,-7.59,-7.53
BLUESTARCO,2025-03-24,2189.59,50.0,30.0,1.34,43.6,1.12,1.29,2209.65,2077.04,0.9,0.44,0.61,0.61,5.4,FTF_COILING,CONFIRMED_BREAKOUT,1,-0.56,-0.56,-5.68,-10.56,-21.34,-20.89
BLUESTARCO,2025-03-27,2171.02,75.0,40.0,1.14,42.1,0.87,1.24,2209.65,2077.04,1.7,0.4,1.15,0.4,4.8,FTF_COILING,UNRESOLVED,3,-2.54,-4.87,-8.03,-7.69,-22.16,-19.2
BLUESTARCO,2025-07-07,1809.09,50.0,30.0,0.93,50.0,1.38,1.65,1859.7,1800.08,2.7,0.63,0.65,0.65,0.5,FTF_COILING,UNRESOLVED,3,-0.91,-0.94,0.1,0.09,-4.32,-2.72
BLUESTARCO,2025-07-14,1810.88,50.0,65.0,0.97,50.0,0.75,0.61,1859.7,1800.08,2.6,0.89,0.87,0.59,-1.1,FTF_COILING,CONFIRMED_BREAKOUT,3,2.94,1.76,-0.01,-4.45,-3.18,-5.96
BLUESTARCO,2025-07-17,1864.46,50.0,50.0,1.28,55.0,1.07,0.7,1859.7,1800.08,-0.3,0.39,0.89,0.63,-1.1,FTF_COILING,FAILED_BREAKOUT,3,-1.51,-2.88,-5.83,-7.23,-4.72,1.19
BLUESTARCO,2025-08-22,1910.63,50.0,60.0,1.35,50.0,1.18,1.02,1973.92,1912.72,3.2,0.6,0.52,0.55,-1.1,FTF_COILING,FAILED_BREAKOUT,2,-0.81,-2.86,1.47,-1.86,4.0,7.07
BLUESTARCO,2025-09-01,1938.79,75.0,70.0,1.52,47.5,0.81,0.51,1973.92,1840.97,1.8,0.94,0.58,0.62,-3.0,RESISTANCE_PROBE,CONFIRMED_BREAKOUT,3,-0.41,0.63,-3.29,-3.04,-2.7,-2.49
BLUESTARCO,2025-09-04,1934.51,75.0,80.0,1.36,50.0,0.89,0.51,1973.92,1865.85,2.0,0.09,1.24,0.62,-3.0,RESISTANCE_PROBE,UNRESOLVED,3,-0.03,-3.08,-2.94,0.87,-2.3,0.65
BLUESTARCO,2025-10-27,1969.94,75.0,60.0,1.31,50.0,0.86,0.6,2022.98,1963.37,2.6,0.08,0.61,0.61,0.3,FTF_COILING,UNRESOLVED,3,-1.41,-0.73,-2.28,-10.08,-11.77,-10.96
BLUESTARCO,2025-10-30,1952.23,75.0,60.0,1.0,47.5,1.0,0.74,2022.98,1963.37,3.5,0.83,0.72,0.46,-1.1,FTF_COILING,FAILED_BREAKOUT,3,-1.24,-1.4,-10.66,-9.86,-10.01,-7.94
BLUESTARCO,2026-01-02,1807.24,50.0,65.0,0.51,55.0,1.23,0.46,1851.82,1679.76,2.4,0.83,2.35,0.8,-2.7,RESISTANCE_PROBE,UNRESOLVED,3,1.81,0.41,-0.81,-0.55,1.22,-0.24
BLUESTARCO,2026-01-07,1833.71,75.0,60.0,0.56,55.0,1.43,1.08,1851.82,1742.45,1.0,0.85,2.17,1.09,-2.7,RESISTANCE_PROBE,UNRESOLVED,3,-1.28,-2.25,-1.66,-7.0,1.05,3.83
BLUESTARCO,2026-02-04,1871.02,75.0,70.0,1.07,51.3,1.62,2.08,1910.93,1796.79,2.1,0.84,2.18,2.18,4.1,FTF_COILING,CONFIRMED_BREAKOUT,3,-0.97,0.04,4.36,7.26,3.54,0.5
BLUESTARCO,2026-02-10,1938.79,75.0,75.0,1.33,51.3,1.02,2.03,1910.93,1825.55,-1.5,0.28,1.43,1.67,3.1,RESISTANCE_PROBE,CONFIRMED_BREAKOUT,1,0.71,1.32,2.78,0.57,-0.37,-1.08
BLUESTARCO,2026-02-13,1987.45,75.0,90.0,1.62,51.3,0.82,1.83,1985.76,1920.08,-0.1,0.72,1.06,0.99,1.7,FTF_COILING,CONFIRMED_BREAKOUT,3,-1.09,0.26,-1.44,-2.8,-9.67,-10.54
BLUESTARCO,2026-02-18,2006.86,75.0,80.0,1.72,53.8,0.75,1.27,1985.76,1942.77,-1.1,0.78,0.82,0.88,1.7,RESISTANCE_PROBE,UNRESOLVED,3,-2.36,-2.39,-3.69,-3.47,-14.04,-11.64
BLUESTARCO,2026-02-23,1952.23,75.0,40.0,1.57,48.7,0.66,0.9,1985.76,1920.08,1.7,0.19,0.38,0.76,1.7,FTF_COILING,UNRESOLVED,3,-0.12,-1.0,-3.02,-3.77,-15.08,-15.22
BLUESTARCO,2026-02-26,1955.31,75.0,70.0,1.43,48.7,0.66,0.65,1985.76,1920.08,1.5,0.77,0.45,0.69,0.7,FTF_COILING,FAILED_BREAKOUT,3,-1.21,-3.18,-0.83,-6.7,-18.03,-12.63
BLUESTARCO,2026-06-23,1653.79,50.0,25.0,0.84,43.2,1.18,1.28,1709.32,1624.63,3.2,0.51,0.83,0.83,1.8,FTF_COILING,UNRESOLVED,3,-0.55,-1.49,-2.02,-3.4,2.96,4.52
BLUESTARCO,2026-07-10,1653.89,75.0,60.0,0.71,42.1,1.05,0.72,1709.32,1554.38,3.2,0.85,1.0,0.64,-3.5,RESISTANCE_PROBE,CONFIRMED_BREAKOUT,2,3.26,5.07,2.0,-1.01,-8.46,-12.87
BLUESTARCO,2026-08-05,1665.0,75.0,40.0,1.22,48.7,1.1,0.97,1737.6,1672.0,4.2,0.31,1.16,1.16,-0.7,RESISTANCE_PROBE,FAILED_BREAKOUT,1,-5.65,-9.07,-10.51,-10.32,-13.2,-8.0
BOSCHLTD,2025-03-24,27715.76,50.0,35.0,0.47,38.5,1.03,1.06,27287.58,26768.14,-1.6,0.9,0.79,0.79,3.4,RESISTANCE_PROBE,CONFIRMED_BREAKOUT,1,-2.93,-0.72,-1.39,-6.23,-1.0,1.99
BOSCHLTD,2025-03-28,27795.79,50.0,15.0,0.56,41.0,1.25,1.59,27287.58,26823.57,-1.9,0.55,0.86,1.33,0.3,RESISTANCE_PROBE,CONFIRMED_BREAKOUT,1,-1.67,-1.18,-6.24,-3.49,3.83,5.6
BOSCHLTD,2025-04-03,27458.08,50.0,35.0,0.58,41.0,0.92,1.25,27787.46,27101.99,1.2,0.83,0.62,0.69,1.4,FTF_COILING,FAILED_BREAKOUT,2,-2.59,-5.09,-5.91,0.02,8.79,14.62
BOSCHLTD,2025-04-16,26826.95,50.0,35.0,0.63,43.6,0.91,0.89,27787.46,25559.95,3.5,0.75,0.52,0.79,-5.3,RESISTANCE_PROBE,UNRESOLVED,3,0.49,1.57,3.87,7.58,15.66,12.97
BOSCHLTD,2025-04-22,27464.06,50.0,35.0,0.7,51.3,0.85,0.68,27787.46,26488.8,1.2,0.53,0.79,0.71,-5.3,RESISTANCE_PROBE,UNRESOLVED,3,1.41,1.46,4.09,8.76,12.97,13.07
BOSCHLTD,2025-04-25,27439.55,50.0,45.0,0.78,48.7,0.86,0.7,27787.46,27106.3,1.3,0.19,1.28,0.72,-5.3,RESISTANCE_PROBE,CONFIRMED_BREAKOUT,2,1.14,4.18,8.47,10.75,16.04,11.38
BOSCHLTD,2025-05-02,28860.79,50.0,35.0,0.99,53.8,1.04,1.12,29096.02,28488.32,0.8,0.18,0.51,0.51,1.3,FTF_COILING,CONFIRMED_BREAKOUT,1,3.12,1.6,1.88,7.51,6.69,3.46
BOSCHLTD,2025-05-29,30634.87,50.0,45.0,1.09,59.0,1.01,1.29,31796.36,30580.96,3.7,0.12,0.82,0.82,0.2,RESISTANCE_PROBE,UNRESOLVED,3,0.51,-0.08,0.64,0.85,3.07,2.74
BOSCHLTD,2025-06-03,30732.89,75.0,35.0,1.18,59.0,1.09,1.58,31796.36,30580.96,3.3,0.44,0.47,1.22,0.1,FTF_COILING,UNRESOLVED,3,0.19,0.32,0.61,2.74,3.06,2.28
BOSCHLTD,2025-06-06,30968.12,75.0,80.0,1.64,66.7,0.71,1.62,31796.36,30580.96,2.6,0.67,1.1,1.47,0.1,FTF_COILING,UNRESOLVED,3,0.3,-0.16,-0.03,2.2,13.72,12.65
BOSCHLTD,2025-06-11,31262.17,50.0,80.0,1.55,69.2,0.72,1.6,31796.36,30580.96,1.7,0.88,0.36,1.26,0.1,FTF_COILING,UNRESOLVED,3,-1.18,-0.97,1.55,-0.44,12.24,10.9
BOSCHLTD,2025-06-16,31639.54,50.0,75.0,1.68,66.7,1.06,0.65,31796.36,30580.96,0.5,0.9,0.83,1.05,0.1,FTF_COILING,UNRESOLVED,3,-0.2,0.34,-2.18,1.24,17.24,16.9
BOSCHLTD,2025-07-09,35089.7,75.0,50.0,2.45,61.5,1.73,3.04,35614.08,34678.03,1.5,0.64,0.94,0.94,1.2,FTF_COILING,CONFIRMED_BREAKOUT,2,1.1,2.03,7.47,6.09,8.31,6.16
BOSCHLTD,2025-07-15,37559.7,75.0,80.0,3.12,69.2,1.18,1.8,36667.75,34913.27,-2.4,0.45,1.29,1.47,4.7,RESISTANCE_PROBE,CONFIRMED_BREAKOUT,1,0.4,0.85,-1.47,5.58,2.12,1.71
BOSCHLTD,2025-08-04,40846.21,75.0,80.0,4.08,67.5,1.44,1.55,41010.13,38869.22,0.4,0.87,1.3,1.0,5.1,RESISTANCE_PROBE,FAILED_BREAKOUT,2,-1.26,-6.96,-5.85,-3.05,-0.04,7.44
BOSCHLTD,2025-08-18,39077.84,75.0,75.0,2.68,67.5,0.68,0.54,40289.87,37900.59,3.0,0.45,0.61,0.57,0.5,FTF_COILING,UNRESOLVED,3,1.33,1.53,-0.64,5.03,1.49,1.13
BOSCHLTD,2025-08-21,39216.93,75.0,60.0,2.78,70.0,0.78,0.49,40289.87,37900.59,2.7,0.15,0.47,0.55,0.5,FTF_COILING,UNRESOLVED,3,-0.38,-0.99,1.23,3.64,0.8,0.71
BOSCHLTD,2025-08-26,39251.7,75.0,85.0,2.61,65.0,0.63,0.5,40289.87,37900.59,2.6,0.83,0.7,0.54,0.5,FTF_COILING,UNRESOLVED,3,-0.72,1.14,4.02,3.78,-1.9,-4.97
BOSCHLTD,2025-09-01,40518.37,75.0,95.0,2.78,65.0,0.98,0.68,41020.07,38546.34,1.2,0.82,1.11,1.0,5.1,RESISTANCE_PROBE,UNRESOLVED,3,1.3,0.77,1.4,-3.29,-5.98,-5.88
BOSCHLTD,2025-09-04,40473.66,75.0,45.0,2.66,62.5,1.15,0.81,41561.5,39748.43,2.6,0.18,0.81,1.0,1.8,RESISTANCE_PROBE,UNRESOLVED,3,0.42,1.51,-0.21,-2.1,-5.18,-6.9
BOSCHLTD,2025-09-09,41223.72,75.0,85.0,2.51,62.5,0.96,0.56,41561.5,40274.97,0.8,0.73,0.95,1.0,2.4,RESISTANCE_PROBE,UNRESOLVED,3,-1.18,-2.02,-3.8,-5.07,-7.58,-3.85
BOSCHLTD,2025-12-05,36678.63,50.0,45.0,0.98,47.5,0.8,1.06,37006.48,36330.92,0.9,0.74,0.42,0.42,1.0,FTF_COILING,UNRESOLVED,3,-0.88,-0.38,-0.56,-2.65,6.09,7.61
BOSCHLTD,2025-12-10,36162.03,50.0,20.0,0.95,45.0,0.98,0.96,37006.48,36330.92,2.3,0.13,0.46,0.64,0.1,FTF_COILING,UNRESOLVED,3,1.32,0.87,-1.17,-0.56,6.21,6.21
BOSCHLTD,2025-12-15,36162.03,50.0,25.0,0.86,42.5,1.04,0.61,37006.48,36330.92,2.3,0.11,0.3,0.57,-0.5,FTF_COILING,FAILED_BREAKOUT,3,-0.47,-1.17,-0.66,-2.4,4.13,6.12
BOSCHLTD,2025-12-19,35705.04,50.0,60.0,0.88,40.0,0.91,0.48,37006.48,36330.92,3.5,0.48,2.4,0.57,-2.3,FTF_COILING,UNRESOLVED,3,0.61,1.02,-0.86,8.99,1.59,0.87
BOSCHLTD,2025-12-24,35958.38,50.0,30.0,0.97,42.5,0.97,0.89,37006.48,36330.92,2.8,0.4,1.04,0.76,-2.3,FTF_COILING,FAILED_BREAKOUT,2,-0.94,-1.56,-0.15,6.81,-1.34,0.22
BOSCHLTD,2026-01-06,38705.3,75.0,10.0,0.89,42.5,1.66,2.73,39291.44,38506.61,1.5,0.39,1.13,1.13,0.5,FTF_COILING,UNRESOLVED,3,0.47,-0.77,-2.71,-8.69,-5.78,-3.38
BOSCHLTD,2026-01-09,37746.61,75.0,30.0,1.0,40.0,1.15,2.6,39291.44,37855.89,3.9,0.27,1.05,1.13,-0.3,RESISTANCE_PROBE,UNRESOLVED,3,-0.88,-0.24,-3.05,-7.19,-6.22,-4.87
BOSCHLTD,2026-04-10,37085.95,75.0,70.0,1.9,50.0,1.32,3.47,37324.38,35590.79,0.6,0.59,1.63,1.63,4.2,FTF_COILING,UNRESOLVED,3,-1.92,-0.67,1.23,-0.28,-2.2,-2.48
BOSCHLTD,2026-04-16,37195.23,75.0,80.0,1.91,52.5,0.84,3.36,37423.73,36609.09,0.6,0.8,0.55,1.36,-0.6,FTF_COILING,CONFIRMED_BREAKOUT,3,0.17,0.93,-0.16,-3.86,0.8,-0.94
BOSCHLTD,2026-04-21,37850.92,75.0,70.0,2.1,60.0,0.61,1.35,37423.73,36708.44,-1.1,0.54,0.41,0.88,-0.6,RESISTANCE_PROBE,CONFIRMED_BREAKOUT,1,-0.56,-1.89,-2.05,-3.82,-3.33,-2.78
BOSCHLTD,2026-04-24,36450.14,75.0,60.0,1.97,55.0,0.71,0.75,37423.73,36609.09,2.6,0.28,0.5,0.7,-0.6,FTF_COILING,UNRESOLVED,3,1.46,1.72,-2.29,1.7,-1.04,-0.1
BOSCHLTD,2026-04-29,36107.39,75.0,60.0,2.0,55.0,0.79,0.71,37423.73,36609.09,3.5,0.12,0.58,0.63,-0.6,FTF_COILING,FAILED_BREAKOUT,1,-0.96,-1.36,4.26,1.65,-0.85,0.11
BOSCHLTD,2026-06-25,40175.62,75.0,75.0,1.87,59.0,0.61,1.0,41670.78,39808.04,3.6,0.22,1.36,1.0,0.9,RESISTANCE_PROBE,UNRESOLVED,3,0.0,-1.37,2.66,4.41,4.45,5.86
BOSCHLTD,2026-06-30,39639.15,75.0,55.0,1.4,60.5,0.86,1.53,40761.76,39246.73,2.8,0.15,0.73,0.73,1.0,FTF_COILING,CONFIRMED_BREAKOUT,2,2.22,4.05,5.1,3.91,3.53,-0.49
BOSCHLTD,2026-07-03,41621.11,75.0,35.0,1.73,60.5,1.26,1.44,40761.76,39490.13,-2.1,0.43,0.95,0.89,1.0,RESISTANCE_PROBE,CONFIRMED_BREAKOUT,1,0.55,0.1,-0.19,-2.48,-1.93,-2.47
BOSCHLTD,2026-07-09,41948.95,75.0,80.0,1.68,63.2,0.97,1.09,41780.06,41039.93,-0.4,0.87,0.54,0.54,2.2,FTF_COILING,UNRESOLVED,3,-0.97,-1.26,-2.64,0.04,0.12,1.97
BOSCHLTD,2026-07-14,41188.95,75.0,60.0,1.57,60.5,0.86,0.74,41780.06,41039.93,1.4,0.13,0.28,0.42,0.9,FTF_COILING,UNRESOLVED,3,-0.04,-0.84,-1.42,-0.36,9.7,11.33
BOSCHLTD,2026-07-17,40587.91,75.0,60.0,1.41,57.9,0.83,0.4,41780.06,41039.93,2.9,0.12,0.35,0.41,-0.5,FTF_COILING,UNRESOLVED,3,0.26,0.04,2.2,0.56,16.04,14.08
BOSCHLTD,2026-07-22,41288.3,75.0,85.0,1.48,57.9,0.88,0.44,41780.06,41039.93,1.2,0.92,0.44,0.42,-1.1,FTF_COILING,CONFIRMED_BREAKOUT,1,1.64,0.47,-1.19,3.95,17.37,15.48
BOSCHLTD,2026-07-27,40980.32,75.0,50.0,1.5,53.8,1.2,0.55,41780.06,41039.93,1.9,0.12,0.8,0.49,-1.1,FTF_COILING,UNRESOLVED,3,0.15,-0.45,0.12,6.16,17.37,16.53
BOSCHLTD,2026-08-05,42920.0,75.0,85.0,1.84,56.4,1.1,0.63,43650.0,40652.48,1.7,0.69,4.52,1.0,5.6,RESISTANCE_PROBE,UNRESOLVED,3,-2.14,0.07,8.29,12.91,10.09,8.61
BOSCHLTD,2026-08-10,43505.0,75.0,80.0,1.48,56.4,1.25,1.11,43650.0,41310.0,0.3,1.0,1.44,1.0,5.3,RESISTANCE_PROBE,CONFIRMED_BREAKOUT,1,3.86,6.84,7.96,10.56,10.39,6.29
BOSCHLTD,2026-08-13,46750.0,75.0,65.0,1.88,59.0,1.2,1.72,47285.0,42620.0,1.1,0.32,1.21,1.0,9.7,RESISTANCE_PROBE,CONFIRMED_BREAKOUT,3,0.75,0.47,4.28,4.34,4.33,0.09
BOSCHLTD,2026-08-18,48730.0,75.0,90.0,2.16,59.0,1.07,1.74,48940.0,46480.0,0.4,0.9,2.05,1.0,4.8,RESISTANCE_PROBE,UNRESOLVED,3,-0.55,0.04,-0.1,-0.37,-2.41,-1.34
BOSCHLTD,2026-08-21,48200.0,75.0,55.0,1.9,55.0,0.95,1.27,49130.0,46775.0,1.9,0.24,0.62,1.0,3.0,RESISTANCE_PROBE,UNRESOLVED,3,-0.21,1.0,0.91,-2.86,-1.32,-2.72
BOSCHLTD,2026-08-26,48895.0,75.0,70.0,1.85,55.0,0.77,0.93,49190.0,47785.0,0.6,0.66,0.6,1.0,2.3,RESISTANCE_PROBE,CONFIRMED_BREAKOUT,3,-0.24,-0.52,-3.36,0.42,-2.34,-4.5
BOSCHLTD,2026-08-31,50000.0,75.0,95.0,1.78,50.0,0.86,0.69,50000.0,48020.0,0.0,1.0,1.19,1.0,4.1,RESISTANCE_PROBE,FAILED_BREAKOUT,3,-2.9,-5.5,-3.95,-5.86,-8.6,-2.77
CANBK,2025-04-15,86.63,75.0,80.0,1.15,51.3,1.19,1.11,88.6,81.45,2.2,0.85,1.26,0.98,-2.9,RESISTANCE_PROBE,CONFIRMED_BREAKOUT,2,2.17,3.59,7.29,5.14,13.45,9.52
CANBK,2025-04-21,92.52,75.0,90.0,1.33,56.4,0.81,1.15,88.6,85.31,-4.4,0.84,1.0,1.07,-2.9,RESISTANCE_PROBE,CONFIRMED_BREAKOUT,1,1.68,0.45,-0.56,-6.69,8.12,6.34
CANBK,2025-04-24,92.89,75.0,55.0,1.21,56.4,0.85,1.45,95.92,92.8,3.2,0.3,0.91,1.37,0.2,FTF_COILING,FAILED_BREAKOUT,1,-2.88,-0.95,-2.75,-1.76,7.87,11.06
CANBK,2025-04-29,92.83,75.0,75.0,1.38,59.0,0.9,1.46,95.92,89.6,3.2,0.2,1.46,1.14,-2.8,RESISTANCE_PROBE,UNRESOLVED,3,-1.89,-2.69,-5.7,6.38,11.69,14.18
CANBK,2025-05-12,94.26,75.0,70.0,1.82,61.5,1.44,1.36,94.76,85.0,0.5,0.63,1.48,1.03,-6.5,RESISTANCE_PROBE,CONFIRMED_BREAKOUT,1,3.89,4.77,7.04,6.56,16.69,12.32
CANBK,2025-06-03,108.33,75.0,45.0,2.38,65.0,1.15,1.25,110.27,102.15,1.8,0.32,0.84,1.0,6.0,RESISTANCE_PROBE,UNRESOLVED,3,1.22,0.41,1.6,-2.39,3.15,3.32
CANBK,2025-06-06,108.14,75.0,65.0,1.98,65.0,1.06,1.15,110.37,107.32,2.0,0.41,1.55,1.0,0.8,RESISTANCE_PROBE,UNRESOLVED,3,1.71,1.77,-0.22,-4.02,2.38,1.18
CANBK,2025-06-11,109.43,75.0,75.0,2.01,65.0,1.03,0.94,110.37,106.59,0.9,0.4,1.39,1.09,3.2,FTF_COILING,UNRESOLVED,3,-1.24,-1.4,-4.26,-2.06,0.81,2.45
CANBK,2025-06-16,107.69,75.0,80.0,1.74,57.5,1.0,1.09,111.22,108.22,3.2,0.77,0.81,1.08,-0.3,FTF_COILING,FAILED_BREAKOUT,1,-1.81,-2.71,-3.07,2.66,2.18,4.06
CANBK,2025-06-26,107.52,75.0,85.0,1.78,60.0,0.89,0.69,111.22,102.6,3.3,0.86,0.74,0.74,-6.2,RESISTANCE_PROBE,UNRESOLVED,3,-0.08,2.82,2.78,1.19,2.2,-1.65
CANBK,2025-07-01,111.73,75.0,90.0,1.6,62.5,0.94,0.87,111.22,105.23,-0.5,0.83,1.13,0.83,-6.2,RESISTANCE_PROBE,UNRESOLVED,3,-1.03,-1.09,-1.46,-0.48,-4.62,-3.74
CANBK,2025-07-04,110.72,75.0,70.0,1.86,57.5,0.92,0.9,112.3,109.02,1.4,0.53,0.42,1.0,1.6,RESISTANCE_PROBE,UNRESOLVED,3,-0.05,-0.55,-2.14,0.07,-7.41,-7.08
CANBK,2025-07-09,110.32,75.0,75.0,1.72,52.5,0.58,0.52,112.3,109.28,1.8,0.53,0.63,1.0,0.9,RESISTANCE_PROBE,UNRESOLVED,3,-1.38,-1.79,2.69,-5.41,-4.55,-4.31
CANBK,2025-07-14,110.04,75.0,95.0,1.78,50.0,0.9,0.51,112.3,107.66,2.0,0.52,1.37,1.0,2.2,RESISTANCE_PROBE,CONFIRMED_BREAKOUT,2,1.06,2.96,-1.44,-2.87,-3.69,-6.45
CANBK,2025-07-17,111.84,75.0,45.0,1.58,52.5,1.09,0.9,111.62,108.33,-0.2,0.24,0.74,1.54,2.7,FTF_COILING,FAILED_BREAKOUT,3,-0.93,-3.03,-1.75,-7.17,-5.43,1.12
CANBK,2025-07-24,109.89,75.0,55.0,1.15,45.0,1.41,1.02,111.62,102.91,1.6,0.93,3.23,1.33,-3.7,RESISTANCE_PROBE,UNRESOLVED,3,-2.42,-2.73,-5.51,-4.15,-3.15,-0.15
CANBK,2025-09-12,107.42,75.0,25.0,0.83,42.5,1.04,0.6,109.78,107.11,2.2,0.08,0.8,0.8,0.3,FTF_COILING,CONFIRMED_BREAKOUT,3,1.4,2.05,6.13,6.42,15.03,9.8
CANBK,2025-09-24,118.98,75.0,35.0,1.19,57.5,1.32,1.61,115.9,111.86,-2.7,0.29,2.71,2.36,3.9,RESISTANCE_PROBE,CONFIRMED_BREAKOUT,1,-1.2,-3.93,0.69,2.65,2.27,3.51
CANBK,2025-09-29,116.63,75.0,70.0,1.11,60.0,1.3,1.63,119.39,113.75,2.3,0.71,1.25,1.18,-2.6,RESISTANCE_PROBE,CONFIRMED_BREAKOUT,1,2.68,2.72,6.29,3.93,6.88,4.09
CANBK,2025-10-03,121.88,75.0,80.0,1.66,65.0,1.27,1.43,119.39,114.48,-2.1,0.83,1.28,1.46,-2.6,RESISTANCE_PROBE,CONFIRMED_BREAKOUT,1,0.68,1.72,1.18,-0.33,10.88,10.13
CANBK,2025-10-20,123.52,75.0,45.0,2.16,62.5,1.08,0.96,125.98,120.62,2.0,0.44,0.92,1.0,2.4,RESISTANCE_PROBE,UNRESOLVED,3,-0.37,-1.06,1.87,9.41,17.86,19.63
CANBK,2025-10-24,121.69,75.0,55.0,1.83,62.5,0.94,1.02,125.98,121.8,3.4,0.44,0.64,1.0,-0.1,RESISTANCE_PROBE,UNRESOLVED,3,2.73,3.4,8.98,12.2,16.68,13.9
CANBK,2025-10-29,124.66,75.0,75.0,1.84,65.0,1.0,1.15,127.56,120.75,2.3,0.22,1.35,1.0,3.2,RESISTANCE_PROBE,CONFIRMED_BREAKOUT,1,3.2,6.38,8.13,11.4,17.85,14.2
CANBK,2025-11-04,135.14,75.0,60.0,2.48,66.7,1.35,2.29,136.93,132.92,1.3,0.49,1.01,1.01,1.7,FTF_COILING,UNRESOLVED,3,-0.26,0.77,2.84,7.72,4.64,3.57
CANBK,2025-11-10,136.54,75.0,55.0,2.89,66.7,0.94,1.59,136.93,132.92,0.3,0.42,0.84,0.84,1.4,FTF_COILING,CONFIRMED_BREAKOUT,2,-0.12,1.79,5.73,3.99,1.28,-0.51
CANBK,2025-11-13,138.87,75.0,55.0,2.68,64.1,0.96,0.96,136.93,133.54,-1.4,0.22,0.79,0.86,1.4,RESISTANCE_PROBE,CONFIRMED_BREAKOUT,1,1.83,3.95,3.13,5.79,2.34,0.5
CANBK,2025-11-26,145.36,75.0,55.0,2.69,64.1,1.0,0.8,147.63,140.33,1.5,0.35,0.84,1.0,3.6,RESISTANCE_PROBE,UNRESOLVED,3,1.07,0.95,-2.72,-3.06,-0.33,-0.55
CANBK,2025-12-01,145.69,75.0,55.0,2.56,59.0,0.98,0.81,148.77,144.16,2.1,0.22,0.62,1.0,1.1,RESISTANCE_PROBE,UNRESOLVED,3,1.02,-2.94,-5.09,-1.47,2.35,4.51
CANBK,2025-12-05,143.89,75.0,60.0,2.14,59.0,1.27,0.93,148.07,140.4,2.8,0.71,0.82,0.83,1.6,FTF_COILING,UNRESOLVED,3,-3.9,-1.65,-1.35,-0.04,3.76,5.96
CANBK,2025-12-15,143.55,75.0,80.0,1.93,56.4,0.92,0.78,148.07,140.4,3.0,0.79,0.64,0.83,-1.5,FTF_COILING,UNRESOLVED,3,-0.76,1.29,1.36,3.87,1.73,0.69
CANBK,2025-12-18,145.05,75.0,60.0,1.89,56.4,0.81,0.63,148.07,140.4,2.0,0.44,0.66,0.81,-1.5,FTF_COILING,UNRESOLVED,3,-0.83,0.31,0.16,3.36,4.87,4.6
CANBK,2025-12-23,145.42,75.0,60.0,1.65,56.4,0.84,0.69,148.07,140.4,1.8,0.37,0.69,0.8,-1.5,FTF_COILING,UNRESOLVED,3,-0.37,-0.1,3.12,1.82,0.36,-0.11
CANBK,2025-12-29,146.1,75.0,75.0,1.74,56.4,0.56,0.61,149.29,144.2,2.1,0.49,0.87,1.0,1.3,RESISTANCE_PROBE,CONFIRMED_BREAKOUT,2,2.06,2.64,2.19,-0.6,2.52,-0.12
CANBK,2026-01-01,149.31,75.0,45.0,1.95,55.0,1.06,1.08,152.95,148.11,2.4,0.25,0.77,0.77,0.8,FTF_COILING,UNRESOLVED,3,0.41,-0.01,-2.45,-0.23,-4.42,-4.2
CANBK,2026-01-06,148.97,75.0,45.0,2.01,52.5,1.16,1.2,152.95,148.11,2.6,0.36,0.74,0.94,0.8,FTF_COILING,UNRESOLVED,3,-0.6,-2.22,-1.96,-0.13,-4.15,-2.02
CANBK,2026-01-14,148.98,75.0,70.0,1.45,52.5,1.11,0.77,152.95,142.27,2.6,0.84,0.94,0.87,-1.9,RESISTANCE_PROBE,UNRESOLVED,3,0.0,2.11,-2.03,-2.32,-5.9,-7.68
CANBK,2026-01-19,151.85,75.0,65.0,1.41,53.8,0.85,0.78,152.95,145.6,0.7,0.27,1.08,0.86,-1.9,RESISTANCE_PROBE,UNRESOLVED,3,-2.03,-3.89,-1.36,-6.07,-4.94,-3.6
CANBK,2026-01-22,149.74,75.0,45.0,1.34,48.7,1.26,0.97,154.01,148.17,2.8,0.75,0.78,1.01,-1.5,FTF_COILING,UNRESOLVED,3,-1.86,0.03,-4.69,-4.76,-0.34,-2.28
CANBK,2026-01-28,152.7,75.0,80.0,1.31,51.3,1.29,1.06,154.01,148.17,0.8,0.91,1.24,0.95,-1.5,FTF_COILING,FAILED_BREAKOUT,2,-4.7,-6.54,-6.49,-7.75,0.75,7.81
CANBK,2026-02-23,151.44,75.0,70.0,1.04,51.3,0.9,0.96,155.66,143.67,2.7,0.72,0.81,1.0,5.4,RESISTANCE_PROBE,UNRESOLVED,3,0.38,1.59,-1.84,-9.06,-14.89,-16.19
CANBK,2026-02-26,153.81,75.0,50.0,1.03,48.7,0.98,1.05,157.69,149.8,2.5,0.36,1.39,1.0,2.7,RESISTANCE_PROBE,FAILED_BREAKOUT,3,-0.95,-3.35,-8.13,-15.23,-22.3,-15.98
CANBK,2026-06-12,131.67,75.0,50.0,1.0,50.0,1.31,1.7,133.84,128.86,1.6,0.92,0.83,1.49,-1.2,FTF_COILING,CONFIRMED_BREAKOUT,3,0.4,0.88,1.57,-2.07,-2.19,-4.78
CANBK,2026-06-18,134.97,75.0,45.0,1.08,50.0,0.89,1.22,133.84,128.86,-0.8,0.3,0.53,1.02,-1.2,FTF_COILING,UNRESOLVED,3,-0.91,-0.11,-4.46,-6.17,-6.72,-3.43
CANBK,2026-06-23,130.37,50.0,45.0,1.01,52.6,0.83,0.91,133.84,128.86,2.6,0.07,0.62,0.84,-1.2,FTF_COILING,UNRESOLVED,3,-0.17,-1.09,-3.72,-4.1,-2.19,-1.11
CANBK,2026-07-28,124.24,25.0,40.0,1.15,48.7,0.97,0.94,129.7,123.0,4.2,0.08,1.14,1.14,-1.2,RESISTANCE_PROBE,UNRESOLVED,3,0.39,0.03,3.03,4.88,3.68,3.06
CANBK,2026-08-03,127.1,50.0,55.0,1.15,48.7,0.64,0.86,129.7,125.78,2.0,0.77,0.75,0.72,-1.2,FTF_COILING,CONFIRMED_BREAKOUT,3,0.71,1.42,1.49,3.15,-0.16,-3.64
CANBK,2026-08-06,131.7,75.0,85.0,1.32,53.8,0.81,0.59,129.7,125.5,-1.5,0.99,0.99,0.76,-1.2,RESISTANCE_PROBE,CONFIRMED_BREAKOUT,1,0.19,-2.05,0.08,-1.59,-4.48,-4.66
CANBK,2026-08-11,130.3,75.0,80.0,1.26,51.3,1.04,0.78,129.7,125.78,-0.5,0.93,0.52,0.82,-1.2,FTF_COILING,CONFIRMED_BREAKOUT,1,1.3,1.15,-0.92,-1.14,-4.31,-5.55
CGPOWER,2025-06-30,680.65,25.0,70.0,1.14,51.3,0.83,0.78,688.38,668.52,1.1,0.73,0.88,0.88,1.8,FTF_COILING,UNRESOLVED,3,0.13,-2.35,-0.25,-1.08,-3.4,-1.27
CGPOWER,2025-07-03,665.98,0.0,55.0,1.23,51.3,0.99,1.35,688.38,668.52,3.3,0.27,0.68,1.6,-0.6,FTF_COILING,UNRESOLVED,3,1.37,1.95,1.48,3.28,-0.86,-2.09
CGPOWER,2025-07-08,674.31,25.0,100.0,1.24,51.3,0.84,1.17,688.38,668.52,2.0,0.75,1.4,1.17,-0.6,FTF_COILING,UNRESOLVED,3,-0.55,0.22,0.24,1.18,0.66,1.87
CGPOWER,2025-07-11,666.28,0.0,50.0,1.26,46.2,0.76,0.96,688.38,668.52,3.2,0.11,1.12,1.18,-0.6,FTF_COILING,UNRESOLVED,3,1.06,1.45,-0.02,-0.78,-0.2,-1.33
CGPOWER,2025-07-16,673.86,25.0,55.0,1.25,46.2,0.75,1.03,688.38,668.52,2.1,0.48,0.56,1.12,-0.6,FTF_COILING,UNRESOLVED,3,2.07,-1.15,1.13,-2.22,-0.73,-1.5
CGPOWER,2025-07-21,679.15,25.0,55.0,1.23,45.0,1.12,1.26,693.97,664.63,2.1,0.9,0.91,0.91,2.2,FTF_COILING,UNRESOLVED,3,0.46,0.34,-3.19,-2.7,-0.57,-0.52
CGPOWER,2025-07-24,678.85,25.0,45.0,0.94,45.0,1.27,1.3,693.97,664.63,2.2,0.8,2.31,0.81,2.2,FTF_COILING,UNRESOLVED,3,-2.62,-3.15,-2.74,0.18,-0.07,3.16
CGPOWER,2025-08-05,678.75,50.0,80.0,0.99,50.0,1.03,0.86,693.97,644.58,2.2,0.93,1.44,0.95,-2.2,RESISTANCE_PROBE,UNRESOLVED,3,0.04,0.19,-3.19,-0.88,8.81,11.07
CGPOWER,2025-08-08,664.93,25.0,45.0,1.09,52.5,0.97,1.03,693.97,658.8,4.2,0.13,0.6,0.96,-2.2,RESISTANCE_PROBE,UNRESOLVED,3,-0.23,-1.18,0.41,1.62,11.06,10.39
CGPOWER,2025-08-25,675.71,50.0,50.0,1.09,57.5,0.71,0.73,686.09,671.92,1.5,0.21,0.95,0.95,0.6,FTF_COILING,CONFIRMED_BREAKOUT,3,-0.87,-1.95,9.22,9.29,14.21,11.4
CGPOWER,2025-09-03,731.69,75.0,35.0,1.28,52.5,1.66,2.89,724.6,701.95,-1.0,0.08,1.99,2.49,5.1,FTF_COILING,CONFIRMED_BREAKOUT,1,0.94,0.41,4.86,8.0,0.89,-0.05
CGPOWER,2025-09-08,744.71,75.0,70.0,1.48,55.0,1.17,2.24,755.28,729.59,1.4,0.77,0.61,0.88,0.7,FTF_COILING,CONFIRMED_BREAKOUT,2,-0.84,3.03,6.03,3.2,0.22,-2.72
CGPOWER,2025-09-11,783.47,75.0,90.0,1.59,55.0,1.13,1.12,755.28,728.69,-3.7,0.85,1.2,0.88,0.7,RESISTANCE_PROBE,CONFIRMED_BREAKOUT,1,0.03,0.78,-0.08,-3.32,-4.05,-4.07
CGPOWER,2025-10-31,735.03,50.0,55.0,1.3,42.5,1.16,1.06,752.34,728.09,2.3,0.61,1.15,1.15,1.0,FTF_COILING,UNRESOLVED,3,1.18,1.49,0.2,1.78,-9.08,-8.59
CGPOWER,2025-11-06,731.09,50.0,30.0,1.32,42.5,1.08,1.15,752.34,728.09,2.8,0.14,0.91,1.24,1.0,FTF_COILING,UNRESOLVED,3,0.08,0.74,1.71,-1.56,-9.6,-9.63
CGPOWER,2025-11-11,731.34,50.0,45.0,1.36,42.5,0.86,0.68,752.34,728.09,2.8,0.4,0.65,0.96,0.4,FTF_COILING,UNRESOLVED,3,0.94,1.67,0.11,-6.88,-8.89,-10.18
CGPOWER,2025-11-14,741.86,50.0,35.0,1.19,40.0,0.72,0.66,752.34,728.09,1.4,0.36,0.68,0.91,0.4,FTF_COILING,UNRESOLVED,3,0.84,-1.31,-4.48,-9.5,-10.44,-8.04
CGPOWER,2026-02-04,669.6,75.0,25.0,0.8,35.9,1.07,2.02,669.15,650.8,-0.1,0.68,0.81,0.81,2.9,FTF_COILING,CONFIRMED_BREAKOUT,3,-0.24,0.78,2.39,6.12,4.7,1.56
CGPOWER,2026-02-09,690.35,75.0,25.0,0.83,35.9,1.09,1.49,669.15,656.0,-3.2,0.69,0.47,0.55,2.6,RESISTANCE_PROBE,CONFIRMED_BREAKOUT,1,-1.27,-0.69,-0.23,4.37,5.48,6.84
CGPOWER,2026-04-08,726.3,50.0,80.0,1.28,52.5,1.02,0.8,749.0,655.6,3.0,0.83,0.96,0.95,-7.3,RESISTANCE_PROBE,UNRESOLVED,3,-0.78,0.66,4.08,15.35,18.28,19.97
CGPOWER,2026-04-17,774.8,75.0,100.0,1.43,55.0,0.95,0.94,795.79,705.2,2.6,0.94,1.45,1.0,9.9,RESISTANCE_PROBE,CONFIRMED_BREAKOUT,2,2.7,3.93,6.24,4.98,8.18,4.09
CGPOWER,2026-04-22,824.35,75.0,90.0,1.4,55.0,1.03,1.44,835.0,748.35,1.3,0.67,1.48,1.0,10.2,RESISTANCE_PROBE,UNRESOLVED,3,1.63,-0.15,0.15,0.55,3.51,4.02
CGPOWER,2026-04-27,820.3,75.0,55.0,1.3,52.5,1.0,1.47,846.9,803.0,3.1,0.13,0.77,1.0,2.2,RESISTANCE_PROBE,UNRESOLVED,3,1.33,0.65,-2.19,4.61,5.8,6.71
CGPOWER,2026-05-04,802.3,75.0,50.0,1.15,51.3,0.72,0.68,846.9,803.9,5.3,0.07,0.85,1.0,-0.2,RESISTANCE_PROBE,CONFIRMED_BREAKOUT,3,3.07,3.32,6.96,0.8,11.47,4.1
CGPOWER,2026-05-07,859.1,75.0,80.0,1.54,53.8,1.14,1.27,872.35,794.1,1.5,0.69,3.28,1.0,8.2,RESISTANCE_PROBE,CONFIRMED_BREAKOUT,2,1.68,-0.12,-1.26,0.68,9.17,9.3
CGPOWER,2026-05-21,864.9,75.0,70.0,1.64,61.5,1.0,0.82,886.8,804.6,2.5,0.59,0.73,1.0,7.5,RESISTANCE_PROBE,UNRESOLVED,3,0.09,0.35,8.08,8.44,10.35,8.57
CGPOWER,2026-05-26,879.15,75.0,75.0,1.71,64.1,0.95,0.75,890.0,857.05,1.2,0.58,0.74,1.0,2.6,RESISTANCE_PROBE,CONFIRMED_BREAKOUT,1,6.33,6.33,3.25,3.65,8.12,1.68
CGPOWER,2026-05-29,917.45,75.0,35.0,1.82,65.8,0.96,0.92,944.1,864.2,2.8,0.2,2.13,1.0,6.2,RESISTANCE_PROBE,UNRESOLVED,3,-2.52,-1.06,2.22,-0.33,2.69,3.91
CGPOWER,2026-06-04,937.9,75.0,90.0,2.13,63.2,1.19,1.12,944.1,883.05,0.7,0.7,2.19,0.91,-1.8,RESISTANCE_PROBE,UNRESOLVED,3,-0.01,-3.68,-3.9,1.76,2.29,5.29
CGPOWER,2026-06-09,911.2,75.0,45.0,1.91,63.2,1.1,1.35,944.1,895.0,3.5,0.38,0.87,1.2,-1.8,RESISTANCE_PROBE,UNRESOLVED,3,-0.34,-1.08,3.24,4.31,-0.08,-0.43
CGPOWER,2026-06-12,914.45,75.0,80.0,1.95,57.9,0.96,0.96,944.1,898.95,3.1,0.79,0.73,1.07,-1.8,RESISTANCE_PROBE,CONFIRMED_BREAKOUT,3,2.3,2.87,5.39,3.02,0.24,-4.89
CGPOWER,2026-06-17,963.75,75.0,95.0,1.98,57.9,0.91,0.73,944.1,897.5,-2.1,0.94,1.01,0.97,-1.8,RESISTANCE_PROBE,CONFIRMED_BREAKOUT,1,-0.96,-0.01,-4.6,1.32,-3.59,-2.65
CGPOWER,2026-06-22,962.55,75.0,70.0,1.96,57.9,0.74,0.85,969.9,937.0,0.8,0.57,0.62,1.0,2.7,RESISTANCE_PROBE,UNRESOLVED,3,-1.25,-4.48,-0.65,-3.9,-5.2,-3.15
CGPOWER,2026-06-25,942.1,75.0,80.0,1.66,57.9,0.88,0.85,969.9,912.0,2.9,0.77,0.81,1.0,3.3,RESISTANCE_PROBE,UNRESOLVED,3,0.0,1.5,1.84,-3.31,-6.19,-7.18
CGPOWER,2026-06-30,952.15,75.0,55.0,1.56,57.9,0.95,1.13,969.9,919.45,1.8,0.14,0.85,1.0,3.6,RESISTANCE_PROBE,FAILED_BREAKOUT,3,2.56,0.76,-4.37,-4.02,-11.35,-5.43
CGPOWER,2026-09-02,877.75,50.0,45.0,0.92,53.8,1.53,0.75,903.55,881.6,2.9,0.68,1.0,1.0,-0.4,FTF_COILING,UNRESOLVED,3,1.97,1.51,5.61,-2.98,-2.68,-4.56
CHOLAFIN,2025-02-01,1262.3,50.0,35.0,1.32,40.0,1.53,1.31,1318.46,1226.94,4.3,0.57,0.68,0.68,1.4,RESISTANCE_PROBE,CONFIRMED_BREAKOUT,1,5.7,10.23,9.16,8.83,12.29,6.24
CHOLAFIN,2025-02-14,1373.81,75.0,30.0,1.16,42.5,1.01,0.84,1412.25,1352.85,2.7,0.41,0.68,0.68,1.5,FTF_COILING,UNRESOLVED,3,-1.38,-1.86,0.59,3.18,5.78,5.83
CHOLAFIN,2025-02-19,1373.21,50.0,55.0,1.03,40.0,0.77,0.86,1412.25,1352.85,2.8,0.85,0.74,0.6,-0.3,FTF_COILING,UNRESOLVED,3,1.44,0.64,4.6,6.05,11.86,11.71
CHOLAFIN,2025-02-24,1375.06,50.0,60.0,1.15,37.5,0.72,0.66,1412.25,1352.85,2.6,0.88,0.51,0.63,-0.3,FTF_COILING,CONFIRMED_BREAKOUT,2,-0.69,4.46,5.25,5.19,10.53,5.81
CHOLAFIN,2025-02-28,1398.52,50.0,60.0,1.34,35.0,0.95,0.96,1412.25,1352.85,1.0,0.13,1.47,0.82,-0.3,FTF_COILING,CONFIRMED_BREAKOUT,2,1.36,3.49,4.04,3.92,4.82,1.29
CHOLAFIN,2025-03-06,1456.28,50.0,30.0,1.35,40.0,1.07,1.41,1436.36,1385.1,-1.4,0.17,0.63,1.13,1.8,RESISTANCE_PROBE,CONFIRMED_BREAKOUT,1,-0.09,-2.68,-0.95,5.48,-4.97,-4.89
CHOLAFIN,2025-03-21,1536.06,75.0,70.0,1.19,46.2,0.98,0.71,1535.56,1473.85,-0.0,0.77,1.14,1.14,4.2,FTF_COILING,CONFIRMED_BREAKOUT,1,-0.6,-0.61,-1.21,-9.91,0.61,1.22
CHOLAFIN,2025-03-26,1519.83,75.0,10.0,0.98,43.6,1.13,1.52,1577.49,1498.42,3.7,0.3,0.95,1.09,0.5,RESISTANCE_PROBE,FAILED_BREAKOUT,3,0.62,-0.15,-5.05,-3.06,-2.48,1.11
CHOLAFIN,2025-04-15,1557.82,75.0,45.0,0.93,46.2,1.64,1.15,1577.49,1387.79,1.2,0.79,1.33,1.0,-8.9,RESISTANCE_PROBE,CONFIRMED_BREAKOUT,1,3.31,1.73,0.42,-4.36,3.13,-0.17
CHOLAFIN,2025-04-21,1657.16,75.0,45.0,0.89,46.2,1.31,1.16,1679.33,1485.54,1.3,0.74,1.54,1.0,11.6,RESISTANCE_PROBE,UNRESOLVED,3,-5.63,-5.6,-8.07,-7.78,-3.04,3.97
CHOLAFIN,2025-05-14,1594.06,75.0,35.0,0.79,43.6,0.81,0.8,1646.38,1490.13,3.2,0.82,0.56,0.88,-4.7,RESISTANCE_PROBE,UNRESOLVED,3,0.79,1.42,3.72,3.16,0.73,-1.6
CHOLAFIN,2025-05-21,1653.37,75.0,70.0,0.79,45.0,0.72,0.5,1679.33,1597.86,1.5,0.91,1.45,1.0,3.5,RESISTANCE_PROBE,UNRESOLVED,3,-1.76,-1.69,-0.54,-8.65,-4.18,-3.53
CHOLAFIN,2025-05-26,1642.19,75.0,35.0,0.83,47.5,0.82,0.7,1679.33,1600.65,2.2,0.87,0.36,1.0,2.6,RESISTANCE_PROBE,UNRESOLVED,3,1.24,0.13,-3.88,-0.01,-3.72,-1.51
CHOLAFIN,2025-05-29,1605.25,75.0,35.0,0.77,47.5,0.83,0.49,1681.72,1617.13,4.5,0.12,1.19,1.0,-0.7,RESISTANCE_PROBE,FAILED_BREAKOUT,2,-0.42,-1.67,-5.98,-1.62,1.19,2.91
CHOLAFIN,2025-06-09,1641.99,75.0,45.0,0.87,47.5,1.47,1.69,1681.72,1492.03,2.4,0.83,1.65,1.0,10.1,RESISTANCE_PROBE,UNRESOLVED,3,-0.42,-2.21,-4.74,-3.71,-7.92,-4.26
CHOLAFIN,2025-06-27,1651.47,75.0,90.0,1.02,52.5,0.86,0.76,1681.72,1585.58,1.8,0.83,2.54,1.0,4.2,RESISTANCE_PROBE,FAILED_BREAKOUT,3,-1.58,-3.28,-7.7,-7.35,-9.05,-3.22
CHOLAFIN,2025-09-22,1628.14,75.0,70.0,0.91,53.8,1.2,1.13,1681.72,1561.52,3.2,0.75,2.21,1.0,4.3,RESISTANCE_PROBE,UNRESOLVED,3,-0.38,0.01,-2.35,0.1,2.47,4.87
CHOLAFIN,2025-10-06,1632.24,75.0,40.0,0.85,60.0,1.34,1.14,1681.72,1556.02,2.9,0.67,1.17,1.0,4.9,RESISTANCE_PROBE,UNRESOLVED,3,-0.15,-1.64,0.8,2.4,6.84,7.68
CHOLAFIN,2025-10-13,1645.32,75.0,80.0,1.25,57.5,0.78,0.83,1681.72,1594.58,2.2,0.88,0.84,1.0,3.2,RESISTANCE_PROBE,UNRESOLVED,3,-0.09,3.11,1.58,4.61,4.35,3.04
CHOLAFIN,2025-10-16,1666.2,75.0,75.0,1.24,52.5,1.01,1.02,1706.05,1607.27,2.3,0.32,1.83,1.0,3.7,RESISTANCE_PROBE,UNRESOLVED,3,-0.83,0.31,3.93,1.72,1.89,1.76
CHOLAFIN,2025-10-21,1668.4,75.0,55.0,1.32,52.5,0.92,1.27,1698.16,1651.32,1.8,0.24,0.09,0.41,0.1,FTF_COILING,CONFIRMED_BREAKOUT,2,0.86,3.79,2.4,0.78,1.97,-1.75
CHOLAFIN,2025-10-28,1721.24,75.0,65.0,1.16,57.5,1.04,1.01,1779.97,1720.64,3.3,0.37,1.24,1.24,0.0,FTF_COILING,UNRESOLVED,3,-0.74,-0.66,1.32,-0.26,-0.6,0.95
CHOLAFIN,2025-11-03,1716.54,75.0,45.0,1.11,55.0,0.9,1.22,1779.97,1684.18,3.6,0.42,0.79,0.9,-1.5,RESISTANCE_PROBE,UNRESOLVED,3,1.59,-2.04,1.36,-1.35,-0.4,0.45
CHOLAFIN,2025-11-07,1701.96,75.0,80.0,1.23,52.5,1.43,0.93,1749.2,1651.52,2.7,0.84,1.48,1.48,3.1,FTF_COILING,UNRESOLVED,3,2.96,2.22,0.63,-2.59,1.56,0.67
CHOLAFIN,2025-11-12,1716.84,75.0,35.0,1.23,50.0,1.39,1.29,1749.2,1651.52,1.8,0.17,0.81,1.17,3.1,FTF_COILING,UNRESOLVED,3,-0.48,-0.24,-2.37,-0.34,1.47,2.61
CHOLAFIN,2025-11-17,1697.76,75.0,30.0,1.16,47.5,0.74,0.84,1749.2,1651.52,2.9,0.14,0.62,0.9,3.1,FTF_COILING,UNRESOLVED,3,-0.26,-1.27,-2.82,1.48,2.0,1.79
CHOLAFIN,2025-11-20,1701.26,75.0,60.0,1.04,42.5,0.67,0.64,1749.2,1651.52,2.7,0.85,0.58,0.84,1.5,FTF_COILING,UNRESOLVED,3,-2.55,-3.02,1.26,-1.61,-1.42,-0.38
CHOLAFIN,2025-11-26,1710.95,75.0,35.0,0.96,45.0,1.0,0.9,1749.2,1651.52,2.2,0.68,0.65,0.88,-0.1,FTF_COILING,UNRESOLVED,3,0.68,1.35,-2.57,1.82,-0.88,-1.57
CHOLAFIN,2025-12-01,1722.93,75.0,20.0,0.91,45.0,0.83,0.86,1779.97,1684.08,3.2,0.24,0.8,1.0,2.3,RESISTANCE_PROBE,UNRESOLVED,3,-0.77,-3.25,-0.03,0.51,-1.36,1.54
CHOLAFIN,2025-12-08,1722.43,75.0,15.0,0.81,45.0,1.18,0.73,1779.97,1649.12,3.2,0.3,0.9,1.0,4.4,RESISTANCE_PROBE,UNRESOLVED,3,0.39,1.14,0.54,-8.09,4.7,5.0
CHOLAFIN,2025-12-11,1717.44,75.0,30.0,0.77,47.5,1.17,0.87,1779.97,1688.07,3.5,0.1,1.35,1.0,1.7,RESISTANCE_PROBE,UNRESOLVED,3,0.94,0.83,-2.35,-1.24,-0.13,0.1
CHOLAFIN,2025-12-16,1713.45,75.0,20.0,0.81,47.5,0.85,1.16,1743.91,1714.34,1.7,0.34,0.4,1.54,1.0,FTF_COILING,FAILED_BREAKOUT,1,-2.44,-2.12,-2.15,-0.77,-1.51,0.96
CHOLAFIN,2025-12-23,1676.59,50.0,45.0,0.82,45.0,1.61,1.29,1743.91,1552.93,3.9,0.7,4.27,1.53,-7.7,RESISTANCE_PROBE,UNRESOLVED,3,1.15,1.16,1.41,6.43,-3.02,-4.18
CHOLAFIN,2025-12-29,1696.86,50.0,40.0,0.99,50.0,1.26,2.37,1743.91,1593.98,2.7,0.91,0.55,1.67,-7.7,RESISTANCE_PROBE,UNRESOLVED,3,0.16,0.2,4.33,0.71,-3.48,-4.89
CHOLAFIN,2026-01-01,1722.04,75.0,70.0,1.11,52.5,0.56,1.02,1743.91,1677.09,1.3,0.88,0.2,1.48,-7.7,RESISTANCE_PROBE,CONFIRMED_BREAKOUT,1,3.31,2.81,1.74,-2.0,-5.36,-8.39
CHOLAFIN,2026-01-06,1803.34,75.0,60.0,1.18,52.5,0.89,0.85,1829.41,1696.76,1.4,0.54,0.91,1.0,6.3,RESISTANCE_PROBE,UNRESOLVED,3,-1.05,-2.85,-5.78,-8.61,-3.65,1.3
CHOLAFIN,2026-06-24,1792.2,75.0,100.0,1.49,52.6,0.8,0.77,1829.41,1675.84,2.0,0.88,1.36,1.0,6.9,RESISTANCE_PROBE,UNRESOLVED,3,0.35,0.35,0.58,-1.31,-3.58,-2.55
CHOLAFIN,2026-06-29,1773.3,75.0,35.0,1.4,50.0,0.86,1.11,1815.89,1785.2,2.3,0.16,2.38,0.0,0.7,FTF_COILING,UNRESOLVED,3,0.89,1.65,4.31,2.08,0.67,-0.15
CHOLAFIN,2026-07-02,1787.8,75.0,55.0,1.52,50.0,0.7,1.18,1823.18,1764.11,1.9,0.21,0.64,0.52,1.4,FTF_COILING,CONFIRMED_BREAKOUT,2,0.07,3.47,0.19,0.03,-0.78,-4.11
CHOLAFIN,2026-07-07,1852.67,50.0,65.0,1.88,57.9,0.92,0.81,1823.18,1780.6,-1.6,0.34,1.08,0.76,1.3,RESISTANCE_PROBE,CONFIRMED_BREAKOUT,1,-4.53,-3.32,-4.42,-5.07,1.21,6.01
CHOLAFIN,2026-07-29,1802.9,75.0,55.0,1.63,64.1,1.47,1.18,1874.26,1660.4,3.8,0.42,1.77,1.0,8.6,RESISTANCE_PROBE,CONFIRMED_BREAKOUT,3,-1.61,2.61,4.28,6.36,3.62,-1.06
CHOLAFIN,2026-08-03,1888.2,75.0,70.0,1.68,64.1,1.42,1.49,1839.6,1758.0,-2.6,0.52,1.43,1.29,-0.1,RESISTANCE_PROBE,CONFIRMED_BREAKOUT,1,-0.7,-0.43,1.68,-0.19,-1.63,-0.94
CHOLAFIN,2026-08-07,1866.2,75.0,65.0,1.91,64.1,0.99,1.17,1913.0,1861.1,2.4,0.06,1.0,1.04,0.7,FTF_COILING,UNRESOLVED,3,2.88,2.58,1.51,-0.18,-1.46,-4.1
CHOLAFIN,2026-08-12,1917.6,75.0,80.0,1.99,64.1,0.99,0.96,1913.0,1861.1,-0.2,1.0,0.33,0.99,0.3,FTF_COILING,UNRESOLVED,3,0.54,-1.21,-2.3,-2.58,-4.62,-2.96
CHOLAFIN,2026-08-17,1884.7,75.0,75.0,1.87,59.0,0.58,0.61,1913.0,1861.1,1.5,0.59,0.49,0.8,0.3,FTF_COILING,UNRESOLVED,3,-0.89,-0.59,-2.02,-1.45,-2.06,-2.28
CHOLAFIN,2026-08-20,1888.9,75.0,60.0,1.96,56.4,0.53,0.42,1913.0,1861.1,1.3,0.39,0.41,0.7,0.3,FTF_COILING,UNRESOLVED,3,-1.38,-2.23,-0.71,-2.1,-6.59,-5.79
CHOLAFIN,2026-08-26,1868.1,75.0,70.0,1.57,52.5,0.94,0.46,1952.5,1821.1,4.3,0.0,1.13,1.0,2.6,RESISTANCE_PROBE,UNRESOLVED,3,0.39,-0.28,-2.26,-2.09,-5.04,-4.49
CIPLA,2025-04-15,1452.51,75.0,70.0,1.26,59.0,1.33,1.24,1493.19,1355.32,2.7,0.83,1.12,1.36,-6.4,RESISTANCE_PROBE,UNRESOLVED,3,0.99,2.25,3.5,4.61,1.38,-0.59
CIPLA,2025-04-21,1481.23,75.0,55.0,1.36,61.5,0.9,1.05,1493.19,1433.2,0.8,0.3,0.36,1.17,-6.4,RESISTANCE_PROBE,CONFIRMED_BREAKOUT,3,1.13,1.5,2.91,0.02,-3.75,-6.27
CIPLA,2025-04-24,1521.03,75.0,95.0,1.43,64.1,0.66,0.63,1493.19,1473.0,-1.9,0.86,1.07,0.99,-6.4,RESISTANCE_PROBE,CONFIRMED_BREAKOUT,1,-1.66,0.22,-2.4,-4.62,-4.35,-2.73
CIPLA,2025-05-02,1484.57,75.0,65.0,1.48,64.1,0.87,1.09,1539.75,1495.74,3.6,0.03,1.02,1.02,-1.5,RESISTANCE_PROBE,UNRESOLVED,3,1.88,-0.2,-2.28,-0.96,-3.22,-2.86
CIPLA,2025-05-13,1490.05,50.0,90.0,1.39,61.5,0.94,1.16,1539.75,1433.3,3.2,0.54,2.56,1.06,-3.8,RESISTANCE_PROBE,UNRESOLVED,3,-1.66,-1.18,-4.32,-2.61,-0.61,0.73
CIPLA,2025-05-16,1470.25,50.0,45.0,1.54,59.0,1.15,1.75,1509.46,1467.51,2.6,0.43,0.93,2.17,-0.2,FTF_COILING,FAILED_BREAKOUT,2,-0.55,-3.03,-1.05,-2.28,0.35,3.49
CIPLA,2025-06-30,1491.9,75.0,45.0,1.04,53.8,0.75,0.78,1494.68,1478.13,0.2,0.39,0.85,0.85,0.9,FTF_COILING,UNRESOLVED,3,0.65,-0.55,0.31,-1.45,4.39,4.2
CIPLA,2025-07-03,1494.68,75.0,50.0,0.97,59.0,0.86,0.82,1494.68,1478.13,0.0,0.69,0.71,0.92,0.4,FTF_COILING,UNRESOLVED,3,0.3,0.12,-2.05,-1.74,3.04,4.45
CIPLA,2025-07-08,1474.47,75.0,60.0,0.96,56.4,0.91,0.66,1494.68,1478.13,1.4,0.34,1.67,0.87,0.4,FTF_COILING,UNRESOLVED,3,0.23,-0.71,0.17,-1.61,0.77,1.0
CIPLA,2025-07-11,1471.2,75.0,60.0,0.92,59.0,0.97,0.97,1496.46,1463.37,1.7,0.73,0.67,1.3,0.0,FTF_COILING,UNRESOLVED,3,-0.07,0.4,-0.18,3.2,0.05,0.68
CIPLA,2025-07-16,1462.08,50.0,70.0,1.02,59.0,1.05,0.88,1496.46,1463.37,2.3,0.45,1.17,1.07,0.0,FTF_COILING,UNRESOLVED,3,0.45,0.44,-0.16,5.66,5.77,5.91
CIPLA,2025-07-21,1460.2,50.0,35.0,0.88,57.5,0.93,0.83,1496.46,1463.37,2.4,0.39,0.9,1.04,-0.1,FTF_COILING,UNRESOLVED,3,-0.64,-0.03,6.66,2.8,5.09,4.1
CIPLA,2025-07-24,1474.07,75.0,70.0,0.92,60.0,0.89,0.92,1496.46,1463.37,1.5,0.89,1.01,1.05,-0.9,FTF_COILING,CONFIRMED_BREAKOUT,1,3.0,5.65,4.48,0.21,7.05,3.93
CIPLA,2025-08-01,1488.83,75.0,35.0,1.17,57.5,1.39,1.82,1550.16,1522.32,4.0,0.16,1.16,1.16,-2.2,RESISTANCE_PROBE,FAILED_BREAKOUT,2,0.82,-0.2,-1.13,4.15,4.42,4.63
CIPLA,2025-08-12,1507.46,75.0,80.0,1.49,55.0,0.92,0.83,1550.16,1450.49,2.8,0.86,0.54,0.71,-3.3,RESISTANCE_PROBE,UNRESOLVED,3,2.59,2.79,1.61,3.86,2.58,-0.28
CIPLA,2025-08-18,1550.65,75.0,80.0,1.6,60.0,0.93,0.95,1560.16,1537.58,0.6,0.5,1.0,1.0,0.9,FTF_COILING,UNRESOLVED,3,-1.04,-1.22,2.3,0.26,-0.4,-2.12
CIPLA,2025-08-21,1578.0,75.0,80.0,1.55,57.5,0.85,1.06,1560.16,1519.15,-1.1,0.94,0.97,0.68,-0.4,RESISTANCE_PROBE,CONFIRMED_BREAKOUT,1,0.0,0.53,-0.21,-2.47,-1.07,-1.07
CIPLA,2025-08-26,1565.12,75.0,35.0,1.43,53.8,1.02,0.84,1560.16,1537.58,-0.3,0.22,1.57,0.79,-0.4,FTF_COILING,CONFIRMED_BREAKOUT,1,0.03,0.61,-0.09,-1.01,-2.65,-2.68
CIPLA,2025-09-01,1572.45,75.0,55.0,1.54,53.8,0.83,1.1,1589.19,1558.38,1.1,0.28,0.55,1.07,0.5,FTF_COILING,UNRESOLVED,3,-1.13,-0.55,-2.9,-2.45,-6.25,-5.69
CIPLA,2025-09-04,1563.14,75.0,55.0,1.44,53.8,0.94,0.84,1589.19,1558.38,1.6,0.16,0.44,0.87,-0.2,FTF_COILING,FAILED_BREAKOUT,2,-1.55,-2.32,-1.08,0.03,-3.81,-1.52
CIPLA,2025-09-09,1537.18,75.0,85.0,1.27,51.3,1.0,0.58,1589.19,1558.38,3.3,0.84,0.61,0.72,-2.0,FTF_COILING,UNRESOLVED,3,0.79,0.59,0.48,-1.58,-3.67,-5.08
CIPLA,2025-09-12,1559.97,75.0,85.0,1.28,53.8,0.82,0.49,1589.19,1558.38,1.8,0.77,0.65,0.68,-2.0,FTF_COILING,UNRESOLVED,3,-1.67,-0.99,0.08,-4.78,-0.7,0.26
CIPLA,2025-09-17,1545.1,75.0,85.0,1.4,56.4,0.76,0.49,1589.19,1558.38,2.8,0.78,0.74,0.66,-2.0,FTF_COILING,UNRESOLVED,3,1.19,1.04,-1.38,-2.99,0.63,1.76
CIPLA,2025-10-16,1554.81,75.0,80.0,1.26,53.8,1.02,0.95,1592.86,1522.81,2.4,0.85,0.78,1.0,2.1,RESISTANCE_PROBE,CONFIRMED_BREAKOUT,2,0.52,4.44,0.96,-4.34,-2.15,-6.31
CIPLA,2025-10-21,1648.14,75.0,70.0,1.52,57.5,1.07,1.34,1653.49,1540.65,0.3,0.8,0.52,1.0,7.0,RESISTANCE_PROBE,UNRESOLVED,3,-1.11,-4.76,-4.96,-9.74,-8.08,-3.46
CIPLA,2025-12-03,1493.98,50.0,50.0,0.82,60.0,1.02,0.8,1517.27,1499.14,1.5,0.47,0.9,0.9,-0.3,FTF_COILING,UNRESOLVED,3,0.86,0.85,-1.13,-0.74,-0.47,0.22
CIPLA,2025-12-08,1483.68,50.0,35.0,0.86,57.5,1.16,0.77,1517.27,1499.14,2.2,0.13,1.14,0.76,-0.3,FTF_COILING,UNRESOLVED,3,-0.47,-0.45,0.69,1.02,2.22,1.22
CIPLA,2025-12-11,1498.24,50.0,60.0,0.95,57.5,1.03,0.87,1517.27,1499.14,1.3,0.95,0.54,1.0,-1.5,FTF_COILING,UNRESOLVED,3,0.34,-0.28,-0.89,-0.42,-3.08,-2.26
CIPLA,2025-12-16,1485.66,50.0,35.0,0.9,52.5,0.92,0.83,1517.27,1499.14,2.1,0.27,0.7,0.92,-1.5,FTF_COILING,UNRESOLVED,3,-0.18,-0.05,0.07,0.78,-4.34,-5.44
CIPLA,2025-12-19,1503.0,50.0,65.0,0.9,52.5,0.92,0.71,1517.27,1499.14,0.9,0.88,0.69,0.89,-1.5,FTF_COILING,UNRESOLVED,3,-0.28,-1.08,-1.52,0.18,-8.23,-6.95
CIPLA,2026-01-09,1452.08,50.0,60.0,0.79,50.0,1.32,1.77,1501.91,1441.48,3.3,0.79,1.35,2.07,0.4,FTF_COILING,UNRESOLVED,3,-0.03,-1.19,-4.65,-10.28,-8.41,-6.41
CIPLA,2026-06-01,1377.38,75.0,45.0,1.13,55.3,0.65,1.22,1415.92,1369.85,2.7,0.16,0.32,0.32,0.5,FTF_COILING,UNRESOLVED,3,-0.79,-1.09,0.76,0.28,5.57,4.94
CIPLA,2026-06-04,1385.7,75.0,60.0,1.1,50.0,1.08,1.39,1415.92,1369.85,2.1,0.88,0.68,0.67,-0.5,FTF_COILING,UNRESOLVED,3,1.13,0.16,-0.17,-2.18,5.07,5.78
CIPLA,2026-06-09,1376.5,75.0,35.0,1.11,47.4,0.91,0.7,1415.92,1369.85,2.8,0.12,0.64,0.58,-0.5,FTF_COILING,UNRESOLVED,3,0.04,0.49,-0.24,4.11,5.47,4.49
CIPLA,2026-06-12,1389.4,75.0,60.0,1.39,47.4,0.86,0.49,1415.92,1369.85,1.9,0.52,0.53,0.56,-0.5,FTF_COILING,UNRESOLVED,3,-0.58,-1.17,-2.71,3.65,3.6,6.56
CIPLA,2026-06-24,1437.9,75.0,35.0,1.18,44.7,1.22,1.32,1461.0,1418.8,1.6,0.47,1.12,1.12,1.3,FTF_COILING,CONFIRMED_BREAKOUT,3,0.15,0.15,1.31,-0.42,-1.59,-2.68
CIPLA,2026-06-29,1454.1,75.0,35.0,1.26,47.4,1.03,1.21,1461.0,1418.8,0.5,0.26,2.49,0.58,1.3,FTF_COILING,CONFIRMED_BREAKOUT,1,0.78,0.18,1.25,-1.88,-3.07,-3.82
CIPLA,2026-07-02,1456.0,75.0,40.0,1.26,47.4,0.94,0.96,1480.8,1448.7,1.7,0.21,0.45,0.45,0.6,FTF_COILING,UNRESOLVED,3,0.15,1.12,-1.01,-1.82,0.71,1.01
CIPLA,2026-07-07,1451.8,50.0,60.0,1.25,52.6,0.87,0.72,1480.8,1448.7,2.0,0.08,0.72,0.54,0.5,FTF_COILING,UNRESOLVED,3,-1.38,-0.72,-0.94,-1.33,0.56,1.43
CIPLA,2026-07-10,1439.4,50.0,60.0,1.23,50.0,1.02,0.6,1480.8,1448.7,2.8,0.23,0.45,0.59,-1.2,FTF_COILING,UNRESOLVED,3,-0.88,-0.09,-1.44,-2.0,1.7,1.79
CIPLA,2026-07-15,1438.0,75.0,60.0,1.23,52.6,0.87,0.56,1480.8,1448.7,2.9,0.25,0.59,0.59,-1.5,FTF_COILING,FAILED_BREAKOUT,2,-0.59,-1.34,-1.59,2.52,1.74,3.12
CIPLA,2026-07-20,1441.6,75.0,85.0,1.36,50.0,1.05,0.48,1480.8,1404.0,2.6,0.47,1.05,0.56,-2.1,RESISTANCE_PROBE,UNRESOLVED,3,-0.63,-1.84,-2.23,2.28,-0.7,2.76
COALINDIA,2025-03-24,369.65,75.0,55.0,1.4,61.5,0.82,0.98,374.3,359.73,1.2,0.14,0.73,0.73,2.8,FTF_COILING,UNRESOLVED,3,-1.9,-2.76,-2.06,-5.7,-3.17,-0.93
COALINDIA,2025-03-27,361.32,75.0,80.0,1.2,61.5,0.98,1.13,374.3,359.73,3.5,0.63,1.03,0.73,-0.1,FTF_COILING,UNRESOLVED,3,0.34,0.2,-2.97,-0.4,-2.91,-3.07
COALINDIA,2025-04-02,361.91,75.0,70.0,1.44,59.0,0.9,0.88,374.3,359.73,3.3,0.59,0.68,0.8,-0.1,FTF_COILING,FAILED_BREAKOUT,2,-0.11,-3.13,-5.76,0.75,-4.84,-1.77
COALINDIA,2025-04-16,363.51,75.0,80.0,1.42,61.5,1.0,0.97,374.3,339.7,2.9,0.89,0.83,0.89,-5.2,RESISTANCE_PROBE,UNRESOLVED,3,-0.1,0.31,0.15,-3.94,1.39,1.56
COALINDIA,2025-04-22,362.91,75.0,65.0,1.44,59.0,0.88,1.06,369.65,360.23,1.8,0.37,1.12,1.12,0.7,FTF_COILING,UNRESOLVED,3,0.09,0.31,-2.38,-3.84,1.69,3.1
COALINDIA,2025-04-25,357.95,75.0,65.0,1.51,56.4,0.9,1.21,369.65,360.23,3.2,0.24,1.16,1.05,0.7,FTF_COILING,FAILED_BREAKOUT,3,1.02,-1.03,-1.92,0.6,2.43,4.52
COALINDIA,2025-05-12,360.09,75.0,80.0,1.45,53.8,1.2,1.18,369.65,337.15,2.6,0.93,1.02,1.05,-4.4,RESISTANCE_PROBE,UNRESOLVED,3,-0.09,1.92,1.82,1.82,1.39,-0.9
COALINDIA,2025-05-21,369.06,75.0,65.0,1.49,52.5,0.91,1.38,379.89,367.83,2.9,0.12,1.01,1.01,0.3,FTF_COILING,UNRESOLVED,3,-1.6,-0.95,-1.76,-2.65,-3.7,-3.07
COALINDIA,2025-05-26,366.65,75.0,55.0,1.55,50.0,1.0,1.33,379.89,367.83,3.5,0.23,0.84,0.89,-1.3,FTF_COILING,UNRESOLVED,3,-0.68,-1.12,-0.74,-0.42,-2.53,-1.43
COALINDIA,2025-06-12,357.54,25.0,55.0,1.14,53.8,1.1,1.2,372.84,362.73,4.1,0.11,1.49,1.49,-1.4,RESISTANCE_PROBE,UNRESOLVED,3,-0.38,0.42,-2.15,0.37,-2.2,-1.85
COALINDIA,2025-09-04,366.55,75.0,60.0,1.1,59.0,1.28,0.97,360.51,351.24,-1.7,0.9,1.1,1.59,2.8,RESISTANCE_PROBE,CONFIRMED_BREAKOUT,1,0.31,-1.12,0.49,0.43,-2.07,-2.37
COALINDIA,2025-10-29,357.7,50.0,35.0,1.04,62.5,1.45,0.82,372.87,364.59,4.1,0.1,4.41,4.41,-1.9,RESISTANCE_PROBE,UNRESOLVED,3,1.49,1.74,0.33,3.03,1.65,-0.07
COALINDIA,2025-11-03,363.84,75.0,55.0,1.28,60.0,1.67,2.29,369.13,363.09,1.4,0.35,1.93,1.93,0.2,FTF_COILING,UNRESOLVED,3,-0.2,-1.36,1.19,1.49,0.17,0.78
COALINDIA,2025-11-07,361.63,50.0,80.0,1.22,57.5,0.96,1.96,367.4,362.11,1.6,0.86,0.62,0.89,-0.9,FTF_COILING,UNRESOLVED,3,1.42,1.81,2.91,0.59,1.05,-1.69
COALINDIA,2025-11-12,371.72,75.0,80.0,1.22,57.5,0.95,0.98,367.4,357.3,-1.2,0.78,0.59,0.64,-0.9,RESISTANCE_PROBE,CONFIRMED_BREAKOUT,3,-0.85,0.12,-1.93,-2.37,-1.13,-1.47
COALINDIA,2025-11-17,373.02,75.0,65.0,1.09,55.0,0.77,0.66,367.4,367.68,-1.5,0.56,0.53,0.59,-0.9,RESISTANCE_PROBE,CONFIRMED_BREAKOUT,1,-1.01,-2.27,-3.94,-2.11,-0.88,0.13
COALINDIA,2025-11-20,365.14,50.0,65.0,1.02,52.5,0.75,0.71,367.4,362.11,0.6,0.57,0.53,0.6,-0.9,FTF_COILING,UNRESOLVED,3,-0.38,-1.87,-0.42,-0.16,1.49,4.12
COALINDIA,2025-11-25,355.9,50.0,35.0,0.85,52.5,0.74,0.76,367.4,362.11,3.1,0.12,0.66,0.59,-1.1,FTF_COILING,UNRESOLVED,3,1.97,2.16,2.41,2.51,8.2,6.45
COALINDIA,2025-12-11,369.32,75.0,55.0,0.96,62.5,1.11,0.68,379.89,359.08,2.8,0.72,0.66,1.0,2.9,RESISTANCE_PROBE,UNRESOLVED,3,-0.17,0.12,0.34,4.73,8.95,9.63
COALINDIA,2025-12-17,370.04,75.0,75.0,1.04,57.5,0.99,0.59,379.89,363.89,2.6,0.84,0.96,1.0,1.7,RESISTANCE_PROBE,UNRESOLVED,3,0.14,0.22,4.57,4.08,12.33,11.9
COALINDIA,2025-12-22,371.48,75.0,75.0,1.06,57.5,0.89,0.63,379.89,366.24,2.2,0.76,0.86,1.0,1.4,RESISTANCE_PROBE,CONFIRMED_BREAKOUT,1,3.66,4.17,3.04,10.56,7.52,3.72
COALINDIA,2025-12-26,386.78,75.0,45.0,1.34,60.0,1.43,1.56,396.63,386.39,2.5,0.2,1.07,1.07,0.1,FTF_COILING,UNRESOLVED,3,-0.37,-1.03,6.4,4.03,4.04,4.86
COALINDIA,2025-12-31,383.75,75.0,25.0,1.18,57.5,1.24,1.78,396.63,386.39,3.2,0.22,0.89,1.03,-0.9,FTF_COILING,CONFIRMED_BREAKOUT,2,0.36,7.24,8.18,8.32,14.22,6.51
COALINDIA,2026-01-06,410.72,75.0,25.0,1.16,57.5,1.57,1.89,420.0,407.31,2.2,0.36,0.83,0.83,0.8,FTF_COILING,UNRESOLVED,3,1.08,-0.42,0.43,-2.75,1.84,3.96
COALINDIA,2026-01-09,402.36,75.0,35.0,1.29,55.0,1.21,2.28,420.0,407.26,4.2,0.1,0.9,0.91,0.4,RESISTANCE_PROBE,UNRESOLVED,3,3.33,2.52,3.02,0.01,3.19,-0.12
COALINDIA,2026-01-14,415.68,75.0,55.0,1.64,55.0,1.32,1.37,420.0,407.31,1.0,0.33,1.78,1.01,-1.2,FTF_COILING,UNRESOLVED,3,0.0,-0.28,-4.2,5.45,-3.02,-2.56
COALINDIA,2026-01-19,413.7,75.0,55.0,1.48,53.8,0.73,1.45,425.1,411.06,2.7,0.4,0.72,0.33,0.8,FTF_COILING,FAILED_BREAKOUT,1,-3.45,-3.74,-1.69,-0.17,-2.0,1.5
COALINDIA,2026-03-05,437.93,75.0,55.0,1.56,46.2,1.37,1.08,446.8,405.38,2.0,0.51,3.56,1.0,8.0,RESISTANCE_PROBE,UNRESOLVED,3,-1.99,-2.61,4.61,1.07,3.03,4.39
COALINDIA,2026-03-10,432.23,75.0,55.0,1.41,46.2,1.33,1.73,446.8,428.77,3.3,0.88,1.13,1.46,-0.5,FTF_COILING,CONFIRMED_BREAKOUT,2,0.72,5.99,4.22,-0.33,-2.13,-7.66
COALINDIA,2026-03-16,448.55,75.0,30.0,1.21,45.0,1.28,1.59,463.85,450.5,3.3,0.29,1.04,1.04,-0.4,FTF_COILING,UNRESOLVED,3,0.42,-1.11,-1.1,-2.37,-4.68,-3.4
COALINDIA,2026-03-20,456.2,75.0,100.0,1.37,50.0,0.97,1.19,463.85,450.5,1.6,0.74,1.79,0.86,-1.8,FTF_COILING,FAILED_BREAKOUT,2,-2.76,-5.56,-3.78,-4.04,-3.74,1.93
COALINDIA,2026-04-06,447.82,75.0,65.0,1.38,47.5,0.94,1.19,463.85,429.26,3.5,0.86,0.83,0.99,-4.4,RESISTANCE_PROBE,UNRESOLVED,3,0.75,-2.24,-5.32,-3.57,2.84,4.07
COALINDIA,2026-04-28,455.08,75.0,95.0,1.49,57.5,0.96,0.72,463.85,431.35,1.9,0.61,1.96,1.0,5.5,RESISTANCE_PROBE,CONFIRMED_BREAKOUT,1,2.76,3.09,1.2,-0.85,-1.9,-4.53
COALINDIA,2026-06-04,469.36,75.0,70.0,1.34,57.9,1.13,2.23,478.71,444.9,2.0,0.76,0.73,1.0,5.5,RESISTANCE_PROBE,UNRESOLVED,3,-1.94,-3.48,-7.36,-6.16,-8.88,-6.0
COCHINSHIP,2025-03-25,1447.09,75.0,45.0,1.36,55.3,1.52,2.33,1509.2,1402.02,4.1,0.14,1.01,1.01,0.8,RESISTANCE_PROBE,UNRESOLVED,3,-0.38,-2.23,-3.15,-6.69,3.06,6.69
COCHINSHIP,2025-05-14,1687.32,50.0,65.0,2.1,53.8,1.11,1.13,1704.8,1407.82,1.0,0.38,5.63,0.94,-8.4,RESISTANCE_PROBE,CONFIRMED_BREAKOUT,1,6.63,19.78,8.2,14.89,29.15,21.12
COCHINSHIP,2025-06-04,2071.87,75.0,75.0,2.5,60.0,0.82,0.89,2179.4,1887.49,4.9,0.28,1.43,0.73,-7.0,RESISTANCE_PROBE,CONFIRMED_BREAKOUT,1,12.66,14.65,5.18,2.72,-2.94,-13.85
COCHINSHIP,2025-09-19,1889.87,50.0,80.0,1.65,50.0,1.18,3.37,1928.84,1883.5,2.0,0.71,1.05,1.05,0.3,FTF_COILING,CONFIRMED_BREAKOUT,1,1.16,-0.81,-1.4,-2.51,-5.46,-6.55
COCHINSHIP,2025-09-25,1915.82,50.0,75.0,2.29,55.0,0.9,1.99,1968.51,1900.01,2.7,0.41,2.41,0.94,-1.3,FTF_COILING,FAILED_BREAKOUT,2,-2.73,-8.04,-3.39,-7.82,-5.54,2.72
COCHINSHIP,2025-12-24,1643.63,25.0,30.0,1.19,42.5,1.45,1.67,1681.0,1636.76,2.2,0.34,1.51,1.51,0.4,FTF_COILING,UNRESOLVED,3,0.17,-0.72,-1.62,-4.18,-9.16,-7.2
COCHINSHIP,2026-01-05,1624.4,25.0,60.0,1.07,50.0,0.68,0.65,1691.17,1601.78,3.9,0.2,1.19,0.66,-1.9,RESISTANCE_PROBE,UNRESOLVED,3,-1.52,-1.34,-4.13,-7.58,-7.24,-4.33
COCHINSHIP,2026-04-15,1477.54,50.0,55.0,1.8,42.5,1.01,1.63,1500.51,1433.39,1.5,0.63,0.71,0.91,-0.0,FTF_COILING,CONFIRMED_BREAKOUT,2,1.28,5.54,7.02,19.92,11.76,5.89
COCHINSHIP,2026-04-27,1677.41,50.0,90.0,2.78,55.0,0.92,2.12,1708.08,1591.01,1.8,0.46,1.22,1.22,5.4,FTF_COILING,CONFIRMED_BREAKOUT,2,0.97,5.63,2.38,2.22,-8.95,-13.8
COFORGE,2024-12-31,1906.02,75.0,60.0,2.73,72.5,1.38,0.96,1932.48,1843.52,1.4,0.81,0.88,1.28,0.5,FTF_COILING,UNRESOLVED,3,-0.36,0.35,-0.44,-11.08,-12.05,-12.11
COFORGE,2025-01-03,1907.34,75.0,50.0,2.66,72.5,1.31,1.02,1932.48,1843.52,1.3,0.65,0.74,1.08,0.5,FTF_COILING,UNRESOLVED,3,-0.39,-0.51,-2.75,-10.63,-14.35,-13.35
COFORGE,2025-01-08,1885.32,75.0,80.0,2.03,65.0,0.8,0.89,1932.48,1843.52,2.4,0.76,0.59,1.05,0.5,FTF_COILING,FAILED_BREAKOUT,3,-2.88,-1.61,-10.2,-13.91,-11.31,-2.62
COFORGE,2025-05-08,1532.91,50.0,55.0,1.13,59.0,1.05,1.0,1581.24,1460.85,3.1,0.44,1.19,0.57,2.8,FTF_COILING,CONFIRMED_BREAKOUT,2,-0.7,7.45,9.38,6.81,14.15,6.24
COFORGE,2025-06-16,1812.71,50.0,45.0,0.98,62.5,1.43,0.74,1877.61,1728.49,3.5,0.7,0.7,0.9,-1.8,RESISTANCE_PROBE,UNRESOLVED,3,0.6,0.22,0.08,5.19,2.49,4.52
COFORGE,2025-06-20,1815.19,50.0,85.0,1.41,60.0,1.13,0.44,1877.61,1761.69,3.3,0.88,1.01,0.81,-1.8,RESISTANCE_PROBE,UNRESOLVED,3,-0.05,1.64,3.68,6.47,1.49,-1.1
COFORGE,2025-06-25,1862.75,75.0,75.0,1.79,60.0,0.94,0.48,1877.61,1763.67,0.8,0.53,0.62,0.79,-1.8,RESISTANCE_PROBE,CONFIRMED_BREAKOUT,2,0.43,1.04,2.45,2.73,-1.61,-2.62
COFORGE,2025-06-30,1906.84,75.0,85.0,1.76,62.5,0.86,0.74,1937.06,1875.63,1.6,0.89,0.89,0.89,1.7,FTF_COILING,UNRESOLVED,3,-0.1,0.08,0.89,-2.57,-10.38,-11.02
COFORGE,2025-07-03,1920.52,75.0,55.0,1.65,62.5,0.97,1.0,1937.06,1875.63,0.9,0.4,0.57,0.96,1.6,FTF_COILING,CONFIRMED_BREAKOUT,3,0.63,0.18,-2.61,-3.77,-9.6,-10.12
COFORGE,2025-07-08,1931.71,75.0,60.0,1.58,65.0,0.8,0.6,1937.06,1875.63,0.3,0.16,0.94,0.74,1.6,FTF_COILING,UNRESOLVED,3,-0.94,-3.18,-2.86,-4.68,-12.26,-8.42
COFORGE,2025-07-15,1876.52,75.0,85.0,1.84,67.5,1.04,0.73,1937.06,1875.63,3.1,0.51,1.0,0.83,-1.3,FTF_COILING,UNRESOLVED,3,-0.61,-1.51,-1.87,-9.16,-13.98,-12.38
COFORGE,2025-10-28,1797.3,75.0,55.0,1.91,55.0,1.09,1.27,1853.71,1807.43,3.0,0.19,1.14,1.14,-0.6,FTF_COILING,FAILED_BREAKOUT,3,-0.69,-0.12,-2.15,1.21,3.62,5.23
COFORGE,2025-11-11,1788.65,75.0,100.0,1.67,52.5,0.95,0.76,1853.71,1706.94,3.5,0.93,1.36,0.8,-4.2,RESISTANCE_PROBE,UNRESOLVED,3,1.7,0.73,-0.71,1.93,4.25,4.11
COFORGE,2025-11-14,1791.14,75.0,90.0,1.61,52.5,1.03,0.9,1853.71,1749.53,3.4,0.89,1.0,0.85,-4.2,RESISTANCE_PROBE,UNRESOLVED,3,0.08,-0.85,-0.12,6.06,2.86,-0.39
COFORGE,2025-12-04,1956.95,75.0,100.0,1.87,52.5,0.94,0.69,1977.79,1886.19,1.1,0.71,2.17,1.0,3.8,RESISTANCE_PROBE,UNRESOLVED,3,0.6,-0.76,-6.35,-5.67,-16.07,-11.91
COFORGE,2026-01-27,1656.47,75.0,35.0,0.88,46.2,1.54,1.26,1701.96,1621.74,2.7,0.61,1.28,1.28,2.1,FTF_COILING,UNRESOLVED,3,1.8,0.83,3.12,-6.58,-26.99,-26.7
COFORGE,2026-01-30,1649.96,75.0,20.0,0.85,46.2,1.02,1.14,1701.96,1621.74,3.1,0.38,0.75,0.92,2.1,FTF_COILING,CONFIRMED_BREAKOUT,2,0.87,3.53,-6.52,-17.66,-28.3,-30.74
COFORGE,2026-05-12,1317.33,50.0,45.0,1.34,53.8,1.41,2.53,1384.57,1272.04,4.9,0.06,1.04,1.04,-2.9,RESISTANCE_PROBE,UNRESOLVED,3,-1.76,-3.47,6.94,7.76,6.94,10.13
COFORGE,2026-05-18,1344.97,50.0,70.0,1.53,59.0,1.06,0.99,1384.57,1246.9,2.9,0.95,0.98,0.75,-6.3,RESISTANCE_PROBE,CONFIRMED_BREAKOUT,1,4.74,4.02,3.7,8.39,4.04,-0.67
COFORGE,2026-05-21,1373.8,50.0,45.0,1.5,59.0,1.19,1.2,1443.64,1271.64,4.8,0.19,0.48,1.03,3.1,RESISTANCE_PROBE,UNRESOLVED,3,0.73,1.53,0.83,4.32,7.7,4.23
COFORGE,2026-05-26,1419.49,50.0,80.0,1.79,59.0,0.83,0.98,1443.64,1357.14,1.7,0.83,0.39,0.59,1.2,FTF_COILING,UNRESOLVED,3,-2.42,-2.42,6.8,-0.76,4.1,4.18
COFORGE,2026-05-29,1418.5,50.0,60.0,2.19,60.5,0.68,0.39,1443.64,1357.14,1.7,0.37,0.74,0.44,1.2,FTF_COILING,CONFIRMED_BREAKOUT,1,2.77,6.87,0.96,-3.84,5.0,2.17
COFORGE,2026-06-30,1462.29,50.0,80.0,1.63,52.6,0.63,0.73,1520.06,1479.05,3.8,0.18,1.38,1.38,-1.1,RESISTANCE_PROBE,FAILED_BREAKOUT,1,-6.48,-1.62,3.45,4.69,15.03,23.0
COFORGE,2026-07-03,1460.6,50.0,45.0,1.81,50.0,1.36,1.08,1499.41,1359.03,2.6,0.31,1.14,1.54,-6.0,RESISTANCE_PROBE,UNRESOLVED,3,1.22,3.57,2.72,3.03,17.55,19.03
COFORGE,2026-07-08,1442.54,50.0,45.0,1.86,52.6,1.15,0.97,1499.41,1447.73,3.8,0.15,0.77,1.12,-6.0,RESISTANCE_PROBE,CONFIRMED_BREAKOUT,3,1.57,4.0,6.04,1.76,23.19,15.59
COFORGE,2026-07-13,1537.32,50.0,95.0,2.04,55.3,1.17,0.59,1499.41,1424.48,-2.5,0.91,1.34,0.95,-6.0,RESISTANCE_PROBE,CONFIRMED_BREAKOUT,1,-0.42,-0.5,-2.17,-0.81,17.74,18.23
COFORGE,2026-07-30,1742.84,75.0,65.0,1.64,46.2,1.46,1.81,1760.8,1701.24,1.0,0.72,1.54,1.54,2.4,FTF_COILING,UNRESOLVED,3,-1.48,1.44,1.72,4.94,9.12,8.68
COFORGE,2026-08-04,1749.9,50.0,40.0,1.57,48.7,1.02,1.97,1760.8,1701.24,0.6,0.4,0.33,1.04,0.9,FTF_COILING,CONFIRMED_BREAKOUT,1,1.55,1.31,3.95,1.32,13.66,11.92
COFORGE,2026-08-26,1880.0,75.0,60.0,1.45,55.0,1.05,0.72,1980.34,1851.0,5.1,0.02,0.73,1.0,1.6,RESISTANCE_PROBE,CONFIRMED_BREAKOUT,2,1.16,7.16,4.56,-1.86,-5.19,-11.53
COFORGE,2026-08-31,1985.3,75.0,45.0,1.74,52.5,1.24,0.78,2021.2,1878.6,1.8,0.28,1.03,1.0,5.7,RESISTANCE_PROBE,UNRESOLVED,3,0.18,-0.99,-2.53,-6.99,-10.69,-10.08
COROMANDEL,2024-12-30,1846.84,75.0,80.0,1.54,55.0,1.03,1.25,1866.61,1794.67,1.1,0.68,1.18,0.65,1.6,FTF_COILING,CONFIRMED_BREAKOUT,2,0.59,3.2,3.71,-3.26,-7.44,-10.31
COROMANDEL,2025-01-02,1932.91,75.0,70.0,1.89,57.5,1.06,1.19,1866.61,1801.09,-3.6,0.94,0.62,0.9,1.6,RESISTANCE_PROBE,CONFIRMED_BREAKOUT,1,0.12,-0.91,-0.21,-4.12,-6.78,-6.89
COROMANDEL,2025-02-06,1848.95,75.0,35.0,1.57,50.0,0.89,1.19,1899.21,1846.87,2.6,0.29,1.64,1.64,0.1,FTF_COILING,FAILED_BREAKOUT,3,-0.37,-0.71,-0.74,-6.65,-5.83,-3.48
COROMANDEL,2025-02-12,1824.91,75.0,65.0,1.45,47.5,1.09,1.25,1883.45,1779.01,3.1,0.56,2.06,1.04,-1.7,RESISTANCE_PROBE,FAILED_BREAKOUT,2,0.56,-4.82,-6.86,-9.31,-2.34,2.6
COROMANDEL,2025-03-19,1961.46,100.0,75.0,1.5,48.7,1.01,0.95,1997.2,1723.69,1.8,0.54,1.49,1.0,13.8,RESISTANCE_PROBE,UNRESOLVED,3,0.23,-0.08,0.05,4.14,9.78,9.38
COROMANDEL,2025-03-24,1968.8,100.0,55.0,1.63,51.3,0.74,1.17,1997.2,1919.83,1.4,0.22,0.79,0.99,2.1,FTF_COILING,UNRESOLVED,3,-0.37,-0.32,3.17,3.9,10.85,11.73
COROMANDEL,2025-03-27,1953.38,75.0,55.0,1.53,51.3,0.86,0.99,1997.2,1919.83,2.2,0.32,0.64,0.82,2.1,FTF_COILING,CONFIRMED_BREAKOUT,2,0.59,3.99,2.28,11.35,12.37,8.06
COROMANDEL,2025-04-09,1987.34,75.0,35.0,1.96,53.8,1.54,0.96,2099.66,1838.98,5.3,0.2,0.79,0.79,1.4,RESISTANCE_PROBE,CONFIRMED_BREAKOUT,1,2.76,9.45,9.64,11.61,21.38,18.12
COROMANDEL,2025-04-21,2178.86,75.0,60.0,1.88,56.4,1.41,1.36,2208.31,2088.36,1.3,0.67,1.08,0.84,0.6,FTF_COILING,UNRESOLVED,3,-1.17,0.35,1.8,3.92,9.0,7.31
COROMANDEL,2025-04-24,2213.26,75.0,80.0,1.94,56.4,0.73,1.18,2215.15,2138.81,0.1,0.47,1.03,1.03,3.5,FTF_COILING,CONFIRMED_BREAKOUT,3,-1.39,0.22,0.71,4.94,7.03,6.11
COROMANDEL,2025-04-29,2232.4,75.0,55.0,2.22,59.0,0.67,1.03,2215.15,2138.81,-0.8,0.35,0.83,1.0,2.0,FTF_COILING,CONFIRMED_BREAKOUT,1,-1.67,-0.15,2.76,6.72,6.98,8.8
COROMANDEL,2025-05-16,2429.67,75.0,65.0,2.09,61.5,1.17,1.3,2489.25,2394.08,2.4,0.36,1.51,1.51,1.5,FTF_COILING,UNRESOLVED,3,1.68,-2.25,-2.51,-6.59,-6.51,-5.08
COROMANDEL,2025-05-28,2388.14,75.0,35.0,1.82,60.0,0.72,0.96,2492.23,2354.43,4.2,0.13,1.84,0.9,-1.1,RESISTANCE_PROBE,FAILED_BREAKOUT,1,-4.16,-4.96,-3.28,-1.15,-2.25,1.99
COROMANDEL,2025-06-27,2411.14,75.0,55.0,0.67,52.5,1.54,0.42,2525.93,2248.36,4.5,0.66,2.3,1.0,7.2,RESISTANCE_PROBE,UNRESOLVED,3,3.0,-4.38,-8.16,-4.42,0.82,7.88
COROMANDEL,2025-07-25,2430.84,75.0,75.0,0.53,52.5,0.92,0.46,2525.93,2300.38,3.8,0.46,1.31,1.0,5.7,RESISTANCE_PROBE,CONFIRMED_BREAKOUT,3,-1.22,2.15,6.04,-0.93,-2.17,-9.91
COROMANDEL,2025-07-30,2639.71,75.0,60.0,0.58,52.5,1.39,0.76,2648.97,2376.41,0.3,0.94,2.44,1.0,11.1,RESISTANCE_PROBE,CONFIRMED_BREAKOUT,1,1.46,-2.35,-5.59,-14.89,-12.95,-14.2
COROMANDEL,2025-08-04,2529.76,75.0,15.0,0.56,52.5,1.48,0.87,2705.59,2496.82,6.5,0.09,0.71,1.0,1.3,RESISTANCE_PROBE,FAILED_BREAKOUT,3,3.02,-1.49,-3.96,-6.29,-7.38,-3.76
COROMANDEL,2025-11-19,2229.73,100.0,45.0,1.16,55.0,0.71,0.77,2310.63,2161.47,3.5,0.43,0.64,1.3,-5.0,RESISTANCE_PROBE,UNRESOLVED,3,1.06,0.99,2.56,3.45,0.92,-1.73
COROMANDEL,2025-12-09,2356.51,75.0,90.0,1.36,55.0,1.06,1.06,2413.13,2316.6,2.3,0.79,1.21,1.06,-1.2,FTF_COILING,FAILED_BREAKOUT,2,-3.57,-5.03,-2.27,1.69,-2.14,3.05
COROMANDEL,2025-12-19,2346.95,50.0,65.0,1.04,52.5,1.27,0.66,2413.13,2199.58,2.7,0.47,2.46,0.86,-3.4,RESISTANCE_PROBE,UNRESOLVED,3,1.58,2.11,0.22,-2.51,-3.7,-5.37
COROMANDEL,2026-04-13,2091.56,25.0,0.0,0.86,42.5,1.23,1.47,2195.76,2038.12,4.7,0.25,0.53,0.53,-1.9,RESISTANCE_PROBE,UNRESOLVED,3,-0.19,-0.75,-1.82,-3.96,-10.55,-8.66
COROMANDEL,2026-06-22,1985.77,50.0,20.0,0.71,47.4,1.15,1.29,2070.88,1994.46,4.1,0.17,1.07,1.07,-0.7,RESISTANCE_PROBE,UNRESOLVED,3,0.26,-0.22,-3.71,3.41,1.74,1.1
COROMANDEL,2026-06-25,1998.45,50.0,35.0,0.82,52.6,0.67,0.97,2070.88,2000.05,3.5,0.81,0.47,0.6,-0.9,FTF_COILING,FAILED_BREAKOUT,2,0.0,-4.32,0.29,0.69,1.22,5.8
COROMANDEL,2026-06-30,2003.05,50.0,85.0,0.84,50.0,0.94,0.72,2070.88,1898.45,3.3,0.82,1.6,0.8,-4.4,RESISTANCE_PROBE,UNRESOLVED,3,-0.59,0.06,3.46,3.32,1.19,-0.27
COROMANDEL,2026-07-03,2032.32,50.0,30.0,0.84,52.6,1.25,1.15,2070.88,1916.13,1.9,0.64,0.68,0.91,-4.4,RESISTANCE_PROBE,UNRESOLVED,3,1.04,1.97,1.65,0.1,2.03,3.32
COROMANDEL,2026-07-08,2007.05,50.0,40.0,0.96,55.3,0.9,0.72,2070.88,1994.16,3.1,0.19,0.47,0.83,-4.4,RESISTANCE_PROBE,UNRESOLVED,3,0.26,2.93,2.34,1.61,3.95,1.38
CUMMINSIND,2025-03-07,2835.44,50.0,10.0,0.89,47.5,1.19,1.11,2983.08,2697.63,4.9,0.08,0.44,0.44,-0.5,RESISTANCE_PROBE,UNRESOLVED,3,-1.19,-0.82,-1.27,5.42,-5.28,-2.58
CUMMINSIND,2025-03-19,2936.33,50.0,60.0,1.0,48.7,0.89,0.4,2983.08,2747.32,1.6,0.86,0.52,0.49,-3.2,RESISTANCE_PROBE,CONFIRMED_BREAKOUT,3,-0.39,-2.15,0.09,1.02,-3.52,-5.23
CUMMINSIND,2025-03-24,2989.19,50.0,80.0,1.11,48.7,1.03,0.49,2963.42,2859.84,-0.9,0.83,1.32,1.32,4.5,FTF_COILING,CONFIRMED_BREAKOUT,1,-3.07,-1.68,-1.51,-10.15,-6.39,-3.42
CUMMINSIND,2025-03-27,2938.43,50.0,40.0,1.06,48.7,1.17,0.86,2963.42,2859.84,0.8,0.35,1.47,1.12,1.3,FTF_COILING,CONFIRMED_BREAKOUT,1,1.58,0.19,-5.31,-2.78,-3.63,-5.13
CUMMINSIND,2025-04-02,2984.59,50.0,55.0,1.1,48.7,0.93,0.77,2988.95,2911.48,0.1,0.92,0.88,0.68,1.1,FTF_COILING,FAILED_BREAKOUT,2,-0.62,-6.77,-8.85,-4.49,-8.56,-1.92
CUMMINSIND,2025-04-23,2900.82,50.0,75.0,1.14,53.8,0.69,0.62,2988.95,2769.47,2.9,0.94,0.81,0.96,-8.9,RESISTANCE_PROBE,UNRESOLVED,3,-1.01,-3.53,-2.38,-6.58,0.39,1.95
CUMMINSIND,2025-05-20,2884.98,50.0,40.0,0.89,45.0,0.88,1.07,2996.38,2812.99,3.7,0.14,1.4,1.4,-1.1,RESISTANCE_PROBE,UNRESOLVED,3,1.06,0.94,0.82,12.51,12.44,12.79
CUMMINSIND,2025-05-23,2875.88,50.0,20.0,0.75,45.0,0.81,1.34,2957.94,2872.66,2.8,0.17,0.85,1.0,1.4,FTF_COILING,UNRESOLVED,3,0.14,1.14,11.14,15.09,11.26,9.93
CUMMINSIND,2025-05-28,2910.8,50.0,30.0,0.89,47.5,0.77,1.02,2957.94,2872.66,1.6,0.26,1.12,0.85,0.1,FTF_COILING,CONFIRMED_BREAKOUT,1,6.5,9.81,12.46,13.35,11.52,4.72
CUMMINSIND,2025-06-27,3263.98,50.0,35.0,1.46,55.0,1.12,0.7,3318.55,3242.46,1.6,0.11,2.3,2.3,0.7,FTF_COILING,CONFIRMED_BREAKOUT,2,1.86,0.33,0.14,6.27,6.93,6.57
CUMMINSIND,2025-07-02,3264.76,50.0,50.0,1.4,52.5,1.26,0.96,3354.74,3252.53,2.7,0.46,0.47,0.84,0.7,FTF_COILING,CONFIRMED_BREAKOUT,3,-0.15,0.12,5.57,6.88,8.32,5.23
CUMMINSIND,2025-07-07,3360.71,50.0,95.0,1.53,55.0,1.09,0.48,3354.74,3252.53,-0.2,0.94,1.39,0.67,0.2,FTF_COILING,CONFIRMED_BREAKOUT,1,1.22,2.56,2.55,6.28,4.78,3.52
CUMMINSIND,2025-07-10,3441.69,75.0,55.0,1.72,55.0,0.95,0.81,3477.0,3402.57,1.0,0.38,0.72,0.72,1.1,FTF_COILING,CONFIRMED_BREAKOUT,3,0.78,0.14,1.87,2.23,5.39,3.7
CUMMINSIND,2025-07-16,3489.32,75.0,55.0,2.09,55.0,0.91,1.02,3477.0,3402.57,-0.4,0.33,0.73,1.15,1.1,FTF_COILING,CONFIRMED_BREAKOUT,3,0.48,0.05,2.32,1.35,7.3,4.81
CUMMINSIND,2025-07-21,3571.9,75.0,80.0,2.13,57.5,0.95,0.78,3477.0,3466.36,-2.7,0.88,0.79,1.0,1.1,RESISTANCE_PROBE,CONFIRMED_BREAKOUT,1,-0.84,-0.04,-2.45,-1.41,3.71,4.59
CUMMINSIND,2025-08-07,3627.28,75.0,80.0,1.59,52.5,1.17,1.08,3625.9,3554.03,-0.0,0.71,1.03,1.03,2.1,FTF_COILING,CONFIRMED_BREAKOUT,1,3.62,3.22,3.01,6.59,7.96,4.2
CUMMINSIND,2025-08-13,3743.88,75.0,50.0,1.67,55.0,1.29,2.22,3850.51,3611.49,2.8,0.49,0.82,0.9,2.8,FTF_COILING,UNRESOLVED,3,-0.2,-0.23,2.48,0.9,6.28,7.42
CUMMINSIND,2025-08-20,3769.85,75.0,80.0,1.55,52.5,0.82,0.83,3850.51,3611.49,2.1,0.83,0.82,0.75,2.6,FTF_COILING,UNRESOLVED,3,1.78,2.56,0.44,3.07,7.4,5.68
CUMMINSIND,2025-08-25,3831.16,75.0,55.0,1.81,52.5,0.85,0.92,3850.51,3611.49,0.5,0.17,0.44,0.79,2.6,FTF_COILING,UNRESOLVED,3,-1.13,-1.17,-1.39,3.39,3.21,4.68
CUMMINSIND,2025-08-29,3777.55,75.0,55.0,1.62,50.0,0.8,0.93,3850.51,3611.49,1.9,0.08,0.61,0.77,2.6,FTF_COILING,UNRESOLVED,3,1.41,0.01,2.89,5.34,3.17,1.61
CUMMINSIND,2025-09-03,3835.8,75.0,80.0,1.57,50.0,1.02,0.79,3882.0,3766.1,1.2,0.87,0.72,1.0,1.9,RESISTANCE_PROBE,CONFIRMED_BREAKOUT,3,1.3,1.33,3.5,6.18,-0.93,-2.96
CUMMINSIND,2025-09-08,3916.16,75.0,75.0,1.78,52.5,1.01,0.72,3942.72,3743.78,0.7,0.59,0.55,1.0,4.6,RESISTANCE_PROBE,CONFIRMED_BREAKOUT,2,1.14,1.38,2.12,0.59,0.02,-1.34
CUMMINSIND,2025-09-11,3988.33,75.0,70.0,2.05,55.0,0.94,0.86,4042.93,3878.45,1.4,0.69,0.91,1.0,2.8,RESISTANCE_PROBE,UNRESOLVED,3,-0.23,0.27,1.52,-1.55,-1.82,-3.53
CUMMINSIND,2025-09-16,4058.73,75.0,90.0,2.03,57.5,0.84,0.84,4066.33,3946.18,0.2,0.91,1.02,1.0,2.9,RESISTANCE_PROBE,UNRESOLVED,3,0.35,-0.24,-2.57,-4.49,-3.74,-3.01
CUMMINSIND,2025-09-19,4028.52,75.0,60.0,1.83,55.0,0.91,0.65,4115.69,3983.99,2.1,0.27,0.96,1.0,1.1,RESISTANCE_PROBE,UNRESOLVED,3,-2.21,-1.84,-3.25,-3.37,-1.81,0.44
CUMMINSIND,2025-10-21,3950.03,75.0,65.0,1.19,52.5,0.85,0.56,3982.31,3924.75,0.8,0.47,0.07,0.07,0.6,FTF_COILING,CONFIRMED_BREAKOUT,1,1.82,4.56,8.92,7.88,9.37,7.41
CUMMINSIND,2025-10-29,4302.49,75.0,70.0,1.75,60.0,1.27,1.48,4273.66,4215.11,-0.7,0.91,1.06,1.06,2.1,FTF_COILING,CONFIRMED_BREAKOUT,1,0.6,-0.32,-0.96,0.19,2.1,1.49
CUMMINSIND,2025-11-03,4324.01,75.0,90.0,1.66,60.0,0.93,1.42,4343.76,4277.9,0.5,0.6,1.49,1.49,1.1,FTF_COILING,CONFIRMED_BREAKOUT,3,-1.44,-1.45,0.79,-2.91,3.08,5.19
CUMMINSIND,2025-11-10,4293.9,75.0,80.0,1.4,52.5,1.34,1.92,4437.84,4196.95,3.2,0.78,1.39,1.39,2.3,FTF_COILING,UNRESOLVED,3,1.49,1.06,0.74,-1.15,2.71,2.31
CUMMINSIND,2025-11-13,4310.68,75.0,35.0,1.38,50.0,1.34,1.97,4437.84,4196.95,2.9,0.16,0.71,1.08,2.3,FTF_COILING,UNRESOLVED,3,-1.9,0.34,0.22,1.91,3.8,6.57
CUMMINSIND,2025-11-20,4320.06,75.0,100.0,1.21,52.5,1.04,1.02,4437.84,4196.95,2.7,0.84,1.44,0.89,0.0,FTF_COILING,UNRESOLVED,3,-0.96,-1.75,1.68,1.91,0.22,1.72
CUMMINSIND,2025-11-26,4352.15,75.0,70.0,1.03,55.0,0.91,1.39,4437.84,4196.95,1.9,0.89,0.64,0.95,0.0,FTF_COILING,UNRESOLVED,3,0.93,1.61,2.4,2.89,0.21,-2.79
CUMMINSIND,2025-12-01,4486.42,75.0,70.0,1.15,60.0,0.86,1.41,4495.3,4256.68,0.2,0.88,0.66,1.0,5.4,RESISTANCE_PROBE,UNRESOLVED,3,-0.65,-0.66,-1.7,-0.09,-3.4,-1.56
CUMMINSIND,2025-12-04,4402.6,75.0,45.0,1.09,52.5,0.88,1.18,4515.84,4393.71,2.5,0.24,0.55,1.0,0.2,RESISTANCE_PROBE,UNRESOLVED,3,0.22,0.17,1.63,-1.66,0.51,0.07
CUMMINSIND,2025-12-09,4422.15,75.0,70.0,1.19,52.5,0.93,0.89,4515.84,4373.67,2.1,0.8,0.76,1.0,1.1,RESISTANCE_PROBE,UNRESOLVED,3,1.26,1.18,0.34,0.54,-7.39,-9.83
CUMMINSIND,2025-12-12,4541.71,75.0,80.0,1.3,55.0,0.93,0.97,4556.32,4356.0,0.3,0.83,0.87,1.0,4.3,RESISTANCE_PROBE,UNRESOLVED,3,-1.31,-2.3,-4.13,-4.3,-13.6,-11.92
CUMMINSIND,2025-12-17,4455.32,75.0,60.0,1.18,52.5,0.88,0.84,4556.32,4413.46,2.2,0.61,0.51,1.0,0.9,RESISTANCE_PROBE,UNRESOLVED,3,-2.82,-2.27,-2.11,-0.93,-10.71,-10.86
CUMMINSIND,2025-12-22,4462.43,75.0,65.0,1.16,52.5,1.13,0.74,4556.32,4283.43,2.1,0.9,0.68,1.0,4.2,RESISTANCE_PROBE,UNRESOLVED,3,-0.37,-2.27,-2.88,-8.62,-11.04,-7.49
CUMMINSIND,2026-01-01,4413.75,75.0,40.0,0.96,50.0,1.08,1.35,4556.32,4261.12,3.1,0.59,0.59,1.0,3.6,RESISTANCE_PROBE,FAILED_BREAKOUT,3,0.26,-3.6,-7.89,-9.87,-8.01,-0.43
CUMMINSIND,2026-02-13,4376.1,75.0,20.0,0.87,48.7,0.74,0.85,4556.32,4273.36,4.0,0.18,0.93,1.0,2.4,RESISTANCE_PROBE,CONFIRMED_BREAKOUT,3,2.55,4.2,7.29,11.01,4.02,-2.88
CUMMINSIND,2026-02-18,4686.93,75.0,75.0,0.96,51.3,0.92,0.68,4747.03,4342.18,1.3,0.67,1.93,1.0,7.9,RESISTANCE_PROBE,CONFIRMED_BREAKOUT,3,-1.69,0.17,4.08,1.39,-4.66,-7.75
CUMMINSIND,2026-02-23,4844.12,75.0,90.0,1.06,56.4,1.03,1.05,4859.69,4566.23,0.3,0.88,2.35,1.0,6.1,RESISTANCE_PROBE,CONFIRMED_BREAKOUT,3,0.53,0.7,-1.38,-3.4,-5.42,-6.92
CUMMINSIND,2026-02-26,4921.98,75.0,80.0,1.21,59.0,0.79,1.34,4934.08,4730.66,0.2,0.79,0.51,1.0,4.0,RESISTANCE_PROBE,FAILED_BREAKOUT,3,-1.3,-2.94,-3.27,-6.31,-9.32,-1.85
CUMMINSIND,2026-03-06,4761.21,75.0,45.0,1.18,56.4,1.33,1.09,4945.98,4525.96,3.7,0.27,1.31,1.12,-5.8,RESISTANCE_PROBE,UNRESOLVED,3,-2.28,-1.72,-3.15,-3.86,-0.09,3.58
CUMMINSIND,2026-03-12,4714.5,75.0,80.0,1.4,59.0,1.35,1.0,4883.89,4716.48,3.5,0.89,1.38,0.69,-2.6,FTF_COILING,FAILED_BREAKOUT,1,-2.19,-3.45,-5.21,-2.57,5.25,7.61
CUMMINSIND,2026-04-09,4867.03,75.0,90.0,1.4,60.0,0.9,0.9,4945.98,4524.77,1.6,0.94,1.04,1.0,7.6,RESISTANCE_PROBE,CONFIRMED_BREAKOUT,1,4.71,1.71,4.76,6.61,10.06,5.1
CUMMINSIND,2026-04-15,4962.24,75.0,55.0,1.43,62.5,1.03,1.17,5112.5,4725.8,2.9,0.13,0.78,1.0,5.0,RESISTANCE_PROBE,UNRESOLVED,3,0.7,2.75,4.17,5.69,4.17,0.22
CUMMINSIND,2026-04-20,5157.52,75.0,80.0,1.5,65.0,0.85,1.02,5173.99,4910.27,0.3,0.89,0.63,1.0,5.0,RESISTANCE_PROBE,UNRESOLVED,3,-1.61,0.22,0.63,1.71,1.89,2.35
CUMMINSIND,2026-04-23,5134.31,75.0,55.0,1.34,62.5,0.94,0.76,5229.33,5025.91,1.8,0.19,0.53,1.0,2.2,RESISTANCE_PROBE,UNRESOLVED,3,1.06,1.09,1.73,4.37,4.12,2.51
CUMMINSIND,2026-04-28,5214.75,75.0,75.0,1.48,62.5,0.8,0.71,5265.03,5060.13,1.0,0.69,0.38,1.0,3.1,RESISTANCE_PROBE,UNRESOLVED,3,0.57,0.16,0.04,-1.86,3.05,2.89
CUMMINSIND,2026-05-01,5223.08,75.0,85.0,1.46,61.5,0.66,0.56,5281.0,5077.88,1.1,0.5,0.0,1.0,2.9,RESISTANCE_PROBE,UNRESOLVED,3,0.43,-0.12,2.56,2.38,11.67,10.45
CUMMINSIND,2026-05-06,5280.7,75.0,85.0,1.42,64.1,0.74,0.38,5311.45,5184.5,0.6,0.75,0.58,1.0,1.9,RESISTANCE_PROBE,CONFIRMED_BREAKOUT,2,1.47,1.44,-2.11,1.41,6.91,5.4
CUMMINSIND,2026-05-11,5195.41,75.0,50.0,1.18,61.5,0.96,0.55,5425.5,5187.47,4.2,0.3,0.96,1.0,0.2,RESISTANCE_PROBE,UNRESOLVED,3,-1.5,-0.51,1.15,2.74,7.1,4.54
CUMMINSIND,2026-05-14,5322.85,75.0,75.0,1.21,64.1,1.14,0.68,5425.5,5105.16,1.9,0.9,0.72,1.0,4.3,RESISTANCE_PROBE,UNRESOLVED,3,0.47,-1.28,0.43,12.31,3.54,5.77
CUMMINSIND,2026-05-19,5210.78,75.0,50.0,1.24,61.5,1.15,0.57,5425.5,5185.49,4.0,0.13,0.8,1.0,0.5,RESISTANCE_PROBE,UNRESOLVED,3,2.77,2.59,3.13,8.64,8.94,6.92
CUMMINSIND,2026-05-22,5308.97,75.0,40.0,1.16,61.5,1.17,0.53,5425.5,5140.36,2.1,0.21,0.61,1.0,3.3,RESISTANCE_PROBE,CONFIRMED_BREAKOUT,3,0.54,1.22,9.86,8.05,9.56,-2.7
CUMMINSIND,2026-05-27,5977.92,75.0,85.0,1.41,64.1,1.39,0.46,6048.83,5291.61,1.2,0.9,3.98,1.0,13.0,RESISTANCE_PROBE,UNRESOLVED,3,0.0,-2.43,-5.56,-6.93,-7.83,-2.2
CUMMINSIND,2026-06-01,5633.77,75.0,35.0,1.17,60.5,1.66,1.27,6049.82,5358.06,6.9,0.06,1.14,1.14,-3.0,RESISTANCE_PROBE,UNRESOLVED,3,0.48,0.21,-1.23,1.29,-2.45,-4.25
CUMMINSIND,2026-07-31,5519.0,50.0,50.0,0.99,59.0,1.05,0.81,5620.0,5408.0,1.8,0.55,0.88,0.88,-0.5,FTF_COILING,UNRESOLVED,3,0.56,0.56,-1.69,-2.16,-5.91,-4.54
CUMMINSIND,2026-08-05,5440.0,50.0,50.0,0.79,60.5,1.17,0.69,5620.0,5408.0,3.2,0.38,1.53,0.77,-0.5,FTF_COILING,UNRESOLVED,3,-0.7,-0.26,-1.38,-4.04,-6.46,-6.6
CUMMINSIND,2026-08-10,5448.0,50.0,30.0,0.81,60.5,1.32,1.48,5593.5,5345.0,2.6,0.59,0.49,2.44,1.1,FTF_COILING,UNRESOLVED,3,-1.28,-1.52,0.04,-4.74,-7.67,-5.36
CUMMINSIND,2026-08-14,5400.0,50.0,60.0,0.8,55.3,0.7,0.78,5593.5,5345.0,3.5,0.7,0.95,1.36,-0.6,FTF_COILING,FAILED_BREAKOUT,3,0.93,-0.93,-5.42,-3.83,-6.11,-2.87
DEEPAKNTR,2025-03-21,2040.0,25.0,85.0,0.54,56.4,0.77,0.57,2055.71,2007.49,0.8,0.85,1.2,1.2,1.6,FTF_COILING,CONFIRMED_BREAKOUT,2,1.61,-0.99,-3.61,-11.38,-2.66,-1.69
DEEPAKNTR,2025-03-26,1999.26,25.0,60.0,0.53,59.0,1.0,0.75,2055.71,2007.49,2.7,0.32,1.28,1.07,0.6,FTF_COILING,FAILED_BREAKOUT,2,-1.27,-1.64,-0.6,-4.16,-1.45,0.19
DEEPAKNTR,2025-04-02,2015.37,25.0,35.0,0.5,53.8,1.06,0.6,2055.71,1928.67,2.0,0.92,0.54,1.06,-2.1,RESISTANCE_PROBE,FAILED_BREAKOUT,3,-1.39,-5.12,-11.1,-0.65,-3.83,7.21
DEEPAKNTR,2025-05-20,2059.73,50.0,55.0,1.62,55.0,1.03,1.27,2155.2,1962.58,4.4,0.12,0.99,0.99,-1.7,RESISTANCE_PROBE,UNRESOLVED,3,0.6,-0.33,-1.92,-2.81,-8.36,-7.98
DEEPAKNTR,2025-05-23,2051.3,50.0,55.0,1.34,50.0,0.91,1.24,2116.53,2042.18,3.1,0.13,0.91,0.91,0.4,FTF_COILING,FAILED_BREAKOUT,3,-1.16,-1.52,-2.02,-6.21,-8.44,-5.27
DEEPAKNTR,2025-05-29,2082.23,50.0,90.0,1.54,50.0,1.09,1.3,2116.53,1975.76,1.6,0.73,6.99,1.69,-2.9,RESISTANCE_PROBE,UNRESOLVED,3,-3.48,-5.03,-5.7,-8.1,-6.24,-2.48
DEEPAKNTR,2025-09-22,1803.06,25.0,15.0,0.88,50.0,1.29,2.59,1829.44,1776.88,1.4,0.23,0.54,0.54,1.5,FTF_COILING,CONFIRMED_BREAKOUT,2,0.54,3.21,1.23,-0.51,-2.25,-5.29
DEEPAKNTR,2025-09-25,1853.43,50.0,25.0,1.01,52.5,1.26,1.59,1895.74,1801.77,2.2,0.32,0.75,0.75,2.9,FTF_COILING,UNRESOLVED,3,-0.73,-1.52,-0.54,-3.9,-6.13,-4.76
DEEPAKNTR,2025-10-01,1833.13,50.0,60.0,0.99,52.5,0.82,1.4,1895.74,1801.77,3.3,0.83,0.21,0.61,1.3,FTF_COILING,UNRESOLVED,3,0.56,0.12,-3.3,-3.59,-6.14,-4.08
DEEPAKNTR,2026-04-13,1466.7,25.0,55.0,1.12,45.0,1.11,1.23,1496.66,1419.12,2.0,0.87,1.05,1.05,3.4,FTF_COILING,CONFIRMED_BREAKOUT,1,3.34,4.09,11.63,14.2,25.99,21.92
DEEPAKNTR,2026-04-17,1531.11,50.0,35.0,1.31,52.5,1.07,1.34,1537.28,1483.23,0.4,0.22,1.65,0.84,2.9,FTF_COILING,CONFIRMED_BREAKOUT,2,-0.18,6.94,9.9,13.93,13.68,6.3
DEEPAKNTR,2026-05-20,1815.71,50.0,50.0,1.79,65.0,1.24,1.01,1851.54,1752.1,1.9,0.62,0.76,0.76,3.6,FTF_COILING,UNRESOLVED,3,-2.12,-4.62,-5.99,-6.86,-11.44,-7.48
DEEPAKNTR,2026-07-15,1689.28,100.0,30.0,1.14,47.4,1.22,1.18,1700.13,1639.21,0.6,0.39,2.26,2.26,3.1,FTF_COILING,CONFIRMED_BREAKOUT,1,2.64,0.65,-0.06,-0.87,1.72,-0.89
DEEPAKNTR,2026-07-20,1682.02,100.0,30.0,1.31,47.4,1.16,1.75,1732.09,1661.71,2.9,0.21,0.41,1.31,2.3,FTF_COILING,UNRESOLVED,3,1.1,0.37,-0.19,1.89,5.86,8.15
DEEPAKNTR,2026-07-27,1678.9,100.0,75.0,1.35,51.3,0.86,0.74,1732.09,1661.71,3.1,0.5,0.49,0.8,-1.2,FTF_COILING,UNRESOLVED,3,-1.64,-0.26,2.08,5.97,3.06,5.26
DEEPAKNTR,2026-08-03,1713.8,75.0,95.0,1.55,51.3,0.91,0.66,1732.09,1661.71,1.1,0.84,1.06,0.69,-1.2,FTF_COILING,CONFIRMED_BREAKOUT,2,0.23,1.34,3.82,3.89,2.08,0.73
DEEPAKNTR,2026-08-07,1796.5,75.0,70.0,4.45,56.4,1.37,3.72,1851.0,1712.2,2.9,0.47,3.7,1.17,2.2,FTF_COILING,UNRESOLVED,3,-0.96,-0.65,-4.08,-2.75,-4.68,-0.35
DEEPAKNTR,2026-08-17,1780.5,75.0,80.0,3.06,59.0,0.98,1.37,1821.0,1694.0,2.2,0.89,0.97,0.59,-3.4,RESISTANCE_PROBE,UNRESOLVED,3,-0.53,-0.69,-2.82,-1.75,-10.82,-9.29
DEEPAKNTR,2026-08-26,1776.7,75.0,70.0,2.44,57.5,0.87,1.11,1821.0,1707.2,2.4,0.47,0.75,0.67,-3.4,RESISTANCE_PROBE,UNRESOLVED,3,-1.35,-0.78,-2.4,-7.59,-7.93,-6.49
DEEPAKNTR,2026-09-02,1734.1,75.0,55.0,2.41,55.0,1.03,1.17,1820.0,1736.4,4.7,0.23,0.85,0.85,-0.6,RESISTANCE_PROBE,FAILED_BREAKOUT,3,-0.51,-1.25,-5.32,-8.28,-11.78,-6.84
DIVISLAB,2024-12-30,5992.89,75.0,60.0,1.09,47.5,1.18,0.61,6231.26,5667.22,3.8,0.64,3.29,1.0,5.7,RESISTANCE_PROBE,UNRESOLVED,3,0.89,0.46,-2.54,-5.17,-7.75,-9.24
DIVISLAB,2025-01-02,6091.78,75.0,65.0,1.3,47.5,0.98,1.18,6231.26,5829.31,2.2,0.93,0.34,1.0,4.5,RESISTANCE_PROBE,UNRESOLVED,3,-1.57,-4.12,-5.21,-3.72,-6.65,-2.91
DIVISLAB,2025-02-04,6043.69,100.0,45.0,1.06,46.2,1.31,0.93,6231.26,5423.83,3.0,0.48,2.8,1.0,11.4,RESISTANCE_PROBE,UNRESOLVED,3,0.45,0.38,-2.45,-4.21,-9.51,-10.16
DIVISLAB,2025-02-07,6087.61,100.0,35.0,0.96,48.7,1.18,1.44,6176.29,5921.21,1.4,0.74,0.34,0.79,2.5,FTF_COILING,UNRESOLVED,3,-3.29,-3.16,-4.83,-6.25,-10.2,-7.63
DIVISLAB,2025-02-13,5958.68,75.0,70.0,1.16,53.8,0.8,0.69,6176.29,5921.21,3.5,0.15,1.46,0.71,-0.6,FTF_COILING,FAILED_BREAKOUT,1,-2.77,-1.44,-0.54,-8.82,-5.65,-2.96
DIVISLAB,2025-02-20,5926.76,75.0,80.0,1.46,53.8,0.92,0.86,6101.94,5690.52,2.9,0.9,0.69,0.64,-2.4,RESISTANCE_PROBE,UNRESOLVED,3,-3.7,-4.61,-8.33,-6.68,-1.13,3.22
DIVISLAB,2025-04-21,5840.71,75.0,100.0,1.26,53.8,0.97,1.31,5918.53,5547.76,1.3,0.76,1.64,1.53,-8.2,RESISTANCE_PROBE,CONFIRMED_BREAKOUT,3,0.34,0.56,2.29,4.57,9.52,3.81
DIVISLAB,2025-04-29,6055.34,75.0,90.0,1.45,59.0,0.96,2.15,6230.82,5913.08,2.8,0.9,1.05,0.54,1.0,FTF_COILING,UNRESOLVED,3,-0.34,-0.47,0.65,1.76,8.64,8.35
DIVISLAB,2025-05-05,6071.7,75.0,55.0,1.22,59.0,0.63,1.52,6230.82,5913.08,2.6,0.25,0.61,0.97,1.0,FTF_COILING,UNRESOLVED,3,0.6,0.38,-2.98,7.44,6.77,9.71
DIVISLAB,2025-05-08,5909.12,75.0,45.0,1.15,59.0,0.77,1.13,6230.82,5918.53,5.2,0.15,0.58,0.79,1.0,RESISTANCE_PROBE,UNRESOLVED,3,1.09,-0.31,4.26,9.69,11.21,9.08
DIVISLAB,2025-05-13,6024.11,50.0,80.0,1.32,59.0,0.99,0.97,6230.82,5913.08,3.3,0.63,1.16,0.8,-0.4,FTF_COILING,UNRESOLVED,3,2.29,2.27,6.19,10.23,9.83,6.28
DIVISLAB,2025-05-16,6225.37,50.0,80.0,1.47,59.0,0.9,1.25,6230.82,5913.08,0.1,0.73,0.86,0.83,-0.4,FTF_COILING,CONFIRMED_BREAKOUT,1,4.79,2.75,3.24,5.3,6.17,1.32
DIVISLAB,2025-05-21,6495.52,50.0,70.0,1.8,57.5,1.02,1.81,6647.2,6108.88,2.3,0.69,0.69,1.0,6.3,RESISTANCE_PROBE,CONFIRMED_BREAKOUT,3,-0.21,-1.05,1.28,1.01,-0.05,-2.79
DIVISLAB,2025-05-26,6678.92,75.0,100.0,1.86,55.0,0.9,1.54,6705.69,6398.36,0.4,0.84,2.25,1.0,4.4,RESISTANCE_PROBE,UNRESOLVED,3,-0.58,-1.5,-2.94,-1.54,-1.5,0.07
DIVISLAB,2025-05-29,6574.33,75.0,55.0,1.66,52.5,0.78,0.95,6705.69,6535.67,2.0,0.42,0.58,1.0,0.6,RESISTANCE_PROBE,UNRESOLVED,3,-0.29,-1.39,-0.05,1.41,-0.23,1.32
DIVISLAB,2025-06-03,6473.71,75.0,60.0,1.42,50.0,0.64,0.71,6705.69,6463.79,3.5,0.18,0.65,1.0,0.2,RESISTANCE_PROBE,UNRESOLVED,3,1.35,1.51,2.21,0.12,5.0,4.77
DIVISLAB,2025-06-06,6488.08,75.0,60.0,1.45,52.5,0.68,0.73,6705.69,6458.34,3.2,0.32,0.59,1.0,0.5,RESISTANCE_PROBE,UNRESOLVED,3,1.35,1.98,1.87,0.73,5.53,2.79
DIVISLAB,2025-06-11,6661.08,75.0,75.0,1.59,55.0,0.72,0.53,6707.67,6448.92,0.7,0.45,0.96,1.0,3.3,RESISTANCE_PROBE,UNRESOLVED,3,0.09,-0.77,-2.53,-1.97,3.94,4.43
DIVISLAB,2025-06-16,6629.85,75.0,85.0,1.66,55.0,0.9,0.75,6803.34,6554.01,2.6,0.87,0.38,1.0,1.2,RESISTANCE_PROBE,UNRESOLVED,3,-2.24,-2.07,-0.77,1.82,1.36,4.4
DIVISLAB,2025-06-27,6600.6,75.0,100.0,1.92,55.0,0.96,0.7,6803.34,6463.79,3.0,0.75,1.45,1.0,2.1,RESISTANCE_PROBE,UNRESOLVED,3,2.28,2.98,3.73,2.66,-0.17,-3.1
DIVISLAB,2025-07-02,6800.37,75.0,80.0,1.86,57.5,1.18,0.79,6826.14,6494.52,0.4,0.82,1.12,1.0,4.7,RESISTANCE_PROBE,UNRESOLVED,3,0.24,0.69,1.81,-0.42,-2.61,-3.02
DIVISLAB,2025-07-07,6829.11,75.0,55.0,1.83,60.0,0.93,0.81,6885.13,6684.87,0.8,0.39,0.22,1.0,2.2,RESISTANCE_PROBE,CONFIRMED_BREAKOUT,1,0.72,1.38,-1.6,-2.91,-5.36,-6.04
DIVISLAB,2025-07-10,6785.49,75.0,60.0,2.19,60.0,0.92,0.64,7010.54,6851.42,3.2,0.1,0.51,0.99,1.0,FTF_COILING,UNRESOLVED,3,-0.14,-0.96,-0.79,-3.3,-10.01,-9.29
DIVISLAB,2025-07-16,6772.11,75.0,70.0,2.02,57.5,1.15,0.8,7010.54,6488.58,3.4,0.74,0.87,0.99,-1.9,RESISTANCE_PROBE,UNRESOLVED,3,-0.59,-1.46,-2.61,-2.21,-10.29,-8.37
DIVISLAB,2025-09-22,6067.48,75.0,10.0,0.83,47.5,1.06,1.07,6254.21,6131.22,3.0,0.1,0.76,0.76,-1.0,FTF_COILING,FAILED_BREAKOUT,2,-0.68,-1.78,-6.48,0.2,8.12,10.08
DIVISLAB,2025-10-07,6079.43,75.0,70.0,1.04,50.0,1.21,1.1,6254.21,5651.69,2.8,0.95,2.3,1.04,-7.6,RESISTANCE_PROBE,CONFIRMED_BREAKOUT,3,0.26,0.45,7.48,7.9,12.76,6.32
DIVISLAB,2025-10-14,6534.06,75.0,60.0,1.58,55.0,1.25,1.98,6592.81,6413.05,0.9,0.73,0.58,0.58,1.9,FTF_COILING,UNRESOLVED,3,0.18,0.6,0.4,-0.75,0.5,-0.42
DIVISLAB,2025-10-17,6594.31,75.0,80.0,1.95,60.0,0.73,1.52,6592.81,6413.05,-0.0,0.72,0.55,0.67,1.9,FTF_COILING,UNRESOLVED,3,-0.26,-0.52,-1.99,2.76,-2.24,-1.4
DIVISLAB,2025-10-23,6538.54,75.0,60.0,2.09,52.5,0.66,0.67,6592.81,6413.05,0.8,0.22,0.55,0.55,1.9,FTF_COILING,UNRESOLVED,3,0.42,-1.15,1.36,1.39,-2.93,-1.02
DIVISLAB,2025-10-28,6412.06,75.0,60.0,1.96,55.0,0.87,0.59,6592.81,6413.05,2.7,0.42,0.6,0.56,0.8,FTF_COILING,CONFIRMED_BREAKOUT,3,1.14,3.36,5.68,1.27,1.11,-3.38
DIVISLAB,2025-10-31,6710.33,75.0,90.0,2.36,57.5,0.98,0.8,6592.81,6356.79,-1.8,0.78,1.01,0.61,-0.0,RESISTANCE_PROBE,CONFIRMED_BREAKOUT,1,0.98,0.99,-0.69,-3.26,-4.68,-5.61
DIVISLAB,2025-11-07,6629.16,75.0,35.0,2.36,62.5,1.18,1.33,6837.8,6729.25,3.1,0.19,1.69,1.42,1.9,FTF_COILING,FAILED_BREAKOUT,2,0.53,-1.76,-2.18,-4.26,-2.75,-1.01
DIVISLAB,2025-12-22,6484.76,75.0,70.0,1.78,50.0,1.07,0.97,6570.9,6382.18,1.3,0.66,1.12,1.12,1.6,FTF_COILING,UNRESOLVED,3,-0.54,-0.23,-2.32,2.01,-7.66,-6.45
DIVISLAB,2025-12-26,6401.1,50.0,55.0,1.41,50.0,1.07,1.24,6570.9,6382.18,2.6,0.18,1.04,1.02,1.1,FTF_COILING,UNRESOLVED,3,-0.58,-1.04,-0.54,2.94,-6.47,-5.96
DIVISLAB,2025-12-31,6366.25,50.0,20.0,1.04,45.0,1.06,1.74,6473.31,6259.19,1.7,0.2,0.81,0.81,1.7,FTF_COILING,UNRESOLVED,3,-0.76,0.0,3.91,-0.58,-5.5,-5.07
DIVISLAB,2026-01-05,6337.37,50.0,30.0,1.03,42.5,0.99,1.66,6473.31,6259.19,2.1,0.18,0.44,0.53,0.9,FTF_COILING,CONFIRMED_BREAKOUT,1,4.38,4.38,1.92,-3.51,-2.43,-6.53
DIVISLAB,2026-05-13,6768.09,50.0,80.0,1.1,56.4,1.04,0.77,7010.54,6608.75,3.5,0.67,1.81,1.0,2.4,RESISTANCE_PROBE,UNRESOLVED,3,1.85,-0.52,1.43,0.02,-2.32,-2.87
DIVISLAB,2026-05-18,6806.93,50.0,70.0,1.24,60.0,1.36,1.09,7010.54,6615.72,2.9,0.84,1.14,1.0,2.9,RESISTANCE_PROBE,UNRESOLVED,3,1.13,0.85,-1.15,-4.12,-3.31,-3.64
DIVISLAB,2026-05-21,6829.84,75.0,35.0,1.16,57.5,1.13,1.55,6931.42,6772.57,1.5,0.3,0.45,0.45,0.8,FTF_COILING,UNRESOLVED,3,0.42,-1.48,-0.88,-3.81,-1.33,0.21
DIVISLAB,2026-05-26,6725.27,75.0,40.0,0.99,55.0,1.13,1.67,6916.48,6662.53,2.8,0.64,0.85,0.85,0.9,FTF_COILING,UNRESOLVED,3,0.66,0.66,-3.26,0.0,-0.09,1.2
DIVISLAB,2026-05-29,6639.62,75.0,35.0,0.98,59.0,1.05,1.05,6916.48,6633.64,4.0,0.3,1.73,0.43,0.9,RESISTANCE_PROBE,UNRESOLVED,3,-1.7,-2.01,-0.66,-0.43,0.7,2.08
DIVISLAB,2026-06-05,6595.8,75.0,70.0,1.02,61.5,0.87,1.21,6820.87,6562.94,3.3,0.81,0.55,0.98,-0.9,FTF_COILING,UNRESOLVED,3,-1.54,1.96,0.23,1.81,2.02,1.79
DIVISLAB,2026-06-10,6611.24,75.0,35.0,1.1,59.0,1.14,1.4,6820.87,6562.94,3.1,0.14,0.99,1.13,-1.0,FTF_COILING,UNRESOLVED,3,0.26,-0.01,0.38,1.73,1.75,2.22
DIVISLAB,2026-06-15,6581.36,75.0,55.0,1.31,56.4,1.04,1.29,6820.87,6562.94,3.5,0.2,0.51,0.99,-1.0,FTF_COILING,UNRESOLVED,3,1.57,0.83,2.71,-0.77,4.99,2.53
DIVISLAB,2026-06-18,6739.21,75.0,95.0,1.34,56.4,0.83,0.71,6820.87,6562.94,1.2,0.9,1.13,0.92,-1.0,FTF_COILING,UNRESOLVED,3,-0.35,0.3,-0.79,-1.25,8.11,8.43
DIVISLAB,2026-06-23,6719.29,75.0,55.0,1.22,53.8,0.85,0.97,7010.54,6608.75,4.2,0.12,0.89,1.0,1.7,RESISTANCE_PROBE,UNRESOLVED,3,0.1,-0.5,-2.49,0.36,8.64,9.18
DIVISLAB,2026-07-06,6829.34,75.0,70.0,1.19,50.0,1.06,1.23,7010.54,6503.68,2.6,0.76,1.19,1.0,5.0,RESISTANCE_PROBE,UNRESOLVED,3,-1.25,-1.49,1.18,6.72,25.71,26.53
DIVISLAB,2026-07-09,6785.02,75.0,20.0,1.17,47.4,1.3,1.11,6930.42,6726.26,2.1,0.35,1.11,1.14,0.0,FTF_COILING,CONFIRMED_BREAKOUT,3,0.34,1.84,7.38,7.22,23.05,16.62
DIVISLAB,2026-07-16,7285.96,75.0,65.0,1.38,55.3,1.18,1.42,7299.9,7204.29,0.2,0.36,1.67,1.67,1.1,FTF_COILING,UNRESOLVED,3,-0.94,0.03,-0.15,7.54,16.66,16.44
DIVISLAB,2026-07-21,7299.9,75.0,80.0,1.32,57.9,0.9,1.74,7359.65,7244.13,0.8,0.8,0.44,1.08,-0.4,FTF_COILING,UNRESOLVED,3,0.77,-0.34,1.71,14.77,17.65,18.48
DIVISLAB,2026-07-24,7248.5,75.0,70.0,1.23,56.4,0.87,0.88,7359.65,7244.13,1.5,0.69,0.76,0.82,-0.4,FTF_COILING,CONFIRMED_BREAKOUT,1,2.28,2.43,11.14,14.16,18.6,15.96
DIVISLAB,2026-08-21,8597.0,75.0,85.0,2.5,67.5,0.52,0.63,8674.0,8504.0,0.9,0.88,0.34,1.0,1.1,RESISTANCE_PROBE,CONFIRMED_BREAKOUT,3,-1.17,1.72,7.47,5.85,9.05,3.88
DIVISLAB,2026-08-27,9060.0,75.0,65.0,2.85,70.0,1.02,0.84,9150.0,8457.5,1.0,0.22,1.06,1.0,7.1,RESISTANCE_PROBE,CONFIRMED_BREAKOUT,1,1.98,4.49,2.1,4.18,5.98,3.93
DIVISLAB,2026-09-01,9165.0,75.0,45.0,2.92,70.0,1.56,1.37,9467.0,9035.0,3.2,0.44,1.17,1.0,1.4,RESISTANCE_PROBE,UNRESOLVED,3,0.6,0.93,4.47,0.36,2.9,3.64
DIXON,2025-01-06,18015.36,75.0,60.0,1.35,62.5,0.98,0.4,19125.66,17750.44,5.8,0.16,0.85,1.0,1.5,RESISTANCE_PROBE,FAILED_BREAKOUT,2,2.3,-6.27,-12.21,-2.65,-18.42,-12.96
DIXON,2025-04-11,14284.54,50.0,80.0,1.31,56.4,1.21,1.1,14722.11,12187.39,3.0,0.95,2.6,1.14,-7.0,RESISTANCE_PROBE,CONFIRMED_BREAKOUT,1,4.4,6.64,16.59,16.17,12.72,7.97
DIXON,2025-04-24,16567.87,75.0,70.0,1.62,61.5,0.92,1.76,17048.29,16291.21,2.8,0.54,0.58,0.58,1.7,FTF_COILING,UNRESOLVED,3,-2.22,-1.04,-1.08,-8.43,-9.46,-9.6
DIXON,2025-04-29,16593.84,75.0,55.0,1.63,61.5,0.9,1.64,17048.29,16291.21,2.7,0.28,0.53,0.79,-0.6,FTF_COILING,UNRESOLVED,3,-0.98,-1.23,-3.12,-2.97,-10.82,-11.33
DIXON,2025-05-05,16689.72,75.0,80.0,1.63,59.0,0.72,0.95,17048.29,16291.21,2.1,0.89,0.6,0.69,-0.6,FTF_COILING,FAILED_BREAKOUT,3,-3.91,-3.68,-3.81,-0.81,-12.56,-6.49
DIXON,2025-07-01,14698.14,50.0,45.0,0.74,45.0,1.24,1.66,14935.85,14397.51,1.6,0.7,1.7,1.88,3.9,FTF_COILING,CONFIRMED_BREAKOUT,1,3.04,2.43,5.14,7.52,14.05,10.69
DIXON,2025-07-04,15183.55,25.0,35.0,0.94,47.5,1.1,1.78,14935.85,14358.56,-1.7,0.77,0.89,1.51,2.1,RESISTANCE_PROBE,CONFIRMED_BREAKOUT,1,1.52,1.78,3.84,4.99,10.83,9.17
DIXON,2025-07-17,16087.46,75.0,55.0,1.2,55.0,0.69,0.76,16430.04,15991.57,2.1,0.28,0.42,0.42,0.6,FTF_COILING,UNRESOLVED,3,-0.91,1.08,4.1,4.56,0.52,0.49
DIXON,2025-07-22,16092.45,75.0,45.0,1.13,52.5,0.92,0.83,16430.04,15991.57,2.1,0.2,0.57,0.59,-0.3,FTF_COILING,CONFIRMED_BREAKOUT,1,2.76,4.07,4.17,4.57,4.74,1.93
DIXON,2025-07-25,16679.74,50.0,45.0,1.15,57.5,0.95,0.93,16430.04,16031.52,-1.5,0.13,0.76,0.78,-0.3,RESISTANCE_PROBE,CONFIRMED_BREAKOUT,1,0.26,0.5,0.89,-5.01,1.9,1.64
DIXON,2025-08-26,16647.78,75.0,80.0,2.48,62.5,0.83,0.64,17266.02,16659.76,3.6,0.19,1.3,1.3,-1.1,RESISTANCE_PROBE,CONFIRMED_BREAKOUT,3,0.06,0.13,6.55,7.37,9.01,3.34
DIXON,2025-09-02,17531.7,75.0,45.0,2.42,65.0,1.08,0.94,17266.02,16450.02,-1.5,0.22,0.83,1.35,-1.1,RESISTANCE_PROBE,CONFIRMED_BREAKOUT,1,1.17,1.7,2.56,3.22,-6.97,-8.05
DIXON,2026-04-17,11362.76,50.0,65.0,1.17,45.0,0.84,1.07,11398.73,11112.45,0.3,0.73,1.01,1.01,2.3,FTF_COILING,UNRESOLVED,3,-1.41,-0.94,-4.89,-1.8,-3.45,-2.56
DIXON,2026-04-22,11258.34,50.0,30.0,1.07,47.5,0.58,1.07,11398.73,11112.45,1.2,0.35,0.67,0.82,0.8,FTF_COILING,FAILED_BREAKOUT,1,-3.55,-4.01,0.51,0.28,-2.4,1.2
DIXON,2026-04-27,11243.35,50.0,80.0,1.0,50.0,0.86,0.85,11398.73,10757.22,1.4,0.8,1.12,0.86,-2.7,RESISTANCE_PROBE,CONFIRMED_BREAKOUT,1,1.05,0.65,1.39,-4.27,5.08,3.99
DIXON,2026-04-30,11157.91,50.0,60.0,1.01,52.5,0.98,1.08,11398.73,10846.65,2.1,0.55,0.62,0.93,-2.7,RESISTANCE_PROBE,CONFIRMED_BREAKOUT,3,0.0,2.16,-1.06,-0.57,5.28,4.47
DIXON,2026-05-05,11244.35,50.0,50.0,1.01,53.8,0.87,0.69,11398.73,10997.54,1.4,0.11,0.85,0.8,-2.7,RESISTANCE_PROBE,UNRESOLVED,3,0.41,-1.82,-9.91,-1.82,3.12,7.41
DIXON,2026-07-08,12924.05,50.0,10.0,1.15,47.4,1.29,1.11,13425.67,12315.52,3.7,0.17,0.91,0.91,-1.4,RESISTANCE_PROBE,CONFIRMED_BREAKOUT,1,4.2,3.77,5.54,7.33,10.64,6.18
DIXON,2026-07-15,13640.5,25.0,60.0,1.16,52.6,1.17,1.28,14019.21,13351.73,2.7,0.75,0.76,0.75,0.0,FTF_COILING,CONFIRMED_BREAKOUT,1,6.27,4.97,1.69,4.57,1.09,-4.87
DIXON,2026-08-25,14978.47,75.0,80.0,1.1,55.3,1.2,1.05,14988.47,14472.86,0.1,1.0,1.27,1.27,3.5,FTF_COILING,UNRESOLVED,3,-1.7,-1.86,-3.53,-5.94,-12.65,-10.62
DIXON,2026-08-28,14638.73,50.0,30.0,1.16,47.4,1.03,1.01,14988.47,14472.86,2.3,0.0,0.58,1.0,1.6,FTF_COILING,UNRESOLVED,3,1.37,-1.29,-2.8,-8.36,-8.53,-8.15
DIXON,2026-09-02,14578.78,50.0,85.0,1.24,50.0,0.82,0.56,14988.47,14472.86,2.7,0.9,0.63,0.79,-0.2,FTF_COILING,FAILED_BREAKOUT,3,-0.99,-2.4,-5.11,-9.66,-10.14,-7.55
DMART,2025-02-04,3919.85,50.0,10.0,1.08,40.0,1.65,1.25,4090.0,3570.0,4.2,0.23,0.98,0.98,1.6,RESISTANCE_PROBE,UNRESOLVED,3,-1.38,-4.37,-6.05,-6.21,-11.36,-7.19
DMART,2025-03-17,3825.3,50.0,45.0,0.89,47.5,1.03,1.19,3877.05,3670.0,1.3,0.84,0.74,0.74,4.2,FTF_COILING,UNRESOLVED,3,0.0,0.52,2.09,4.66,13.9,12.17
DMART,2025-03-20,3884.4,50.0,60.0,0.95,53.8,0.92,1.08,3877.05,3670.0,-0.2,0.72,0.49,0.42,4.2,FTF_COILING,CONFIRMED_BREAKOUT,1,0.2,0.53,4.65,4.0,16.06,15.82
DMART,2025-03-25,3998.8,50.0,100.0,1.48,59.0,1.0,0.44,3877.05,3831.15,-3.1,0.77,1.3,0.49,4.2,RESISTANCE_PROBE,CONFIRMED_BREAKOUT,1,-1.33,1.66,3.07,3.51,9.2,10.67
DMART,2025-04-01,4003.6,50.0,35.0,1.42,53.8,1.47,1.06,4190.0,3917.3,4.4,0.05,0.71,0.71,-1.3,RESISTANCE_PROBE,UNRESOLVED,3,2.94,3.85,1.26,8.83,0.37,-0.53
DMART,2025-04-04,4039.9,50.0,70.0,1.43,56.4,1.47,0.99,4190.0,3994.6,3.6,0.46,1.49,0.75,-1.3,RESISTANCE_PROBE,UNRESOLVED,3,-0.41,0.35,4.28,11.59,-1.62,-3.99
DMART,2025-04-09,4139.3,50.0,80.0,1.52,61.5,1.41,0.91,4190.0,4055.05,1.2,0.91,1.22,0.94,-1.3,FTF_COILING,CONFIRMED_BREAKOUT,3,-0.19,1.77,4.9,5.5,-1.82,-3.73
DMART,2025-04-16,4221.5,50.0,55.0,1.44,64.1,0.88,0.96,4190.0,4055.05,-0.8,0.33,0.7,0.99,-1.3,FTF_COILING,CONFIRMED_BREAKOUT,1,3.21,2.86,6.57,-4.25,-0.75,-3.84
DMART,2025-04-25,4375.2,75.0,55.0,1.61,64.1,0.94,1.93,4557.7,4315.0,4.0,0.15,0.77,0.77,-1.7,RESISTANCE_PROBE,FAILED_BREAKOUT,3,-0.19,-1.49,-8.16,-8.04,-5.41,-1.46
DMART,2025-06-06,4201.6,75.0,50.0,0.93,48.7,1.05,0.75,4244.8,4074.5,1.0,0.6,1.08,1.08,3.1,FTF_COILING,UNRESOLVED,3,-0.54,-2.89,-3.56,2.35,1.42,4.48
DMART,2025-06-18,4228.4,75.0,60.0,0.65,38.5,1.12,0.75,4244.8,4074.5,0.4,0.93,3.08,1.7,-0.6,FTF_COILING,CONFIRMED_BREAKOUT,2,-0.6,1.7,1.14,3.87,-3.37,-4.98
DMART,2025-06-23,4335.8,75.0,55.0,0.68,41.0,1.2,1.32,4244.8,4081.0,-2.1,0.78,1.21,1.77,-0.6,RESISTANCE_PROBE,CONFIRMED_BREAKOUT,1,-1.97,-1.37,0.84,-2.29,-7.2,-5.34
DMART,2025-08-01,4196.0,75.0,0.0,0.86,35.0,1.51,1.56,4346.8,4235.0,3.5,0.16,0.47,0.47,-0.9,FTF_COILING,UNRESOLVED,3,0.03,1.47,-0.62,8.63,11.53,10.33
DMART,2025-08-06,4242.0,75.0,20.0,0.91,40.0,0.98,1.55,4346.8,4235.0,2.4,0.32,0.34,0.44,-0.9,FTF_COILING,UNRESOLVED,3,0.51,-1.69,2.18,10.61,13.0,14.55
DMART,2025-08-12,4252.5,75.0,50.0,0.92,45.0,0.92,0.4,4346.8,4235.0,2.2,0.76,0.49,0.39,-1.5,FTF_COILING,CONFIRMED_BREAKOUT,3,1.93,2.49,11.41,10.52,7.93,0.7
DMART,2025-09-05,4793.3,75.0,45.0,1.27,52.5,1.16,0.86,4949.5,4781.5,3.2,0.2,0.39,0.39,0.2,FTF_COILING,FAILED_BREAKOUT,3,-1.65,-0.7,-3.69,-0.38,-10.26,-7.12
DMART,2025-09-19,4775.3,75.0,75.0,1.72,60.0,0.81,0.55,4949.5,4655.0,3.5,0.68,0.97,0.52,-4.0,RESISTANCE_PROBE,UNRESOLVED,3,-2.18,-2.96,-5.39,-9.92,-10.47,-7.97
DMART,2026-01-13,3826.9,25.0,30.0,1.03,47.5,1.54,2.29,3918.6,3760.5,2.3,0.42,1.25,1.25,1.8,FTF_COILING,UNRESOLVED,3,0.09,0.09,-4.32,-2.38,4.62,6.04
DMART,2026-01-19,3766.7,25.0,30.0,1.07,46.2,0.96,1.92,3918.6,3741.0,3.9,0.3,0.72,0.91,0.4,RESISTANCE_PROBE,FAILED_BREAKOUT,1,-2.79,-2.92,-2.55,0.26,3.62,6.59
DMART,2026-03-30,3956.8,50.0,60.0,0.98,50.0,1.18,1.75,4056.0,3685.1,2.4,0.58,2.84,1.28,-4.4,RESISTANCE_PROBE,CONFIRMED_BREAKOUT,1,7.94,10.25,10.41,11.92,15.9,7.37
DMART,2026-05-06,4432.2,75.0,65.0,1.39,48.7,0.89,0.78,4585.0,4351.0,3.3,0.88,0.72,0.56,0.2,FTF_COILING,UNRESOLVED,3,-1.03,-0.68,-2.2,-6.5,-5.95,-5.03
DMART,2026-06-22,4330.6,100.0,50.0,0.89,50.0,0.84,1.65,4331.3,4260.0,0.0,0.53,0.52,0.52,1.7,FTF_COILING,CONFIRMED_BREAKOUT,1,1.44,0.12,0.61,-6.14,-8.2,-9.5
DMART,2026-06-25,4294.6,75.0,20.0,0.73,47.4,0.85,1.3,4331.3,4260.0,0.8,0.12,0.62,0.67,1.7,FTF_COILING,CONFIRMED_BREAKOUT,2,0.0,1.45,-2.51,-5.01,-6.04,-7.39
DMART,2026-06-30,4380.7,75.0,60.0,0.86,52.6,0.78,0.89,4331.3,4277.7,-1.1,0.76,0.75,0.67,0.8,RESISTANCE_PROBE,FAILED_BREAKOUT,2,-1.19,-4.42,-7.07,-10.61,-12.19,-8.13
DRREDDY,2024-12-30,1359.6,75.0,45.0,1.27,55.0,1.08,1.81,1349.82,1313.59,-0.7,0.24,0.91,0.97,1.5,FTF_COILING,CONFIRMED_BREAKOUT,1,0.84,-0.57,-1.93,-3.04,-13.02,-13.75
DRREDDY,2025-01-02,1357.77,50.0,55.0,1.36,55.0,1.02,1.06,1349.82,1313.59,-0.6,0.28,0.64,0.86,1.5,FTF_COILING,UNRESOLVED,3,-1.63,-1.8,-0.25,-5.26,-13.13,-11.62
DRREDDY,2025-01-07,1334.57,50.0,55.0,1.44,52.5,0.9,0.79,1349.82,1313.59,1.1,0.16,0.66,0.77,1.5,FTF_COILING,CONFIRMED_BREAKOUT,1,1.42,1.48,-1.04,-4.69,-10.93,-12.18
DRREDDY,2025-04-03,1136.98,50.0,35.0,0.72,53.8,1.27,1.35,1200.67,1120.74,5.3,0.03,2.88,1.68,-2.0,RESISTANCE_PROBE,FAILED_BREAKOUT,1,-3.6,-5.52,-3.64,2.05,0.8,4.57
DRREDDY,2025-04-23,1171.1,75.0,60.0,0.88,53.8,0.54,0.81,1211.49,1135.65,3.3,0.64,1.03,1.08,-5.3,RESISTANCE_PROBE,UNRESOLVED,3,1.22,-0.94,-0.18,-3.2,3.05,1.96
DRREDDY,2025-04-28,1183.64,75.0,60.0,0.91,56.4,0.79,0.99,1211.49,1145.13,2.3,0.78,0.4,1.05,-5.3,RESISTANCE_PROBE,UNRESOLVED,3,-1.89,-1.23,-3.2,0.7,3.71,5.54
DRREDDY,2025-05-14,1204.67,75.0,60.0,1.19,59.0,1.16,1.09,1225.41,1180.97,1.7,0.89,0.55,0.55,2.0,FTF_COILING,UNRESOLVED,3,1.34,0.88,0.39,1.85,10.75,10.84
DRREDDY,2025-05-19,1203.68,75.0,65.0,1.29,56.4,1.02,1.08,1225.41,1180.97,1.8,0.17,1.07,0.64,2.0,FTF_COILING,UNRESOLVED,3,0.43,0.47,1.8,2.35,10.48,10.19
DRREDDY,2025-05-22,1206.84,75.0,80.0,1.24,55.0,0.74,0.79,1225.41,1180.97,1.5,0.59,1.09,0.82,1.9,FTF_COILING,UNRESOLVED,3,0.65,1.53,2.13,5.6,8.5,6.67
DRREDDY,2025-05-27,1227.58,75.0,75.0,1.36,57.5,0.73,0.69,1225.41,1180.97,-0.2,0.5,0.62,0.77,1.9,FTF_COILING,CONFIRMED_BREAKOUT,3,-0.05,0.4,0.41,8.49,7.57,6.88
DRREDDY,2025-06-02,1232.02,75.0,85.0,1.38,60.0,0.58,0.68,1241.8,1225.41,0.8,0.8,0.6,0.6,0.5,FTF_COILING,CONFIRMED_BREAKOUT,3,0.05,0.34,5.72,7.94,2.85,-0.57
DRREDDY,2025-06-13,1345.38,50.0,70.0,1.85,65.0,1.17,0.89,1362.37,1326.62,1.2,0.8,0.79,0.79,1.4,FTF_COILING,FAILED_BREAKOUT,3,-1.15,-3.21,-2.73,-4.51,-7.33,-3.86
DRREDDY,2025-06-24,1320.5,50.0,75.0,2.26,57.5,1.0,0.72,1362.37,1285.74,3.1,0.63,0.6,0.79,-2.2,RESISTANCE_PROBE,UNRESOLVED,3,0.32,-1.18,-4.52,-4.0,-6.69,-4.08
DRREDDY,2025-08-13,1245.5,50.0,70.0,1.07,52.5,1.01,0.96,1276.9,1187.87,2.5,0.94,0.79,1.0,-4.8,RESISTANCE_PROBE,UNRESOLVED,3,0.56,0.74,1.85,0.53,5.05,5.83
DRREDDY,2025-08-19,1236.36,50.0,45.0,1.02,55.0,0.94,0.88,1276.9,1212.11,3.2,0.11,0.66,0.99,-4.8,RESISTANCE_PROBE,UNRESOLVED,3,0.1,2.6,1.53,1.45,5.4,2.65
DRREDDY,2025-08-22,1269.55,75.0,60.0,1.06,57.5,0.95,0.97,1276.9,1230.2,0.6,0.65,0.83,0.95,-4.8,RESISTANCE_PROBE,UNRESOLVED,3,0.49,-1.13,0.18,-2.11,1.86,3.3
DRREDDY,2025-08-28,1251.86,50.0,80.0,1.06,60.0,0.91,1.04,1271.54,1251.07,1.5,0.6,1.21,1.21,0.1,FTF_COILING,UNRESOLVED,3,0.02,1.6,-0.54,3.44,1.22,1.71
DRREDDY,2025-09-02,1245.8,50.0,45.0,1.16,60.0,1.07,1.24,1271.54,1251.07,2.0,0.16,1.1,1.2,0.1,FTF_COILING,UNRESOLVED,3,0.68,-0.06,3.0,4.52,-2.39,-3.5
DRREDDY,2025-09-05,1260.11,75.0,80.0,1.2,62.5,1.03,1.04,1271.54,1251.07,0.9,0.8,0.52,1.06,-0.5,FTF_COILING,CONFIRMED_BREAKOUT,3,-1.38,1.83,3.83,4.23,-1.54,-4.26
DRREDDY,2025-09-10,1295.98,75.0,60.0,1.51,65.0,1.1,0.81,1271.54,1240.83,-1.9,0.64,0.87,0.97,-0.7,RESISTANCE_PROBE,CONFIRMED_BREAKOUT,1,-0.08,0.96,0.55,-0.47,-4.45,-4.37
DRREDDY,2025-12-04,1269.55,75.0,60.0,0.81,60.0,1.03,1.05,1284.85,1261.2,1.2,0.63,1.06,1.06,0.7,FTF_COILING,UNRESOLVED,3,-0.19,-0.87,-0.32,0.19,-1.68,0.79
DRREDDY,2025-12-09,1238.35,75.0,45.0,0.8,55.0,1.0,1.14,1284.85,1255.74,3.6,0.19,1.17,0.81,-0.2,RESISTANCE_PROBE,UNRESOLVED,3,0.37,2.19,2.46,2.99,-0.27,-2.85
DRREDDY,2025-12-12,1271.24,75.0,60.0,0.92,62.5,1.04,0.81,1284.85,1261.2,1.1,0.92,0.53,0.91,-1.8,FTF_COILING,UNRESOLVED,3,0.1,-0.19,-0.09,-0.84,-4.99,-4.44
DRREDDY,2025-12-17,1263.98,75.0,35.0,0.84,57.5,0.91,0.69,1284.85,1261.2,1.6,0.34,0.49,0.79,-1.8,FTF_COILING,UNRESOLVED,3,0.63,0.49,-0.49,-1.46,-6.72,-7.55
DRREDDY,2025-12-22,1275.31,75.0,35.0,0.78,57.5,0.92,0.56,1284.85,1261.2,0.7,0.7,0.41,0.73,-1.8,FTF_COILING,UNRESOLVED,3,0.01,-1.37,-1.37,-2.12,-9.09,-8.08
DRREDDY,2026-01-27,1231.99,50.0,10.0,0.95,48.7,1.61,2.02,1242.92,1217.28,0.9,0.34,1.17,1.17,1.2,FTF_COILING,UNRESOLVED,3,-1.4,-2.49,-0.35,1.31,4.87,6.74
DRREDDY,2026-01-30,1210.42,50.0,45.0,0.94,43.6,1.03,1.88,1242.92,1217.28,2.6,0.73,0.84,0.98,-1.3,FTF_COILING,FAILED_BREAKOUT,1,-2.92,1.42,1.9,4.1,5.6,8.78
DRREDDY,2026-02-04,1232.38,50.0,25.0,1.14,48.7,1.36,0.99,1242.92,1159.75,0.8,0.55,0.47,0.86,-3.5,RESISTANCE_PROBE,CONFIRMED_BREAKOUT,3,0.38,0.08,2.43,3.23,5.91,2.98
DRREDDY,2026-02-09,1267.46,75.0,60.0,1.11,48.7,1.17,0.75,1242.92,1217.28,-2.0,0.91,1.06,0.75,-3.5,RESISTANCE_PROBE,CONFIRMED_BREAKOUT,1,-1.53,-0.41,-0.48,2.5,3.07,4.67
DRREDDY,2026-02-25,1298.27,75.0,70.0,0.98,51.3,1.01,1.02,1306.71,1288.93,0.6,0.69,1.74,1.74,0.7,FTF_COILING,UNRESOLVED,3,0.98,-1.55,0.54,0.96,-1.9,-0.98
DRREDDY,2026-03-02,1286.24,50.0,40.0,0.99,51.3,1.42,1.44,1308.9,1270.15,1.7,0.93,0.75,0.75,1.3,FTF_COILING,UNRESOLVED,3,-0.25,1.48,1.56,-0.82,-5.96,-6.63
DRREDDY,2026-03-06,1295.58,50.0,30.0,0.95,51.3,1.41,1.16,1308.9,1270.15,1.0,0.51,0.68,0.95,1.0,FTF_COILING,CONFIRMED_BREAKOUT,3,-1.29,0.83,-0.88,-0.38,-8.62,-10.12
DRREDDY,2026-03-11,1317.15,50.0,70.0,1.07,51.3,1.06,0.96,1321.22,1279.88,0.3,0.58,1.64,1.64,2.9,FTF_COILING,UNRESOLVED,3,-0.49,-2.5,-2.32,-1.87,-6.76,-3.21
DRREDDY,2026-03-18,1286.64,50.0,60.0,0.97,55.0,0.95,1.0,1327.58,1256.03,3.1,0.77,0.52,0.92,-2.6,RESISTANCE_PROBE,UNRESOLVED,3,-1.57,0.32,0.46,-5.95,-5.73,-2.61
DRREDDY,2026-03-25,1292.5,50.0,60.0,1.17,55.0,1.08,1.19,1327.58,1236.36,2.6,0.83,0.86,1.07,-4.4,RESISTANCE_PROBE,FAILED_BREAKOUT,3,-1.46,-3.52,-6.37,-4.98,4.14,11.99
DRREDDY,2026-04-23,1322.61,100.0,90.0,1.43,50.0,1.13,0.86,1362.37,1200.49,2.9,0.81,5.61,1.0,10.2,RESISTANCE_PROBE,UNRESOLVED,3,-1.04,0.26,-0.61,-1.76,-0.94,-2.66
DRREDDY,2026-04-28,1346.06,100.0,50.0,1.33,52.5,1.49,2.45,1340.3,1284.85,-0.4,0.67,0.76,0.64,3.2,FTF_COILING,CONFIRMED_BREAKOUT,1,-1.83,-2.34,-6.16,-6.25,-1.97,-0.14
DRREDDY,2026-05-15,1328.28,75.0,55.0,0.97,46.2,1.1,1.28,1367.23,1222.25,2.8,0.8,1.21,0.78,-4.3,RESISTANCE_PROBE,UNRESOLVED,3,-0.41,-0.11,-2.21,-2.48,-4.59,-3.52
DRREDDY,2026-05-27,1310.69,75.0,20.0,0.96,38.5,0.88,0.93,1367.23,1290.52,4.1,0.08,0.4,1.0,1.6,RESISTANCE_PROBE,UNRESOLVED,3,0.0,-1.18,-4.22,-3.59,0.71,2.94
DRREDDY,2026-06-01,1282.27,75.0,20.0,0.86,36.8,0.77,0.97,1320.23,1289.32,2.9,0.16,0.54,0.54,-0.5,FTF_COILING,FAILED_BREAKOUT,2,-1.27,-2.1,-1.15,-0.84,6.61,8.9
DRREDDY,2026-06-24,1320.03,75.0,40.0,0.89,36.8,1.25,0.62,1321.12,1286.74,0.1,0.6,2.26,2.26,2.6,FTF_COILING,CONFIRMED_BREAKOUT,1,1.66,1.66,0.87,1.55,-10.4,-11.86
DRREDDY,2026-06-29,1367.03,75.0,30.0,1.07,42.1,1.42,0.78,1334.54,1297.97,-2.4,0.34,5.31,0.54,3.4,RESISTANCE_PROBE,CONFIRMED_BREAKOUT,1,-1.35,-2.6,-0.57,-9.69,-15.82,-14.66
DRREDDY,2026-07-03,1365.44,75.0,15.0,0.84,44.7,1.47,1.32,1405.98,1347.26,2.9,0.59,0.75,0.92,-1.2,FTF_COILING,UNRESOLVED,3,-0.45,-1.42,-8.87,-11.3,-15.92,-14.35
EICHERMOT,2025-01-02,5185.85,100.0,85.0,1.62,55.0,1.72,0.59,5207.24,4633.23,0.4,0.95,6.01,1.0,11.9,RESISTANCE_PROBE,UNRESOLVED,3,0.05,-1.09,-3.17,-4.9,-2.71,-0.25
EICHERMOT,2025-01-07,5058.06,75.0,35.0,1.8,52.5,1.82,1.74,5261.66,4755.15,3.9,0.09,0.88,0.84,-0.4,RESISTANCE_PROBE,UNRESOLVED,3,-0.27,-0.72,-2.85,-4.0,5.95,8.44
EICHERMOT,2025-01-24,5086.39,75.0,100.0,1.87,55.0,0.92,0.7,5261.66,4839.12,3.3,0.83,1.4,0.74,-6.3,RESISTANCE_PROBE,UNRESOLVED,3,-1.19,-1.94,-0.23,2.61,-6.11,-5.68
EICHERMOT,2025-01-30,5045.41,75.0,65.0,1.46,52.5,1.03,1.11,5261.66,4963.54,4.1,0.19,1.12,1.0,1.6,RESISTANCE_PROBE,CONFIRMED_BREAKOUT,2,0.58,4.37,4.9,-6.1,-4.43,-8.43
EICHERMOT,2025-02-03,5358.92,75.0,70.0,1.68,55.0,1.4,1.04,5447.09,5011.95,1.6,0.46,2.88,1.0,6.9,RESISTANCE_PROBE,UNRESOLVED,3,-0.64,-1.24,-2.73,-13.49,-12.22,-9.86
EICHERMOT,2025-02-06,5218.97,75.0,35.0,1.58,52.5,1.32,1.45,5447.09,5227.76,4.2,0.1,0.74,1.0,-0.2,RESISTANCE_PROBE,FAILED_BREAKOUT,3,0.57,-0.12,-9.76,-8.49,-4.52,2.58
EICHERMOT,2025-03-24,5299.27,75.0,65.0,0.97,51.3,0.83,0.65,5447.09,4938.19,2.7,0.78,0.73,1.0,7.3,RESISTANCE_PROBE,UNRESOLVED,3,0.13,-0.39,-2.16,-3.56,2.79,4.3
EICHERMOT,2025-03-28,5224.54,75.0,35.0,0.92,53.8,0.94,0.82,5280.52,5177.93,1.1,0.29,0.67,0.67,0.9,FTF_COILING,CONFIRMED_BREAKOUT,1,-0.76,0.15,-5.28,5.01,1.73,2.5
EICHERMOT,2025-04-03,5255.26,75.0,50.0,0.9,51.3,1.16,0.88,5397.75,5144.82,2.6,0.8,0.6,0.92,1.7,FTF_COILING,FAILED_BREAKOUT,2,-2.44,-5.84,-0.53,7.53,2.04,8.37
EICHERMOT,2025-04-11,5227.66,75.0,55.0,0.9,56.4,1.39,0.75,5397.75,4884.8,3.2,0.51,1.37,1.01,-3.8,RESISTANCE_PROBE,CONFIRMED_BREAKOUT,1,3.33,4.94,8.09,4.26,1.79,-1.49
EICHERMOT,2025-04-17,5547.72,75.0,80.0,1.0,64.1,1.09,1.04,5397.75,5168.16,-2.8,0.73,1.35,1.19,-3.8,RESISTANCE_PROBE,CONFIRMED_BREAKOUT,1,2.32,1.86,-1.81,-3.84,-2.62,-4.83
EICHERMOT,2025-06-23,5424.62,75.0,70.0,1.26,50.0,1.07,1.36,5337.18,5185.26,-1.6,0.91,0.49,1.7,3.5,RESISTANCE_PROBE,CONFIRMED_BREAKOUT,1,1.38,0.42,1.87,2.34,0.1,-1.26
EICHERMOT,2025-08-04,5562.75,75.0,70.0,1.37,55.0,1.59,1.14,5611.24,5418.26,0.9,0.67,1.29,1.29,2.7,FTF_COILING,UNRESOLVED,3,1.07,0.84,0.9,5.65,13.35,12.14
EICHERMOT,2025-08-07,5622.62,75.0,60.0,1.55,60.0,1.33,1.34,5611.24,5418.26,-0.2,0.88,0.65,0.97,2.7,FTF_COILING,UNRESOLVED,3,-0.33,-0.18,1.45,4.28,19.95,20.45
EICHERMOT,2025-08-12,5599.36,75.0,65.0,1.55,57.5,0.68,0.85,5611.24,5418.26,0.2,0.29,1.11,0.95,2.7,FTF_COILING,CONFIRMED_BREAKOUT,1,1.0,1.87,4.94,8.4,19.44,18.26
EICHERMOT,2025-08-18,5850.73,75.0,75.0,1.93,57.5,1.01,0.98,5611.24,5584.52,-4.3,0.43,2.86,0.99,2.7,RESISTANCE_PROBE,CONFIRMED_BREAKOUT,1,0.45,0.43,1.33,7.39,17.18,16.65
EICHERMOT,2025-08-21,5913.08,75.0,80.0,2.27,57.5,1.09,1.54,5932.87,5830.44,0.3,0.81,1.02,1.06,0.8,FTF_COILING,CONFIRMED_BREAKOUT,3,-0.85,0.26,2.14,10.13,16.71,13.37
EICHERMOT,2025-09-05,6512.3,75.0,60.0,2.34,60.0,1.4,1.47,6643.43,6345.06,2.0,0.89,0.94,0.94,2.6,FTF_COILING,CONFIRMED_BREAKOUT,1,3.56,4.47,4.48,5.97,4.55,0.95
EICHERMOT,2025-09-10,6765.65,75.0,45.0,2.35,65.0,1.48,1.66,6865.11,6708.75,1.4,0.28,1.01,1.01,0.8,FTF_COILING,UNRESOLVED,3,-1.15,0.56,0.79,2.56,0.88,1.4
EICHERMOT,2025-09-15,6730.52,75.0,55.0,2.23,60.0,0.82,1.57,6865.11,6708.75,2.0,0.12,0.5,0.98,-0.3,FTF_COILING,UNRESOLVED,3,1.86,1.32,2.13,2.71,1.26,-0.54
EICHERMOT,2025-09-18,6852.74,75.0,80.0,2.25,65.0,0.74,1.01,6865.11,6708.75,0.2,0.84,0.33,0.78,-0.3,FTF_COILING,CONFIRMED_BREAKOUT,3,0.71,0.31,0.89,0.24,1.7,0.74
EICHERMOT,2025-09-23,6918.06,75.0,70.0,2.68,65.0,0.65,0.72,6865.11,6708.75,-0.8,0.08,1.0,0.7,-0.3,FTF_COILING,CONFIRMED_BREAKOUT,1,0.3,-0.06,0.21,-1.26,-1.52,-1.81
EICHERMOT,2025-10-01,6948.73,75.0,70.0,2.72,65.0,0.79,0.84,7048.69,6879.46,1.4,0.63,0.54,1.0,1.0,RESISTANCE_PROBE,UNRESOLVED,3,-1.15,-2.02,-1.78,-0.48,-0.21,0.72
EICHERMOT,2025-10-07,6884.9,75.0,70.0,2.47,62.5,1.0,0.78,7048.69,6779.01,2.3,0.65,0.57,1.0,1.6,RESISTANCE_PROBE,UNRESOLVED,3,-0.78,-0.87,-1.01,0.88,-2.16,-2.28
EICHERMOT,2025-10-10,6892.82,75.0,85.0,2.29,62.5,1.0,0.72,7048.69,6747.34,2.2,0.82,0.64,1.0,2.2,RESISTANCE_PROBE,UNRESOLVED,3,-0.76,-1.12,1.11,-0.84,-1.32,-0.32
EICHERMOT,2025-10-16,6915.58,75.0,85.0,2.0,57.5,1.01,0.58,7048.69,6744.37,1.9,0.77,0.8,1.0,2.5,RESISTANCE_PROBE,UNRESOLVED,3,0.78,0.36,-2.12,0.27,-2.7,-3.13
EICHERMOT,2025-10-21,6945.77,75.0,60.0,2.07,60.0,0.79,0.59,7048.69,6820.58,1.5,0.25,0.04,1.0,1.8,RESISTANCE_PROBE,UNRESOLVED,3,-1.91,-2.54,-0.95,-3.02,1.52,3.17
EICHERMOT,2025-10-28,6929.93,75.0,100.0,1.95,60.0,1.04,0.46,7048.69,6721.61,1.7,0.83,1.39,1.0,3.1,RESISTANCE_PROBE,UNRESOLVED,3,-0.72,-1.62,-1.04,-1.76,2.8,2.73
EICHERMOT,2025-10-31,6934.38,75.0,95.0,1.74,55.0,1.05,0.67,7048.69,6797.81,1.6,0.53,1.89,1.0,2.0,RESISTANCE_PROBE,UNRESOLVED,3,0.24,-1.1,-2.01,-2.97,1.69,4.69
EICHERMOT,2025-11-06,6735.96,50.0,65.0,1.52,50.0,1.17,0.89,6986.83,6830.97,3.6,0.07,1.21,1.21,-1.4,RESISTANCE_PROBE,UNRESOLVED,3,1.17,0.88,0.71,4.69,4.31,3.3
EICHERMOT,2025-11-11,6801.77,75.0,80.0,1.57,52.5,1.18,0.94,6986.83,6834.93,2.6,0.88,1.11,1.31,-1.4,FTF_COILING,FAILED_BREAKOUT,3,0.09,-0.26,-0.85,5.03,3.64,6.39
EICHERMOT,2025-11-18,6743.88,50.0,70.0,1.14,52.5,1.03,1.32,6986.83,6600.88,3.5,0.61,1.15,1.44,-3.1,RESISTANCE_PROBE,CONFIRMED_BREAKOUT,2,1.2,4.56,5.93,4.37,3.62,-0.9
EICHERMOT,2025-11-21,7060.56,75.0,65.0,1.22,55.0,1.07,1.46,6986.83,6684.01,-1.1,0.39,1.29,1.39,-3.1,RESISTANCE_PROBE,CONFIRMED_BREAKOUT,1,1.74,1.18,-1.14,1.03,1.16,-0.57
EICHERMOT,2025-11-27,6926.47,75.0,45.0,1.19,52.5,0.93,1.57,7209.01,7061.06,3.9,0.08,0.84,1.0,-1.9,RESISTANCE_PROBE,UNRESOLVED,3,0.78,1.81,1.44,3.67,4.64,2.97
EICHERMOT,2025-12-02,7038.79,75.0,55.0,1.23,52.5,1.02,1.17,7174.87,6952.2,1.9,0.2,0.76,0.76,1.2,FTF_COILING,UNRESOLVED,3,-0.44,-0.18,0.15,-0.72,2.81,1.45
EICHERMOT,2025-12-05,7133.3,75.0,80.0,1.22,55.0,0.93,1.11,7174.87,6952.2,0.6,0.93,0.86,0.65,0.8,FTF_COILING,UNRESOLVED,3,-0.92,-1.18,0.29,0.12,3.81,3.51
EICHERMOT,2025-12-10,7153.59,75.0,80.0,1.25,55.0,0.95,0.83,7174.87,6952.2,0.3,0.6,1.06,0.68,0.8,FTF_COILING,UNRESOLVED,3,0.38,0.01,-1.3,1.16,4.46,6.03
EICHERMOT,2025-12-15,7047.7,75.0,55.0,1.23,52.5,0.95,0.94,7174.87,6952.2,1.8,0.23,0.74,0.73,0.8,FTF_COILING,UNRESOLVED,3,-0.84,0.18,2.39,1.0,3.97,4.19
EICHERMOT,2025-12-18,7032.85,75.0,80.0,1.24,50.0,0.87,1.0,7174.87,6952.2,2.0,0.71,0.64,0.78,0.5,FTF_COILING,UNRESOLVED,3,1.55,2.6,3.06,3.21,2.93,0.16
EICHERMOT,2025-12-23,7227.32,75.0,55.0,1.4,55.0,0.91,0.91,7261.95,6940.82,0.5,0.4,0.57,1.0,4.1,RESISTANCE_PROBE,UNRESOLVED,3,0.13,0.29,0.13,3.83,-2.23,-1.82
EICHERMOT,2025-12-29,7196.64,75.0,60.0,1.39,57.5,0.82,0.56,7298.08,7165.46,1.4,0.28,0.69,1.0,0.4,RESISTANCE_PROBE,UNRESOLVED,3,-1.09,0.56,2.89,2.26,-1.48,-2.5
EICHERMOT,2026-01-01,7271.85,75.0,60.0,1.19,57.5,1.11,1.23,7236.22,7058.58,-0.5,0.84,0.35,0.79,2.5,FTF_COILING,CONFIRMED_BREAKOUT,2,-0.18,1.83,2.76,0.14,-3.07,-4.81
EICHERMOT,2026-02-11,7690.47,75.0,70.0,0.94,48.7,1.02,0.68,7724.11,6990.3,0.4,0.89,4.55,1.0,10.0,RESISTANCE_PROBE,CONFIRMED_BREAKOUT,1,2.21,3.78,3.07,3.05,-10.24,-12.18
EICHERMOT,2026-02-16,7927.48,75.0,45.0,1.02,51.3,1.12,2.13,8034.86,7423.26,1.3,0.36,1.0,1.0,6.8,RESISTANCE_PROBE,UNRESOLVED,3,0.31,-0.01,0.35,-2.3,-13.74,-12.5
EICHERMOT,2026-02-19,7815.16,75.0,30.0,1.0,46.2,0.79,1.32,8055.64,7842.87,3.0,0.05,0.72,1.0,-0.4,RESISTANCE_PROBE,UNRESOLVED,3,0.5,1.79,3.71,-3.5,-12.51,-12.86
EICHERMOT,2026-02-24,7846.83,75.0,35.0,1.02,46.2,0.75,0.61,8055.64,7802.3,2.6,0.17,0.75,1.0,0.6,RESISTANCE_PROBE,UNRESOLVED,3,1.0,3.29,-3.82,-8.52,-11.81,-12.71
EICHERMOT,2026-02-27,7927.48,75.0,50.0,1.07,46.2,1.04,0.84,8144.71,7691.46,2.7,0.1,1.36,1.0,3.1,RESISTANCE_PROBE,UNRESOLVED,3,-2.3,-4.79,-9.29,-14.77,-14.79,-11.99
EICHERMOT,2026-06-09,7128.35,75.0,60.0,1.0,44.7,0.87,0.74,7363.39,7057.59,3.2,0.61,1.06,0.9,-1.1,FTF_COILING,UNRESOLVED,3,0.23,-0.33,4.96,5.21,4.62,3.06
EICHERMOT,2026-06-12,7236.22,75.0,55.0,1.1,42.1,1.01,0.83,7363.39,7057.59,1.7,0.7,0.59,0.91,-1.1,FTF_COILING,CONFIRMED_BREAKOUT,1,4.27,3.4,4.09,3.91,0.73,-3.4
EICHERMOT,2026-07-03,7263.44,75.0,15.0,0.76,44.7,1.27,2.24,7527.67,6870.55,3.5,0.63,0.48,2.01,-4.1,RESISTANCE_PROBE,UNRESOLVED,3,1.8,2.68,0.35,3.05,7.85,6.7
EICHERMOT,2026-07-08,7341.62,75.0,55.0,0.79,50.0,0.98,0.93,7527.67,7195.15,2.5,0.3,1.33,1.31,-4.1,RESISTANCE_PROBE,UNRESOLVED,3,-0.78,-0.71,-0.19,2.88,8.78,10.6
EICHERMOT,2026-07-15,7327.76,75.0,70.0,0.7,52.6,0.83,1.12,7527.67,7066.01,2.7,0.84,1.06,1.14,-4.1,RESISTANCE_PROBE,UNRESOLVED,3,0.19,2.15,3.07,5.06,9.84,7.53
EICHERMOT,2026-07-20,7485.12,75.0,35.0,0.81,51.4,0.85,1.06,7527.67,7209.5,0.6,0.82,0.38,1.08,-4.1,RESISTANCE_PROBE,CONFIRMED_BREAKOUT,2,1.67,0.91,2.72,7.55,7.55,6.58
EICHERMOT,2026-08-03,8050.0,75.0,80.0,1.02,63.2,1.09,1.18,8144.71,7649.89,1.2,0.97,1.65,1.0,5.2,RESISTANCE_PROBE,UNRESOLVED,3,-1.43,-0.79,-0.93,0.0,-1.2,-0.18
EICHERMOT,2026-08-06,7967.5,75.0,60.0,1.07,60.5,1.03,1.37,8144.71,7852.0,2.2,0.48,0.65,1.0,1.5,RESISTANCE_PROBE,UNRESOLVED,3,0.66,0.09,1.66,0.94,-3.48,-3.88
EICHERMOT,2026-08-11,8000.0,75.0,60.0,1.16,60.5,0.87,0.71,8144.71,7896.5,1.8,0.29,1.08,1.0,1.3,RESISTANCE_PROBE,UNRESOLVED,3,0.61,1.25,0.23,0.69,-3.16,-3.95
EICHERMOT,2026-08-14,8066.5,75.0,60.0,1.29,60.5,0.76,0.64,8144.71,7940.0,1.0,0.32,0.59,1.0,1.6,RESISTANCE_PROBE,UNRESOLVED,3,-0.2,-0.6,-0.7,-0.09,-6.65,-5.76
EICHERMOT,2026-08-19,7990.5,75.0,50.0,1.15,57.9,0.73,0.52,8165.0,8016.5,2.1,0.38,0.69,1.0,-0.3,RESISTANCE_PROBE,UNRESOLVED,3,0.64,0.24,0.56,-3.49,-6.14,-6.8
EICHERMOT,2026-08-24,8047.0,75.0,75.0,1.12,59.0,0.84,0.58,8165.0,7947.5,1.4,0.73,0.43,1.0,1.3,RESISTANCE_PROBE,UNRESOLVED,3,0.1,-0.15,-1.16,-4.66,-6.64,-7.25
EICHERMOT,2026-08-27,8100.0,75.0,75.0,1.1,59.0,0.86,0.46,8165.0,7970.0,0.8,0.95,0.93,1.0,1.6,RESISTANCE_PROBE,UNRESOLVED,3,-0.51,-1.81,-5.06,-4.98,-9.4,-7.92
EICHERMOT,2026-09-01,7970.0,75.0,75.0,1.1,53.8,1.09,0.67,8030.0,7941.5,0.7,0.57,2.03,2.03,0.4,FTF_COILING,FAILED_BREAKOUT,1,-3.24,-3.51,-2.79,-6.49,-9.92,-6.91
EXIDEIND,2025-03-26,355.52,25.0,35.0,0.89,46.2,1.04,1.0,365.28,354.63,2.7,0.11,4.34,4.34,0.3,FTF_COILING,UNRESOLVED,3,0.26,0.38,3.65,2.84,3.02,1.41
EXIDEIND,2025-04-01,361.17,50.0,25.0,0.94,46.2,1.1,1.57,370.97,353.54,2.6,0.69,0.83,1.2,0.8,FTF_COILING,UNRESOLVED,3,1.86,2.03,-1.96,2.88,0.37,0.48
EXIDEIND,2025-04-04,360.77,50.0,40.0,1.01,46.2,1.05,0.86,370.97,353.54,2.7,0.33,1.0,0.92,0.8,FTF_COILING,UNRESOLVED,3,-3.02,-1.85,4.2,4.5,-0.97,-0.96
EXIDEIND,2025-04-09,360.72,50.0,35.0,1.19,48.7,1.46,0.9,370.97,353.54,2.8,0.82,0.9,0.99,-1.0,FTF_COILING,CONFIRMED_BREAKOUT,2,1.36,4.21,5.37,3.55,2.95,-1.21
EXIDEIND,2025-04-16,373.25,50.0,45.0,0.96,51.3,0.97,0.98,370.97,353.54,-0.6,0.1,1.13,0.93,-1.0,FTF_COILING,CONFIRMED_BREAKOUT,1,-0.45,1.83,1.45,-5.84,4.26,4.73
EXIDEIND,2025-05-06,366.56,50.0,50.0,0.85,56.4,1.22,1.67,379.48,343.54,3.4,0.63,1.53,1.61,-4.6,RESISTANCE_PROBE,UNRESOLVED,3,1.57,-2.54,1.31,3.54,4.31,7.0
EXIDEIND,2025-05-12,374.29,50.0,50.0,0.93,59.0,1.17,1.13,379.48,347.01,1.4,0.87,0.75,1.23,-4.6,RESISTANCE_PROBE,UNRESOLVED,3,-0.78,1.27,3.9,2.31,6.02,4.42
EXIDEIND,2025-05-15,380.03,50.0,50.0,1.06,64.1,0.8,0.75,379.48,365.33,-0.1,0.44,0.76,1.05,-4.6,RESISTANCE_PROBE,CONFIRMED_BREAKOUT,1,2.4,2.33,-0.38,1.29,2.74,0.33
EXIDEIND,2025-06-12,390.42,50.0,65.0,1.37,57.5,1.18,1.25,405.92,388.24,3.8,0.09,1.24,1.24,-1.7,RESISTANCE_PROBE,FAILED_BREAKOUT,2,-2.41,-2.55,-4.97,-1.39,-1.37,1.21
EXIDEIND,2025-07-23,389.88,50.0,55.0,1.22,55.0,1.13,1.1,390.28,381.72,0.1,0.13,1.09,1.63,2.8,FTF_COILING,UNRESOLVED,3,-0.14,-2.85,-0.18,-2.6,2.22,4.8
EXIDEIND,2025-07-28,380.28,25.0,60.0,1.22,52.5,1.17,1.04,390.28,381.72,2.6,0.55,0.84,1.15,-0.8,FTF_COILING,UNRESOLVED,3,2.51,2.34,2.28,-1.16,3.85,3.25
EXIDEIND,2025-07-31,382.47,25.0,35.0,1.27,50.0,1.26,0.78,390.28,381.72,2.0,0.39,0.81,1.03,-0.8,FTF_COILING,UNRESOLVED,3,-1.31,1.69,-1.14,-2.56,7.27,7.15
EXIDEIND,2025-08-05,382.92,25.0,30.0,1.11,45.0,1.28,0.81,390.28,381.72,1.9,0.42,3.39,1.05,-1.1,FTF_COILING,FAILED_BREAKOUT,3,-0.83,-1.26,-2.17,3.0,5.43,7.99
EXIDEIND,2025-08-20,394.41,50.0,55.0,1.13,47.5,0.95,2.49,389.83,368.98,-1.2,0.68,1.17,1.7,-1.4,RESISTANCE_PROBE,CONFIRMED_BREAKOUT,1,1.05,-0.06,-0.58,2.36,7.28,6.17
EXIDEIND,2025-12-09,371.62,50.0,25.0,0.9,42.5,1.25,0.99,378.59,368.73,1.8,0.85,0.64,0.64,0.8,FTF_COILING,UNRESOLVED,3,-0.8,0.32,-1.91,-0.9,-3.75,-3.84
EXIDEIND,2025-12-12,371.97,50.0,30.0,0.83,45.0,1.08,0.7,378.59,368.73,1.7,0.57,0.46,0.54,-0.0,FTF_COILING,UNRESOLVED,3,-0.35,-2.01,-2.81,-3.17,-6.43,-3.88
EXIDEIND,2025-12-23,368.29,50.0,50.0,0.78,45.0,0.92,0.7,378.59,355.5,2.7,0.81,0.88,0.66,-3.1,RESISTANCE_PROBE,UNRESOLVED,3,-0.78,-1.32,-2.12,-2.88,-11.92,-9.93
EXIDEIND,2026-01-06,362.06,50.0,25.0,0.86,40.0,1.04,0.71,373.91,363.66,3.2,0.31,0.92,0.92,-0.4,FTF_COILING,FAILED_BREAKOUT,2,-1.21,-3.02,-4.89,-9.15,-6.13,-3.2
EXIDEIND,2026-04-27,350.67,75.0,55.0,1.21,45.0,1.16,2.68,358.13,343.4,2.1,0.85,0.85,0.66,-0.7,FTF_COILING,CONFIRMED_BREAKOUT,2,1.11,3.15,1.9,0.1,-1.73,-4.73
EXIDEIND,2026-04-30,358.83,75.0,55.0,1.41,45.0,0.83,1.81,368.53,355.2,2.6,0.63,0.68,0.68,1.0,FTF_COILING,CONFIRMED_BREAKOUT,2,0.0,-0.42,1.08,-3.01,9.32,9.78
EXIDEIND,2026-07-17,435.2,75.0,90.0,2.06,47.4,0.83,0.64,436.55,417.8,0.3,0.93,2.68,1.0,4.2,RESISTANCE_PROBE,CONFIRMED_BREAKOUT,1,0.33,1.9,1.79,3.35,9.4,9.03
EXIDEIND,2026-07-22,447.85,75.0,55.0,2.36,47.4,1.15,1.43,450.0,435.8,0.5,0.71,0.93,0.93,2.8,FTF_COILING,FAILED_BREAKOUT,3,-1.81,-1.08,-2.72,4.28,2.6,7.61
EXIDEIND,2026-07-27,427.0,75.0,30.0,2.33,46.2,1.28,1.3,448.15,435.05,4.7,0.18,1.1,1.1,-1.9,RESISTANCE_PROBE,FAILED_BREAKOUT,1,-0.84,2.03,4.15,13.68,6.16,7.06
FEDERALBNK,2025-04-23,197.89,75.0,30.0,1.08,48.6,0.95,1.57,203.57,198.76,2.8,0.36,0.85,0.85,-0.4,FTF_COILING,FAILED_BREAKOUT,2,1.07,-1.64,-1.55,-6.53,0.7,2.38
FEDERALBNK,2025-04-28,197.95,50.0,65.0,1.23,48.6,1.03,1.68,202.46,197.42,2.2,0.74,0.78,0.8,-1.4,FTF_COILING,FAILED_BREAKOUT,3,1.8,-1.58,-6.28,-0.87,1.33,6.84
FEDERALBNK,2025-05-13,196.23,50.0,60.0,1.17,52.6,1.12,0.76,202.46,181.87,3.1,0.82,0.71,0.87,-6.3,RESISTANCE_PROBE,UNRESOLVED,3,0.07,0.38,0.04,2.22,6.52,6.02
FEDERALBNK,2025-05-16,197.16,50.0,60.0,1.35,59.0,0.78,0.68,202.46,192.19,2.6,0.27,0.41,0.81,-6.3,RESISTANCE_PROBE,UNRESOLVED,3,1.44,-0.44,2.21,1.52,3.15,2.23
FEDERALBNK,2025-05-30,200.16,75.0,70.0,1.36,57.5,0.73,1.27,201.78,197.72,0.8,0.62,0.92,0.92,1.2,FTF_COILING,CONFIRMED_BREAKOUT,1,2.07,4.57,2.83,1.6,3.13,1.04
FEDERALBNK,2025-06-09,210.7,75.0,60.0,1.42,62.5,1.45,1.49,210.51,201.78,-0.1,0.82,0.96,0.96,4.4,FTF_COILING,UNRESOLVED,3,-0.79,-2.15,-3.33,-2.7,1.1,4.16
FEDERALBNK,2025-06-12,204.52,75.0,45.0,1.22,57.5,1.13,1.14,210.51,201.78,2.8,0.22,0.39,0.96,2.2,FTF_COILING,UNRESOLVED,3,-0.56,-0.41,-1.23,1.72,2.19,3.03
FEDERALBNK,2025-06-18,205.13,75.0,65.0,1.17,57.5,0.76,0.62,210.51,201.78,2.6,0.65,0.78,0.7,0.5,FTF_COILING,UNRESOLVED,3,-1.53,0.21,1.6,5.15,3.67,3.74
FEDERALBNK,2025-06-23,205.0,75.0,70.0,1.3,57.5,0.93,0.87,210.51,201.78,2.6,0.53,0.35,0.76,0.1,FTF_COILING,UNRESOLVED,3,1.1,1.67,2.98,3.91,2.82,1.31
FEDERALBNK,2025-06-26,208.05,75.0,90.0,1.17,57.5,0.83,0.77,210.51,201.78,1.2,0.72,1.35,0.71,0.1,FTF_COILING,CONFIRMED_BREAKOUT,2,-0.78,1.48,3.32,0.46,1.28,-0.2
FEDERALBNK,2025-07-24,210.7,75.0,25.0,0.95,45.0,0.71,0.62,217.93,207.87,3.3,0.16,0.81,1.0,1.4,RESISTANCE_PROBE,FAILED_BREAKOUT,3,-2.14,-3.15,-4.83,-6.61,-7.13,-3.74
FEDERALBNK,2025-10-13,212.29,75.0,65.0,1.36,47.5,1.47,1.31,217.93,198.67,2.6,0.92,2.35,1.0,6.9,RESISTANCE_PROBE,UNRESOLVED,3,1.14,1.55,6.6,10.68,12.17,11.39
FEDERALBNK,2025-10-16,213.77,75.0,45.0,1.33,50.0,1.07,1.73,217.93,206.61,1.9,0.16,0.79,1.0,3.5,RESISTANCE_PROBE,CONFIRMED_BREAKOUT,2,-0.99,5.86,6.01,10.31,11.45,5.28
FEDERALBNK,2025-10-21,226.67,75.0,35.0,1.64,55.0,1.33,2.54,229.12,210.8,1.1,0.19,0.3,1.0,7.5,RESISTANCE_PROBE,CONFIRMED_BREAKOUT,3,0.18,-0.02,3.28,3.69,7.69,4.65
FEDERALBNK,2025-10-28,234.98,75.0,100.0,1.71,62.5,0.99,2.99,231.41,225.73,-1.5,0.8,1.21,1.74,3.2,RESISTANCE_PROBE,CONFIRMED_BREAKOUT,1,-0.37,-0.41,0.88,1.34,8.73,9.14
FEDERALBNK,2025-10-31,235.8,75.0,80.0,1.64,62.5,0.9,1.95,231.41,231.56,-1.9,0.76,0.58,1.11,3.2,RESISTANCE_PROBE,CONFIRMED_BREAKOUT,1,0.54,0.52,0.78,1.04,8.45,7.86
FEDERALBNK,2025-11-18,243.68,75.0,100.0,2.46,60.0,1.02,0.64,245.91,234.21,0.9,0.71,1.91,1.0,4.0,RESISTANCE_PROBE,UNRESOLVED,3,0.62,0.17,4.7,5.7,7.23,6.99
FEDERALBNK,2025-11-21,244.23,75.0,45.0,2.4,62.5,1.1,1.16,247.65,243.99,1.4,0.29,0.7,0.43,0.0,FTF_COILING,CONFIRMED_BREAKOUT,2,1.27,4.46,5.25,5.77,9.3,4.63
FEDERALBNK,2025-11-26,255.5,75.0,60.0,2.77,70.0,1.26,1.21,250.36,243.17,-2.1,0.52,1.11,1.65,4.7,RESISTANCE_PROBE,CONFIRMED_BREAKOUT,1,-0.59,0.6,0.73,1.26,2.1,2.7
FEDERALBNK,2025-12-16,261.31,75.0,55.0,3.14,65.0,0.9,0.84,265.39,257.82,1.5,0.24,0.74,1.0,1.4,RESISTANCE_PROBE,UNRESOLVED,3,0.53,1.22,1.24,1.87,-5.85,-7.84
FEDERALBNK,2025-12-19,266.94,75.0,95.0,3.01,65.0,0.87,0.71,267.34,260.16,0.1,0.87,1.0,1.0,2.6,RESISTANCE_PROBE,UNRESOLVED,3,0.49,-0.9,-1.85,-1.53,4.42,6.86
FEDERALBNK,2025-12-24,260.86,75.0,60.0,2.56,62.5,1.0,0.64,270.18,264.05,3.4,0.09,0.88,1.0,-1.2,RESISTANCE_PROBE,UNRESOLVED,3,0.1,0.44,1.72,-2.29,7.81,5.46
FEDERALBNK,2025-12-30,266.69,75.0,95.0,3.22,67.5,1.16,0.53,270.18,259.21,1.3,0.76,4.59,1.0,2.9,RESISTANCE_PROBE,UNRESOLVED,3,-0.19,-0.5,-4.07,-6.84,6.3,6.56
FEDERALBNK,2026-01-02,266.04,75.0,55.0,2.42,67.5,1.02,1.2,270.18,261.11,1.5,0.38,0.43,1.0,1.9,RESISTANCE_PROBE,FAILED_BREAKOUT,2,-1.2,-3.84,-4.36,1.24,5.38,9.58
FEDERALBNK,2026-01-16,269.33,75.0,80.0,2.45,56.4,1.66,0.77,277.45,241.48,2.9,0.74,6.11,1.0,11.5,RESISTANCE_PROBE,CONFIRMED_BREAKOUT,1,3.5,1.11,3.07,4.09,6.94,3.32
FEDERALBNK,2026-01-21,275.16,75.0,60.0,2.54,53.8,1.66,2.49,279.3,246.61,1.5,0.93,0.95,1.0,11.6,RESISTANCE_PROBE,CONFIRMED_BREAKOUT,1,2.21,0.89,4.17,4.17,4.42,2.16
FEDERALBNK,2026-01-27,283.98,75.0,70.0,2.52,53.8,1.11,1.66,286.22,268.03,0.8,0.89,0.85,1.0,5.9,RESISTANCE_PROBE,UNRESOLVED,3,-0.18,0.93,0.19,-0.95,3.76,2.75
FEDERALBNK,2026-01-30,286.77,75.0,80.0,2.31,56.4,0.78,1.32,288.61,278.05,0.6,0.85,0.32,1.0,3.1,RESISTANCE_PROBE,CONFIRMED_BREAKOUT,2,-2.24,-0.78,-0.33,0.19,4.21,5.03
FEDERALBNK,2026-02-11,289.51,75.0,100.0,1.95,51.3,0.76,0.42,297.23,280.14,2.6,0.78,1.26,1.0,3.3,RESISTANCE_PROBE,UNRESOLVED,3,-1.17,-0.76,0.12,2.96,-6.97,-6.49
FEDERALBNK,2026-02-17,287.87,75.0,65.0,1.89,48.7,1.03,0.84,297.23,284.13,3.2,0.74,0.8,1.0,1.3,RESISTANCE_PROBE,UNRESOLVED,3,0.69,-0.19,2.35,-0.83,-6.01,-7.21
FEDERALBNK,2026-02-20,291.6,75.0,85.0,1.9,51.3,0.83,0.56,297.23,281.64,1.9,0.9,0.68,1.0,3.5,RESISTANCE_PROBE,UNRESOLVED,3,1.23,1.04,2.48,-6.6,-13.07,-14.96
FEDERALBNK,2026-02-25,298.08,75.0,60.0,1.83,48.7,0.86,0.61,298.98,294.0,0.3,0.59,0.88,0.88,1.4,FTF_COILING,UNRESOLVED,3,0.13,0.25,-3.14,-9.65,-9.96,-8.7
FEDERALBNK,2026-03-02,293.95,75.0,70.0,1.77,51.3,0.91,0.84,300.67,296.04,2.2,0.57,0.94,1.02,0.9,FTF_COILING,FAILED_BREAKOUT,1,-2.88,-1.78,-6.42,-10.31,-9.97,-7.3
FEDERALBNK,2026-04-15,285.87,75.0,45.0,1.1,52.5,0.93,0.88,300.97,280.64,5.0,0.1,0.82,1.0,1.9,RESISTANCE_PROBE,UNRESOLVED,3,-0.85,2.41,3.35,-0.73,-2.37,-4.86
FEDERALBNK,2026-04-20,293.35,75.0,65.0,1.12,52.5,0.89,1.06,300.97,280.64,2.5,0.36,1.2,1.0,4.5,RESISTANCE_PROBE,UNRESOLVED,3,0.48,0.71,-0.1,-1.77,-3.53,-3.88
FEDERALBNK,2026-04-23,294.39,75.0,60.0,1.18,55.0,0.64,1.1,300.97,291.3,2.2,0.6,0.42,1.0,1.1,RESISTANCE_PROBE,UNRESOLVED,3,-0.81,-0.46,-2.86,0.56,-3.94,-2.36
FEDERALBNK,2026-04-28,289.61,75.0,50.0,1.08,52.5,0.61,0.69,300.97,290.26,3.8,0.1,0.83,1.0,-0.2,RESISTANCE_PROBE,FAILED_BREAKOUT,1,-2.01,-1.26,0.69,-2.0,-0.14,1.91
FEDERALBNK,2026-05-05,291.6,75.0,60.0,1.1,53.8,1.08,1.12,300.67,281.59,3.0,0.71,0.75,0.78,1.6,FTF_COILING,UNRESOLVED,3,0.14,1.52,-2.67,-2.05,0.15,-1.41
FEDERALBNK,2026-05-08,296.24,75.0,75.0,1.18,59.0,0.99,0.64,300.67,281.59,1.5,0.83,0.77,0.85,1.6,FTF_COILING,UNRESOLVED,3,-1.61,-4.19,-5.37,-3.38,2.32,8.61
FEDERALBNK,2026-05-20,288.91,75.0,70.0,1.16,61.5,0.9,1.0,296.39,276.61,2.5,0.91,0.83,1.05,-3.8,RESISTANCE_PROBE,UNRESOLVED,3,-2.12,-0.93,-0.34,3.85,11.31,11.56
FEDERALBNK,2026-05-25,288.27,75.0,65.0,1.28,61.5,0.88,0.79,296.39,282.09,2.7,0.43,1.11,0.98,-3.8,RESISTANCE_PROBE,UNRESOLVED,3,0.33,-0.12,-0.36,5.31,11.81,11.94
FEDERALBNK,2026-05-28,287.92,75.0,80.0,1.41,63.2,0.68,0.89,296.39,285.82,2.9,0.5,0.0,0.98,-3.8,RESISTANCE_PROBE,UNRESOLVED,3,0.02,-0.24,3.88,7.22,12.17,10.58
FEDERALBNK,2026-06-03,300.02,75.0,70.0,2.79,63.2,1.11,3.93,301.82,282.63,0.6,0.86,0.82,1.0,6.2,RESISTANCE_PROBE,CONFIRMED_BREAKOUT,3,-0.32,1.03,3.34,7.19,10.08,8.8
FEDERALBNK,2026-06-08,303.56,75.0,35.0,2.85,63.2,1.32,0.77,308.94,289.31,1.7,0.38,0.61,1.0,4.9,RESISTANCE_PROBE,CONFIRMED_BREAKOUT,1,3.45,2.13,4.1,6.17,8.44,4.82
FEDERALBNK,2026-06-11,308.7,75.0,60.0,3.13,65.8,1.14,0.85,315.62,300.27,2.2,0.58,0.39,1.0,2.8,RESISTANCE_PROBE,UNRESOLVED,3,1.92,2.37,3.45,4.62,5.81,2.23
FEDERALBNK,2026-06-16,319.51,75.0,85.0,3.31,65.8,0.89,0.72,320.01,306.0,0.2,0.89,0.44,1.0,4.4,RESISTANCE_PROBE,UNRESOLVED,3,0.66,-0.05,-0.22,2.95,2.15,1.1
FEDERALBNK,2026-06-19,322.85,75.0,85.0,3.32,68.4,0.77,0.61,323.79,315.42,0.3,0.84,0.39,1.0,2.4,RESISTANCE_PROBE,UNRESOLVED,3,-0.17,-1.25,0.03,1.06,7.73,7.32
FEDERALBNK,2026-06-24,324.09,75.0,85.0,3.77,68.4,0.75,0.49,325.89,317.91,0.6,0.8,0.48,1.0,1.9,RESISTANCE_PROBE,UNRESOLVED,3,-0.35,-0.35,1.91,0.42,8.63,9.01
FEDERALBNK,2026-06-29,322.95,75.0,80.0,3.39,64.9,0.7,0.42,325.89,317.12,0.9,0.39,1.76,1.0,1.8,RESISTANCE_PROBE,CONFIRMED_BREAKOUT,1,1.85,2.27,1.93,2.61,10.01,8.01
FEDERALBNK,2026-07-02,329.87,75.0,75.0,3.6,62.2,0.75,0.68,325.89,321.05,-1.2,0.56,0.88,1.22,2.5,RESISTANCE_PROBE,CONFIRMED_BREAKOUT,1,-1.09,-0.21,-0.98,-1.33,6.99,8.17
FEDERALBNK,2026-07-07,330.42,75.0,75.0,4.34,64.9,1.1,0.6,325.89,324.39,-1.4,0.92,0.55,0.89,1.6,RESISTANCE_PROBE,CONFIRMED_BREAKOUT,2,-1.51,-1.15,-1.22,7.39,9.32,10.59
FEDERALBNK,2026-07-10,328.73,75.0,50.0,4.08,64.9,1.19,0.35,325.89,321.05,-0.9,0.43,0.8,0.77,1.4,FTF_COILING,CONFIRMED_BREAKOUT,1,0.8,-0.71,5.81,7.41,8.0,7.14
FEDERALBNK,2026-08-20,355.3,75.0,70.0,2.21,63.2,0.94,0.43,370.43,349.65,4.1,0.0,1.02,1.0,1.6,RESISTANCE_PROBE,UNRESOLVED,3,1.6,0.69,-2.96,-3.01,-6.35,-4.09
FORTIS,2024-12-30,724.17,75.0,85.0,2.15,61.5,1.23,0.68,742.83,657.67,2.5,0.7,2.12,1.0,10.1,RESISTANCE_PROBE,UNRESOLVED,3,-0.82,-2.38,-0.94,-8.69,-18.44,-17.53
FORTIS,2025-01-02,716.19,75.0,70.0,2.03,59.0,1.45,1.14,742.83,680.57,3.6,0.47,1.26,1.0,5.2,RESISTANCE_PROBE,UNRESOLVED,3,1.99,0.17,-0.63,-7.58,-9.76,-11.89
FORTIS,2025-01-07,733.5,75.0,90.0,2.23,59.0,1.08,1.17,742.83,704.52,1.3,0.75,1.38,1.0,4.1,RESISTANCE_PROBE,FAILED_BREAKOUT,3,-1.53,-2.98,-9.74,-12.94,-15.56,-9.67
FORTIS,2025-03-24,651.74,75.0,55.0,1.03,43.6,0.85,1.72,668.15,602.85,2.5,0.85,0.64,1.14,-7.0,RESISTANCE_PROBE,UNRESOLVED,3,-0.85,-1.15,5.43,-0.67,0.22,-2.55
FORTIS,2025-03-27,670.3,75.0,55.0,1.01,43.6,1.18,1.84,668.15,632.08,-0.3,0.87,1.15,1.02,-7.0,RESISTANCE_PROBE,CONFIRMED_BREAKOUT,1,3.95,2.51,-3.33,-0.38,2.05,-1.83
FORTIS,2025-05-22,722.18,75.0,80.0,1.61,47.5,1.14,0.67,742.83,665.71,2.8,0.75,5.85,1.0,8.5,RESISTANCE_PROBE,UNRESOLVED,3,-0.66,-2.16,-1.04,4.28,3.36,6.12
FORTIS,2025-06-02,720.73,75.0,80.0,1.74,45.0,0.83,0.72,742.83,701.63,3.0,0.62,1.44,1.0,2.7,RESISTANCE_PROBE,CONFIRMED_BREAKOUT,3,1.01,2.28,6.21,5.88,9.99,5.27
FORTIS,2025-06-24,763.69,75.0,100.0,1.7,50.0,0.95,0.74,779.25,741.98,2.0,0.82,1.36,1.0,2.9,RESISTANCE_PROBE,CONFIRMED_BREAKOUT,2,1.88,3.31,1.22,3.28,5.71,2.33
FORTIS,2025-06-27,782.24,75.0,65.0,1.74,52.5,0.99,1.2,801.1,749.52,2.4,0.18,1.16,1.0,4.4,RESISTANCE_PROBE,UNRESOLVED,3,1.34,-1.18,2.94,-2.48,7.98,6.81
FORTIS,2025-07-02,790.77,75.0,80.0,1.7,55.0,1.15,1.04,801.1,771.27,1.3,0.88,1.12,1.0,2.5,RESISTANCE_PROBE,UNRESOLVED,3,0.19,1.83,-0.99,0.33,6.45,4.68
FORTIS,2025-07-07,804.19,75.0,75.0,1.85,55.0,1.03,0.74,811.18,766.58,0.9,0.56,0.59,1.0,4.9,RESISTANCE_PROBE,UNRESOLVED,3,-1.92,-2.64,-2.94,-0.47,7.06,11.57
FORTIS,2025-07-15,797.46,75.0,90.0,1.69,52.5,1.14,0.8,811.18,755.45,1.7,0.7,1.33,1.0,5.6,RESISTANCE_PROBE,UNRESOLVED,3,-0.51,1.38,1.23,6.55,16.7,16.81
FORTIS,2025-07-18,796.71,75.0,55.0,1.65,52.5,1.04,0.85,811.88,778.25,1.9,0.11,0.43,1.0,2.4,RESISTANCE_PROBE,CONFIRMED_BREAKOUT,3,0.47,1.33,6.02,7.74,17.64,14.04
FORTIS,2025-07-23,821.86,75.0,95.0,1.79,57.5,0.99,0.58,830.14,788.93,1.0,0.66,1.71,1.0,4.2,RESISTANCE_PROBE,CONFIRMED_BREAKOUT,1,2.77,2.77,2.43,4.31,15.17,12.06
FORTIS,2025-07-28,845.35,75.0,80.0,1.97,57.5,1.04,1.11,853.59,805.44,1.0,0.46,1.11,1.0,5.0,RESISTANCE_PROBE,CONFIRMED_BREAKOUT,3,0.51,-0.42,1.85,8.79,8.24,6.83
FORTIS,2025-07-31,856.54,75.0,100.0,1.85,55.0,0.91,1.19,859.04,834.66,0.3,0.92,1.26,1.0,2.6,RESISTANCE_PROBE,UNRESOLVED,3,0.21,0.52,3.1,8.69,7.84,6.54
FORTIS,2025-08-05,866.98,75.0,80.0,2.05,55.0,0.95,0.95,868.98,829.27,0.2,0.88,0.46,1.0,4.5,RESISTANCE_PROBE,CONFIRMED_BREAKOUT,2,-1.12,1.86,7.35,11.07,9.44,7.44
FORTIS,2025-08-08,896.4,75.0,90.0,2.44,60.0,1.15,1.61,903.54,873.07,0.8,0.73,1.72,1.72,2.7,FTF_COILING,CONFIRMED_BREAKOUT,1,2.6,3.82,4.56,1.98,5.82,3.14
FORTIS,2025-09-03,955.59,75.0,85.0,2.58,65.0,0.9,0.74,969.97,903.44,1.5,0.91,0.72,1.0,5.8,RESISTANCE_PROBE,UNRESOLVED,3,-0.71,-0.91,1.1,0.63,3.45,4.96
FORTIS,2025-09-08,941.9,75.0,75.0,2.33,65.0,1.01,0.63,969.97,930.81,2.9,0.64,0.56,1.0,1.2,RESISTANCE_PROBE,UNRESOLVED,3,0.71,2.57,3.69,2.48,10.49,7.85
FORTIS,2025-09-11,964.93,75.0,70.0,2.31,65.0,0.97,0.62,975.96,929.11,1.1,0.39,1.14,1.0,3.9,RESISTANCE_PROBE,UNRESOLVED,3,0.42,1.21,0.25,-2.21,9.77,9.69
FORTIS,2025-09-16,965.63,75.0,60.0,2.31,67.5,0.94,0.67,982.16,957.88,1.7,0.09,0.54,1.0,0.8,RESISTANCE_PROBE,UNRESOLVED,3,-0.42,0.18,0.11,0.33,12.51,14.01
FORTIS,2025-09-19,952.94,75.0,35.0,2.3,62.5,0.98,0.53,982.16,951.04,3.0,0.2,1.92,1.0,0.2,RESISTANCE_PROBE,UNRESOLVED,3,1.29,1.44,-2.22,10.48,14.58,13.81
FORTIS,2025-09-24,959.38,75.0,55.0,2.31,62.5,1.02,0.82,967.47,949.34,0.8,0.39,0.93,0.86,1.7,FTF_COILING,CONFIRMED_BREAKOUT,3,-1.65,-2.88,3.05,11.29,8.01,6.86
FORTIS,2025-09-30,968.77,75.0,90.0,2.12,57.5,1.15,1.0,967.47,949.34,-0.1,0.75,1.39,1.31,-1.9,FTF_COILING,CONFIRMED_BREAKOUT,1,2.05,1.09,8.82,12.15,7.71,5.55
FORTIS,2025-10-08,1054.23,75.0,60.0,2.01,55.0,1.52,2.03,1054.38,1033.95,0.0,0.75,0.92,0.92,2.0,FTF_COILING,CONFIRMED_BREAKOUT,1,1.28,0.47,3.06,-0.56,-3.35,-4.57
FORTIS,2026-02-13,915.78,100.0,20.0,1.03,46.2,1.13,1.04,942.0,920.07,2.8,0.15,0.67,0.67,-0.5,FTF_COILING,UNRESOLVED,3,-0.11,-1.05,0.46,2.83,-11.87,-11.7
FORTIS,2026-02-18,913.98,100.0,45.0,0.98,43.6,0.92,1.18,942.0,920.07,3.0,0.79,0.33,0.78,-1.5,FTF_COILING,UNRESOLVED,3,-0.91,0.66,1.73,0.66,-10.56,-11.02
FORTIS,2026-02-23,918.73,100.0,35.0,0.94,43.6,0.86,0.64,942.0,920.07,2.5,0.28,1.07,0.66,-1.6,FTF_COILING,CONFIRMED_BREAKOUT,3,-0.02,1.2,1.39,-4.12,-11.78,-15.8
FORTIS,2026-02-27,941.65,75.0,35.0,1.01,43.6,1.0,0.92,942.0,920.07,0.0,0.11,2.03,0.85,-1.6,FTF_COILING,UNRESOLVED,3,-1.08,-3.37,-6.81,-14.29,-15.66,-13.68
FORTIS,2026-04-23,925.77,75.0,80.0,1.29,53.8,0.92,1.07,933.46,906.09,0.8,0.71,0.76,0.76,2.2,FTF_COILING,CONFIRMED_BREAKOUT,2,0.28,2.92,-0.41,2.26,4.38,1.42
FORTIS,2026-05-12,950.14,75.0,65.0,1.25,57.9,1.04,0.89,965.68,946.0,1.6,0.11,1.14,1.84,2.9,FTF_COILING,CONFIRMED_BREAKOUT,2,0.67,2.05,0.99,1.62,4.06,1.97
FORTIS,2026-05-15,962.63,50.0,45.0,1.4,63.2,1.14,1.21,965.68,946.0,0.3,0.11,0.53,1.26,0.4,FTF_COILING,UNRESOLVED,3,-0.16,-0.32,-0.34,-3.65,2.77,1.62
FORTIS,2026-05-20,973.57,50.0,85.0,1.47,60.5,0.9,0.74,965.68,946.0,-0.8,0.9,0.85,1.0,0.4,FTF_COILING,CONFIRMED_BREAKOUT,1,-0.75,-1.46,-1.41,-4.55,-2.56,-1.82
FORTIS,2026-05-26,965.58,50.0,70.0,1.58,55.3,1.05,0.87,983.36,962.08,1.8,0.57,0.75,0.75,0.4,FTF_COILING,FAILED_BREAKOUT,3,-0.59,-0.59,-3.85,2.39,0.57,4.7
FORTIS,2026-06-05,967.62,50.0,80.0,1.74,57.9,1.08,1.12,983.36,898.15,1.6,0.89,1.18,0.9,-3.6,RESISTANCE_PROBE,CONFIRMED_BREAKOUT,1,2.11,2.18,2.24,-0.59,0.61,-1.47
FORTIS,2026-06-10,987.95,50.0,55.0,2.13,57.9,1.22,1.38,983.36,940.55,-0.5,0.22,1.32,1.16,-3.6,RESISTANCE_PROBE,CONFIRMED_BREAKOUT,2,0.0,0.14,-3.98,-1.38,-4.58,-4.71
FORTIS,2026-06-15,979.11,75.0,55.0,2.11,56.8,0.83,1.39,1009.03,982.06,3.0,0.1,0.88,0.62,0.6,FTF_COILING,FAILED_BREAKOUT,2,-1.13,-3.11,-0.44,-3.04,-1.7,1.46
FORTIS,2026-06-22,974.82,75.0,80.0,1.7,51.4,0.94,1.12,1009.03,941.8,3.4,0.78,0.6,0.93,-3.4,RESISTANCE_PROBE,UNRESOLVED,3,-0.38,-0.05,-2.61,0.43,-2.53,-0.38
FORTIS,2026-08-07,955.15,50.0,45.0,0.91,41.0,1.55,0.99,979.6,938.0,2.5,0.8,3.27,1.34,-1.9,FTF_COILING,FAILED_BREAKOUT,3,-1.05,-2.09,-2.74,-5.03,-5.25,0.56
GLENMARK,2025-01-01,1608.95,75.0,70.0,1.09,60.0,0.89,1.25,1616.02,1582.64,0.4,0.75,0.24,0.24,1.7,FTF_COILING,UNRESOLVED,3,1.54,1.34,0.83,-8.5,-9.97,-10.48
GLENMARK,2025-01-06,1618.17,75.0,45.0,1.1,55.0,0.8,0.86,1616.02,1582.64,-0.1,0.4,0.32,0.35,1.7,FTF_COILING,CONFIRMED_BREAKOUT,1,1.13,0.26,-7.81,-7.4,-11.51,-12.49
GLENMARK,2025-01-09,1587.82,75.0,50.0,1.14,55.0,0.98,0.49,1616.02,1582.64,1.7,0.12,0.53,0.41,1.7,FTF_COILING,FAILED_BREAKOUT,1,-3.24,-6.05,-8.27,-5.17,-6.28,-3.15
GLENMARK,2025-03-25,1475.66,75.0,30.0,1.0,48.7,0.97,0.9,1508.35,1474.91,2.2,0.36,0.76,0.76,0.1,FTF_COILING,CONFIRMED_BREAKOUT,2,-1.28,2.64,2.34,-7.05,-4.94,-7.39
GLENMARK,2025-06-18,1654.69,50.0,80.0,1.41,57.5,0.97,1.11,1679.8,1636.35,1.5,0.86,0.88,0.88,1.1,FTF_COILING,UNRESOLVED,3,-1.28,-1.43,3.41,6.6,32.79,30.86
GLENMARK,2025-06-23,1679.01,50.0,100.0,1.52,55.0,0.94,1.09,1679.8,1636.35,0.0,0.7,1.64,0.84,-0.3,FTF_COILING,CONFIRMED_BREAKOUT,2,-0.1,1.92,4.1,10.4,29.68,27.24
GLENMARK,2025-07-09,1812.55,75.0,70.0,1.4,62.5,1.13,0.91,1855.6,1815.83,2.3,0.65,1.19,1.19,-0.2,FTF_COILING,CONFIRMED_BREAKOUT,1,4.68,19.92,21.22,17.59,11.37,6.39
GLENMARK,2025-07-14,2211.57,75.0,80.0,2.83,65.0,2.1,3.36,2276.94,2087.2,2.9,0.89,1.76,1.76,6.0,FTF_COILING,UNRESOLVED,3,0.31,-0.65,-1.55,-3.37,-7.66,-7.97
GLENMARK,2025-07-17,2219.04,75.0,70.0,2.99,67.5,1.99,3.59,2276.94,2087.2,2.5,0.55,1.5,1.1,5.3,FTF_COILING,UNRESOLVED,3,-0.05,-1.88,-3.71,-4.16,-8.18,-5.25
GLENMARK,2025-11-14,1893.72,50.0,55.0,1.33,47.5,1.23,1.42,1916.99,1844.07,1.2,0.53,2.41,2.41,2.7,FTF_COILING,UNRESOLVED,3,-1.41,-2.79,-2.71,2.67,4.19,7.29
GLENMARK,2025-11-20,1876.13,50.0,25.0,0.8,47.5,1.31,2.94,1922.99,1808.2,2.4,0.68,1.08,1.21,1.7,FTF_COILING,UNRESOLVED,3,-1.8,-1.9,3.51,5.1,4.21,4.02
GLENMARK,2025-11-25,1879.63,50.0,35.0,0.73,45.0,0.93,1.48,1922.99,1808.2,2.3,0.79,0.83,1.09,1.7,FTF_COILING,CONFIRMED_BREAKOUT,2,2.12,3.32,5.16,3.03,8.8,5.3
GLENMARK,2025-11-28,1944.27,75.0,35.0,0.91,52.5,0.79,1.26,1922.99,1835.17,-1.1,0.42,0.55,1.0,1.7,RESISTANCE_PROBE,CONFIRMED_BREAKOUT,1,-0.23,1.66,1.13,1.48,3.26,3.5
GLENMARK,2025-12-24,2018.09,75.0,40.0,1.07,62.5,1.13,0.75,2080.43,2034.48,3.0,0.15,0.89,0.89,-0.8,FTF_COILING,UNRESOLVED,3,-0.47,-0.51,0.3,2.96,-1.13,-1.61
GLENMARK,2025-12-30,2027.78,75.0,100.0,1.2,57.5,0.92,0.72,2080.43,2034.48,2.5,0.76,3.44,0.57,-1.3,FTF_COILING,UNRESOLVED,3,0.27,-0.18,2.21,-1.06,-1.79,-3.44
GLENMARK,2026-01-02,2062.45,75.0,80.0,1.28,60.0,0.89,0.77,2080.43,2034.48,0.9,0.84,0.66,1.03,-1.3,FTF_COILING,CONFIRMED_BREAKOUT,3,-1.23,0.49,-2.78,-3.09,-6.98,-9.12
GLENMARK,2026-01-08,2077.73,75.0,40.0,1.36,57.5,1.41,0.57,2145.37,2068.64,3.2,0.12,0.72,0.72,0.4,FTF_COILING,FAILED_BREAKOUT,1,-3.49,-3.0,-3.29,-3.97,-6.97,-3.61
GLENMARK,2026-02-16,2028.48,75.0,100.0,1.59,53.8,0.86,0.91,2045.86,1990.02,0.8,0.86,1.25,1.25,1.9,FTF_COILING,UNRESOLVED,3,0.41,-0.01,0.43,4.57,5.68,6.41
GLENMARK,2026-02-19,2014.7,75.0,40.0,1.51,48.7,0.74,0.94,2045.86,1990.02,1.5,0.22,0.71,0.78,1.9,FTF_COILING,UNRESOLVED,3,1.31,1.12,5.34,5.34,8.1,5.9
GLENMARK,2026-02-24,2056.55,75.0,75.0,1.43,53.8,0.78,0.6,2045.86,1990.02,-0.5,0.63,0.78,0.71,1.2,FTF_COILING,CONFIRMED_BREAKOUT,1,1.28,3.19,-0.92,10.4,5.34,4.0
GLENMARK,2026-03-10,2223.59,75.0,80.0,1.66,56.4,1.48,0.78,2276.94,2040.17,2.3,0.87,3.21,1.0,9.0,RESISTANCE_PROBE,UNRESOLVED,3,2.11,1.37,-3.59,-5.85,-2.81,-0.35
GLENMARK,2026-03-13,2168.54,75.0,35.0,1.31,53.8,1.44,1.67,2295.62,2128.28,5.5,0.07,0.94,1.85,1.3,RESISTANCE_PROBE,UNRESOLVED,3,0.22,-1.14,0.43,-1.8,3.63,2.89
GLENMARK,2026-04-15,2256.16,75.0,80.0,1.27,57.5,0.81,0.99,2295.62,2113.0,1.7,0.89,0.93,1.0,6.8,RESISTANCE_PROBE,UNRESOLVED,3,-0.39,-0.39,-0.81,6.89,0.85,2.1
GLENMARK,2026-04-20,2228.48,75.0,70.0,1.25,53.8,0.74,0.99,2295.62,2202.81,2.9,0.5,0.65,1.0,1.2,RESISTANCE_PROBE,CONFIRMED_BREAKOUT,3,0.11,0.42,4.23,7.31,4.9,0.21
GLENMARK,2026-04-23,2332.68,75.0,100.0,1.43,59.0,0.81,0.61,2357.05,2202.61,1.0,0.83,2.63,1.0,5.9,RESISTANCE_PROBE,CONFIRMED_BREAKOUT,3,-1.52,-0.42,3.05,1.57,2.48,-0.45
GLENMARK,2026-04-28,2401.31,75.0,90.0,1.45,59.0,1.19,1.16,2424.99,2209.9,1.0,0.76,2.14,1.0,8.7,RESISTANCE_PROBE,CONFIRMED_BREAKOUT,1,0.42,0.11,0.59,-6.1,-2.18,-2.59
GLENMARK,2026-05-04,2391.32,75.0,55.0,1.37,55.3,0.96,1.12,2471.54,2383.23,3.2,0.2,0.73,1.0,0.3,RESISTANCE_PROBE,UNRESOLVED,3,1.01,-0.67,-1.94,-2.25,-8.04,-7.19
GLENMARK,2026-05-07,2369.24,75.0,55.0,1.33,52.6,0.84,1.03,2437.57,2352.56,2.8,0.33,0.64,0.64,0.7,FTF_COILING,FAILED_BREAKOUT,3,-0.22,-1.02,-1.31,0.9,-8.05,-3.39
GLENMARK,2026-05-19,2403.51,75.0,90.0,1.24,52.6,0.97,1.0,2437.57,2290.32,1.4,0.9,1.14,0.97,-4.2,RESISTANCE_PROBE,UNRESOLVED,3,-1.12,-0.54,-2.27,-9.2,-10.36,-4.53
GLENMARK,2026-05-27,2382.53,75.0,50.0,1.14,52.6,1.29,1.23,2437.57,2224.09,2.3,0.92,0.76,1.04,-4.2,RESISTANCE_PROBE,UNRESOLVED,3,0.0,-4.61,-8.84,-10.08,-8.57,-0.94
GLENMARK,2026-06-30,2202.11,50.0,70.0,0.94,50.0,0.68,0.76,2214.1,2155.95,0.5,0.56,1.41,1.41,2.1,FTF_COILING,UNRESOLVED,3,-1.92,-0.38,2.75,4.57,-0.89,-1.19
GLENMARK,2026-07-03,2208.8,50.0,35.0,0.9,55.3,1.09,0.93,2217.79,2182.33,0.4,0.44,1.13,0.88,-1.0,FTF_COILING,CONFIRMED_BREAKOUT,1,2.71,2.44,3.25,1.11,1.04,-1.63
GLENMARK,2026-07-08,2221.49,50.0,15.0,0.8,55.3,1.23,0.88,2291.62,2240.77,3.1,0.16,0.63,0.63,-0.9,FTF_COILING,CONFIRMED_BREAKOUT,3,1.96,2.66,3.31,-1.07,1.59,-1.84
GLENMARK,2026-07-13,2299.01,75.0,60.0,0.87,57.9,1.14,0.79,2291.62,2240.77,-0.3,0.63,1.31,0.84,-0.9,FTF_COILING,CONFIRMED_BREAKOUT,1,0.17,-0.17,-2.69,-4.58,-2.17,-2.33
GLENMARK,2026-07-16,2284.63,75.0,35.0,0.99,55.3,0.82,0.88,2320.59,2261.75,1.5,0.21,0.28,1.05,1.5,FTF_COILING,UNRESOLVED,3,-2.25,-2.07,-3.58,-4.22,1.45,3.47
GLENMARK,2026-07-21,2239.87,75.0,70.0,1.09,55.3,0.8,0.81,2320.59,2261.75,3.5,0.74,0.51,0.93,-1.3,FTF_COILING,FAILED_BREAKOUT,1,-1.88,-1.65,-2.56,-0.76,2.81,4.78
GLENMARK,2026-07-29,2259.45,75.0,70.0,0.99,59.0,1.01,0.95,2320.59,2176.03,2.6,0.93,1.07,0.95,-3.5,RESISTANCE_PROBE,UNRESOLVED,3,-3.16,-1.23,-0.12,1.25,7.81,9.34
GLENMARK,2026-08-20,2330.58,75.0,90.0,1.34,59.0,1.04,0.96,2311.6,2220.29,-0.8,0.9,1.08,1.08,5.0,FTF_COILING,CONFIRMED_BREAKOUT,2,-0.64,2.48,5.45,5.51,3.67,1.16
GLENMARK,2026-09-01,2470.4,75.0,55.0,1.49,57.5,1.22,1.2,2532.4,2452.0,2.4,0.39,1.3,1.3,0.8,FTF_COILING,UNRESOLVED,3,-0.42,-0.46,0.17,-4.0,-1.17,0.18
GRASIM,2025-01-27,2441.53,50.0,25.0,0.94,40.0,1.12,1.12,2497.16,2436.97,2.2,0.51,0.72,0.72,0.2,FTF_COILING,UNRESOLVED,3,-1.9,-0.18,-0.7,1.2,-1.1,-2.43
GRASIM,2025-01-30,2474.96,50.0,45.0,1.01,37.5,1.08,1.18,2497.16,2436.97,0.9,0.73,0.65,0.72,-1.7,FTF_COILING,UNRESOLVED,3,0.69,-2.04,-0.07,-0.27,-6.09,-5.4
GRASIM,2025-02-03,2457.03,50.0,35.0,0.93,42.5,1.09,0.77,2497.16,2436.97,1.6,0.9,0.71,0.71,-1.7,FTF_COILING,UNRESOLVED,3,0.45,0.66,-0.02,-0.4,-3.19,-4.18
GRASIM,2025-02-06,2482.21,50.0,70.0,1.04,47.5,0.9,0.74,2497.16,2436.97,0.6,0.71,1.02,0.71,-1.7,FTF_COILING,UNRESOLVED,3,-0.46,-1.03,-0.36,-1.81,-3.67,-3.38
GRASIM,2025-02-11,2474.71,50.0,40.0,0.9,47.5,0.9,0.98,2497.16,2436.97,0.9,0.41,2.65,0.82,-1.7,FTF_COILING,UNRESOLVED,3,-0.26,-0.05,-1.13,-4.5,-3.71,-1.33
GRASIM,2025-02-14,2414.96,50.0,35.0,0.97,50.0,1.19,1.48,2524.92,2417.4,4.4,0.25,1.11,0.96,1.2,RESISTANCE_PROBE,UNRESOLVED,3,1.34,1.31,-0.01,-2.21,-1.31,-2.59
GRASIM,2025-02-19,2446.65,50.0,50.0,1.02,51.3,1.11,1.05,2524.92,2439.55,3.1,0.48,0.46,1.0,-1.0,FTF_COILING,FAILED_BREAKOUT,3,-0.39,-1.31,-5.0,-2.82,0.25,3.16
GRASIM,2025-03-24,2496.31,75.0,70.0,1.58,52.6,0.89,0.89,2497.85,2442.93,0.1,0.55,0.96,0.96,2.2,FTF_COILING,CONFIRMED_BREAKOUT,1,2.24,2.72,4.21,3.06,8.82,6.44
GRASIM,2025-04-17,2742.15,50.0,90.0,1.42,52.6,1.18,1.17,2813.97,2595.24,2.6,0.87,1.63,1.0,5.7,RESISTANCE_PROBE,UNRESOLVED,3,-0.14,-0.41,-0.94,-0.2,-1.22,1.54
GRASIM,2025-04-23,2667.56,50.0,55.0,1.22,50.0,0.92,0.9,2813.97,2668.85,5.2,0.12,0.9,1.0,-0.0,RESISTANCE_PROBE,UNRESOLVED,3,1.62,1.83,1.93,0.49,-0.41,-2.86
GRASIM,2025-04-28,2734.9,50.0,75.0,1.44,56.4,0.95,0.74,2813.97,2655.04,2.8,0.6,0.69,1.0,3.0,RESISTANCE_PROBE,UNRESOLVED,3,-0.28,-0.58,-0.9,-1.62,-5.06,-4.03
GRASIM,2025-05-02,2705.7,50.0,65.0,1.09,56.4,0.81,1.02,2813.97,2700.63,3.8,0.37,1.31,1.0,0.2,RESISTANCE_PROBE,UNRESOLVED,3,1.14,0.17,-3.27,2.94,-6.54,-5.71
GRASIM,2025-05-07,2681.76,50.0,45.0,1.13,53.8,0.79,1.08,2753.18,2677.69,2.6,0.39,0.67,0.76,1.2,FTF_COILING,FAILED_BREAKOUT,2,-0.04,-2.41,1.38,0.26,-5.56,-3.23
GRASIM,2025-05-12,2724.37,75.0,70.0,1.13,51.3,1.05,0.89,2753.18,2677.69,1.0,0.79,0.84,0.87,-2.3,FTF_COILING,CONFIRMED_BREAKOUT,3,-1.24,-0.2,-0.58,-3.15,-4.9,-7.66
GRASIM,2025-05-16,2785.36,75.0,45.0,1.47,53.8,1.28,0.94,2753.18,2684.54,-1.2,0.42,1.15,0.95,-2.3,RESISTANCE_PROBE,CONFIRMED_BREAKOUT,1,-2.75,-2.97,-5.16,-9.21,-5.01,-2.32
GRASIM,2025-06-23,2705.4,75.0,55.0,1.03,40.0,0.83,0.83,2714.54,2664.97,0.3,0.77,0.85,0.85,1.5,FTF_COILING,CONFIRMED_BREAKOUT,1,2.1,3.97,4.44,2.03,0.67,-1.4
GRASIM,2025-08-05,2778.41,75.0,55.0,1.98,52.5,1.12,0.77,2876.54,2697.75,3.4,0.31,1.08,1.0,3.0,RESISTANCE_PROBE,UNRESOLVED,3,-1.12,-1.91,-1.67,2.79,0.82,4.77
GRASIM,2025-08-12,2731.89,75.0,50.0,2.1,50.0,1.26,1.11,2776.22,2701.72,1.6,0.62,0.84,0.84,1.1,FTF_COILING,CONFIRMED_BREAKOUT,3,0.2,0.89,4.54,1.6,2.14,-1.65
GRASIM,2025-08-22,2805.06,75.0,30.0,2.01,45.0,1.2,1.19,2889.4,2846.13,2.9,0.16,0.95,0.95,-1.4,FTF_COILING,FAILED_BREAKOUT,2,-0.09,-0.63,-0.35,-0.34,1.43,2.07
GRASIM,2025-09-01,2795.19,75.0,70.0,1.58,42.5,0.69,0.75,2889.4,2754.12,3.3,0.7,0.73,0.78,-2.8,RESISTANCE_PROBE,UNRESOLVED,3,-0.86,-0.8,0.01,-0.05,-2.03,-2.24
GRASIM,2025-09-04,2801.07,75.0,35.0,1.42,45.0,0.88,0.72,2889.4,2761.9,3.1,0.14,1.66,0.76,-2.8,RESISTANCE_PROBE,UNRESOLVED,3,-0.21,-0.2,-0.38,2.46,-0.65,-0.16
GRASIM,2025-09-09,2787.22,75.0,40.0,1.36,47.5,0.9,0.86,2856.3,2792.3,2.4,0.25,0.59,0.51,0.1,FTF_COILING,UNRESOLVED,3,-0.36,0.11,1.68,0.63,-0.63,-0.85
GRASIM,2025-09-12,2793.3,75.0,75.0,1.28,50.0,0.71,0.54,2856.3,2792.3,2.2,0.45,0.29,0.53,-0.5,FTF_COILING,CONFIRMED_BREAKOUT,3,0.01,1.46,2.71,-1.97,-0.14,-2.35
GRASIM,2025-09-17,2856.5,75.0,95.0,1.39,52.5,0.81,0.5,2856.3,2792.3,-0.0,0.5,1.42,0.56,-0.5,FTF_COILING,CONFIRMED_BREAKOUT,2,0.47,0.44,-2.02,-2.64,-0.2,-0.63
GRASIM,2025-09-22,2845.24,75.0,75.0,1.47,52.5,1.05,0.89,2872.05,2841.15,0.9,0.09,1.45,1.26,1.0,FTF_COILING,FAILED_BREAKOUT,3,-1.42,-1.64,-3.76,-1.62,0.58,3.31
GRASIM,2025-09-25,2769.97,50.0,30.0,1.17,47.5,1.22,1.0,2864.88,2799.38,3.3,0.12,1.37,0.61,-0.0,FTF_COILING,FAILED_BREAKOUT,1,-1.14,-1.14,0.46,1.17,5.23,6.45
GRASIM,2025-10-01,2781.04,75.0,70.0,1.25,50.0,1.2,0.85,2864.88,2692.11,2.9,0.9,0.68,0.97,-2.2,RESISTANCE_PROBE,UNRESOLVED,3,0.06,0.63,0.75,2.51,3.66,2.98
GRASIM,2025-10-07,2799.28,75.0,70.0,1.35,55.0,0.92,0.8,2864.88,2723.52,2.3,0.51,0.5,0.95,-2.2,RESISTANCE_PROBE,UNRESOLVED,3,-1.06,0.09,-1.15,2.23,-3.84,-3.95
GRASIM,2025-10-10,2802.27,75.0,85.0,1.23,57.5,0.96,0.69,2864.88,2756.11,2.2,0.51,1.16,0.87,-2.2,RESISTANCE_PROBE,UNRESOLVED,3,-0.46,-1.25,0.9,4.02,-1.25,-1.46
GRASIM,2025-10-15,2808.05,75.0,85.0,1.25,52.5,0.9,0.68,2864.88,2749.34,2.0,0.84,0.91,0.85,-2.2,RESISTANCE_PROBE,UNRESOLVED,3,1.53,0.69,1.7,4.74,-1.19,-2.47
GRASIM,2025-10-20,2845.14,75.0,60.0,1.33,52.5,1.01,0.69,2901.96,2765.58,2.0,0.44,0.81,1.0,2.9,RESISTANCE_PROBE,UNRESOLVED,3,0.59,0.37,2.76,0.98,-3.83,-3.4
GRASIM,2025-10-24,2832.48,75.0,70.0,1.31,55.0,0.95,0.69,2905.45,2829.19,2.5,0.34,1.08,1.0,0.1,RESISTANCE_PROBE,CONFIRMED_BREAKOUT,1,2.91,3.22,1.77,-2.76,-5.37,-8.04
GRASIM,2025-10-29,2949.51,75.0,70.0,1.32,60.0,1.23,1.06,2950.41,2905.05,0.0,0.49,1.55,1.55,1.5,FTF_COILING,UNRESOLVED,3,-0.28,-2.26,-8.74,-6.11,-7.39,-5.51
GRASIM,2025-11-03,2890.89,75.0,60.0,1.1,57.5,1.02,1.4,2968.55,2930.87,2.6,0.58,0.66,1.1,-1.6,FTF_COILING,FAILED_BREAKOUT,2,-0.62,-6.89,-4.28,-4.76,-5.69,1.29
GRASIM,2025-12-09,2737.47,50.0,55.0,1.24,50.0,1.05,0.79,2761.3,2721.52,0.9,0.37,0.89,0.89,0.6,FTF_COILING,CONFIRMED_BREAKOUT,3,0.03,1.89,1.93,3.05,3.32,0.01
GRASIM,2025-12-16,2790.41,75.0,45.0,1.06,52.5,1.14,1.12,2841.05,2808.25,1.8,0.28,1.12,1.12,-0.6,FTF_COILING,UNRESOLVED,3,0.27,0.3,1.1,1.07,-0.12,-0.59
GRASIM,2025-12-19,2803.77,75.0,70.0,1.14,55.0,0.92,1.11,2841.05,2808.25,1.3,0.55,1.15,0.84,-0.6,FTF_COILING,UNRESOLVED,3,-0.1,0.62,1.06,1.29,-1.16,-1.66
GRASIM,2025-12-24,2818.12,75.0,45.0,1.07,52.5,1.05,0.92,2849.12,2789.41,1.1,0.16,0.96,0.86,1.1,FTF_COILING,UNRESOLVED,3,-0.33,0.55,0.88,-1.23,-1.39,-1.9
GRASIM,2025-12-30,2832.87,75.0,70.0,0.97,52.5,0.88,1.02,2849.12,2789.41,0.6,0.48,1.44,1.04,0.7,FTF_COILING,UNRESOLVED,3,-0.45,0.35,0.83,-2.38,-0.09,-0.61
GRASIM,2026-01-02,2847.53,75.0,65.0,1.04,55.0,0.96,0.95,2849.12,2789.41,0.1,0.31,1.33,1.02,0.7,FTF_COILING,CONFIRMED_BREAKOUT,2,-0.26,0.31,-2.78,-1.64,-2.86,-3.17
GRASIM,2026-01-07,2828.29,75.0,35.0,0.91,50.0,0.98,1.1,2884.02,2833.67,1.9,0.16,0.52,1.29,0.8,FTF_COILING,FAILED_BREAKOUT,2,-1.59,-2.12,-1.46,-3.58,0.94,3.13
GRASIM,2026-01-12,2797.98,75.0,35.0,0.89,47.5,1.2,1.06,2884.02,2833.67,3.0,0.82,0.88,0.9,-2.3,FTF_COILING,FAILED_BREAKOUT,1,-1.16,-0.39,-0.95,1.76,5.24,6.48
GRASIM,2026-01-15,2787.12,75.0,45.0,1.0,48.7,1.13,1.03,2884.02,2729.8,3.4,0.5,0.0,0.99,-2.4,RESISTANCE_PROBE,UNRESOLVED,3,0.49,-0.57,-0.29,0.83,3.3,6.43
GRASIM,2026-01-27,2847.33,75.0,60.0,0.95,53.8,1.36,1.26,2884.02,2699.89,1.3,0.89,2.44,1.02,-4.5,RESISTANCE_PROBE,UNRESOLVED,3,-0.6,-0.86,-1.66,3.42,0.81,2.14
GRASIM,2026-02-02,2765.98,50.0,45.0,0.8,48.7,1.25,1.55,2830.78,2799.18,2.3,0.89,1.38,1.38,-1.2,FTF_COILING,UNRESOLVED,3,1.24,2.53,5.47,4.98,0.1,-3.02
GRASIM,2026-02-05,2855.01,75.0,70.0,1.04,51.3,1.15,1.55,2860.09,2792.4,0.2,0.74,1.08,0.83,1.6,FTF_COILING,CONFIRMED_BREAKOUT,2,-0.94,2.18,2.15,0.01,-5.08,-7.1
GRASIM,2026-02-10,2944.73,75.0,55.0,1.18,48.7,1.03,1.22,2860.09,2811.94,-3.0,0.81,0.87,0.84,1.3,RESISTANCE_PROBE,CONFIRMED_BREAKOUT,1,-0.72,-0.96,-1.81,-2.53,-7.39,-6.72
GRASIM,2026-02-13,2879.03,75.0,30.0,1.03,46.2,1.01,1.02,2969.75,2885.91,3.1,0.19,0.56,0.58,1.1,FTF_COILING,UNRESOLVED,3,0.86,0.43,-1.91,-3.05,-8.09,-9.52
GRASIM,2026-02-18,2924.69,75.0,55.0,1.05,46.2,0.73,0.86,2969.75,2885.91,1.5,0.87,0.49,0.54,-0.2,FTF_COILING,FAILED_BREAKOUT,2,-2.37,-3.44,-1.89,-7.15,-11.11,-7.94
GRASIM,2026-02-23,2864.48,75.0,50.0,0.91,46.2,0.95,0.68,2969.75,2885.91,3.5,0.77,0.88,0.59,-2.1,FTF_COILING,UNRESOLVED,3,0.21,0.17,-3.34,-4.51,-11.28,-10.97
GRASIM,2026-04-29,2794.49,75.0,45.0,0.92,52.5,0.88,1.12,2839.35,2763.39,1.6,0.43,1.1,1.1,1.1,FTF_COILING,UNRESOLVED,3,-0.31,-0.31,3.98,5.08,13.09,10.99
GRASIM,2026-05-04,2847.13,75.0,70.0,0.94,56.4,0.89,0.94,2839.35,2763.39,-0.3,0.84,1.18,0.82,0.8,FTF_COILING,CONFIRMED_BREAKOUT,2,0.54,2.06,4.49,3.07,8.63,6.44
GRASIM,2026-05-14,2929.57,50.0,35.0,1.1,66.7,1.14,0.67,2960.08,2900.96,1.0,0.11,1.97,1.97,1.0,FTF_COILING,UNRESOLVED,3,-0.17,0.17,7.34,7.87,5.13,5.26
GRASIM,2026-05-19,2926.08,50.0,45.0,1.07,61.5,0.95,1.13,2959.18,2915.22,1.1,0.31,0.71,0.89,0.7,FTF_COILING,CONFIRMED_BREAKOUT,1,1.22,7.47,7.83,5.53,6.99,5.69
GRASIM,2026-06-01,3092.96,75.0,60.0,1.38,65.8,0.7,0.68,3180.39,3101.74,2.7,0.25,0.63,0.63,-0.3,FTF_COILING,UNRESOLVED,3,-0.16,-0.03,-1.69,2.0,-0.72,-0.75
GRASIM,2026-06-04,3093.86,75.0,60.0,1.58,63.2,0.93,0.64,3180.39,3101.74,2.7,0.33,0.95,0.52,-0.4,FTF_COILING,UNRESOLVED,3,-0.51,-1.72,-0.45,1.34,2.12,2.38
GRASIM,2026-06-09,3085.89,75.0,75.0,1.5,63.2,0.91,0.7,3180.39,3101.74,3.0,0.66,0.88,0.64,-2.0,FTF_COILING,UNRESOLVED,3,-0.79,-0.19,1.45,1.58,3.08,2.75
GRASIM,2026-06-12,3095.86,75.0,70.0,1.69,63.2,0.93,0.85,3180.39,3101.74,2.7,0.68,0.58,0.68,-2.0,FTF_COILING,UNRESOLVED,3,1.9,1.12,1.42,0.68,3.48,2.01
GRASIM,2026-06-17,3140.62,75.0,55.0,1.61,63.2,0.98,0.76,3180.39,3101.74,1.3,0.41,0.45,0.68,-2.0,FTF_COILING,UNRESOLVED,3,-0.17,-0.03,-0.71,-0.32,-2.04,-2.81
GRASIM,2026-06-22,3165.34,75.0,85.0,1.78,63.2,1.03,0.69,3190.06,3099.54,0.8,0.91,0.57,1.0,2.1,RESISTANCE_PROBE,UNRESOLVED,3,-0.97,-1.49,-2.99,1.19,-0.99,0.55
GRASIM,2026-06-25,3116.89,75.0,70.0,1.56,57.9,0.82,0.71,3190.06,3087.38,2.3,0.28,1.13,1.0,1.0,RESISTANCE_PROBE,UNRESOLVED,3,0.0,-1.48,1.36,2.09,-0.43,0.42
GRASIM,2026-06-30,3090.37,75.0,75.0,1.5,55.3,0.77,0.82,3135.23,3062.76,1.4,0.4,1.3,1.3,0.9,FTF_COILING,CONFIRMED_BREAKOUT,3,1.3,2.23,2.93,0.43,0.52,-2.03
GRASIM,2026-07-03,3171.02,75.0,60.0,1.53,55.3,1.03,0.75,3135.23,3070.93,-1.1,0.29,0.68,0.91,0.9,RESISTANCE_PROBE,CONFIRMED_BREAKOUT,1,1.01,0.31,1.03,-2.24,-2.52,-3.49
GRASIM,2026-07-08,3125.06,75.0,60.0,1.4,52.6,0.99,0.6,3135.23,3062.76,0.3,0.2,0.82,0.83,0.9,FTF_COILING,CONFIRMED_BREAKOUT,1,1.82,2.51,-1.55,1.0,2.85,1.01
GRASIM,2026-07-13,3134.54,75.0,50.0,1.32,55.3,1.27,0.74,3211.99,3126.56,2.4,0.21,1.13,0.87,2.5,FTF_COILING,FAILED_BREAKOUT,3,-0.99,-1.85,-0.02,-1.01,7.85,10.35
GRASIM,2026-07-17,3100.04,75.0,60.0,1.08,50.0,1.16,0.88,3211.99,3126.56,3.5,0.84,0.99,1.15,-2.0,FTF_COILING,UNRESOLVED,3,1.1,2.25,-0.65,-0.29,4.8,2.92
GRASIM,2026-07-22,3156.47,75.0,65.0,1.17,50.0,0.94,0.75,3211.99,3126.56,1.7,0.65,0.65,1.04,-2.0,FTF_COILING,UNRESOLVED,3,-1.68,-2.43,-1.68,1.82,3.6,5.39
GRASIM,2026-07-27,3102.73,50.0,85.0,1.25,51.3,0.89,0.59,3211.99,3126.56,3.4,0.78,0.48,0.92,-2.0,FTF_COILING,UNRESOLVED,3,0.12,0.02,4.74,8.95,5.97,6.23
GRASIM,2026-08-03,3249.88,75.0,35.0,0.84,51.3,1.0,0.54,3249.88,3075.92,0.0,1.0,0.78,1.0,5.7,RESISTANCE_PROBE,UNRESOLVED,3,-3.74,-1.1,4.02,0.02,3.73,5.02
GRASIM,2026-08-06,3210.0,75.0,25.0,0.89,48.7,1.52,0.83,3209.1,3105.33,-0.0,0.74,0.73,1.31,3.5,FTF_COILING,CONFIRMED_BREAKOUT,1,3.52,5.31,1.46,2.8,3.12,-0.39
GRASIM,2026-08-18,3278.7,75.0,65.0,1.07,46.2,0.96,1.72,3393.9,3270.6,3.4,0.6,1.88,1.3,-0.7,FTF_COILING,UNRESOLVED,3,-0.27,0.65,0.33,0.8,-3.28,-4.14
GRASIM,2026-08-21,3308.0,75.0,80.0,1.04,50.0,0.75,1.51,3393.9,3270.6,2.5,0.59,1.59,1.39,-0.7,FTF_COILING,UNRESOLVED,3,-0.6,-0.56,-0.54,0.42,-2.99,-2.75
GRASIM,2026-08-26,3299.9,75.0,80.0,1.14,50.0,0.78,1.8,3343.1,3258.0,1.3,0.79,1.01,1.64,0.9,FTF_COILING,UNRESOLVED,3,-1.27,-0.3,-0.15,0.0,-3.38,-5.41
GRASIM,2026-08-31,3371.0,75.0,55.0,1.18,47.5,0.85,1.49,3343.1,3258.0,-0.8,1.0,0.87,1.11,0.0,FTF_COILING,UNRESOLVED,3,-1.96,-2.26,-2.04,-2.64,-6.56,-4.83
HAL,2025-01-21,3967.1,50.0,35.0,1.31,57.5,1.33,1.2,4154.35,3780.24,4.5,0.07,1.66,1.66,-1.3,RESISTANCE_PROBE,UNRESOLVED,3,-3.64,-3.17,-11.15,-12.89,-14.2,-9.72
HAL,2025-03-26,4072.29,75.0,70.0,1.07,51.3,1.33,1.61,4157.81,3946.52,2.1,0.73,2.22,2.22,3.2,FTF_COILING,CONFIRMED_BREAKOUT,2,0.79,1.19,4.62,-0.51,11.65,10.34
HAL,2025-04-03,4260.6,75.0,80.0,1.44,56.4,1.0,1.78,4384.64,4149.97,2.8,0.94,0.92,0.97,0.7,FTF_COILING,FAILED_BREAKOUT,2,-1.85,-7.2,-4.91,-0.77,3.5,11.53
HAL,2025-04-21,4250.63,75.0,85.0,1.82,61.5,0.6,0.67,4384.64,4114.21,3.1,0.76,0.54,0.74,-4.7,RESISTANCE_PROBE,UNRESOLVED,3,-0.54,-0.05,2.72,4.6,12.58,12.82
HAL,2025-04-24,4241.66,50.0,60.0,1.69,61.5,0.57,0.68,4384.64,4167.67,3.3,0.12,0.6,0.7,-4.7,RESISTANCE_PROBE,CONFIRMED_BREAKOUT,3,-2.41,2.94,4.29,4.68,15.39,7.64
HAL,2025-04-29,4546.76,50.0,90.0,1.92,64.1,1.15,0.95,4656.75,4091.23,2.4,0.76,2.06,1.0,11.1,RESISTANCE_PROBE,UNRESOLVED,3,-2.63,-2.71,-3.02,3.44,8.86,9.3
HAL,2025-05-06,4446.34,50.0,55.0,1.93,64.1,1.11,1.32,4656.75,4405.6,4.5,0.09,1.06,1.0,0.9,RESISTANCE_PROBE,UNRESOLVED,3,-0.83,-1.88,2.27,7.63,10.69,10.84
HAL,2025-05-09,4440.13,50.0,70.0,1.78,61.5,1.22,0.92,4529.5,4351.94,2.0,0.64,1.62,1.06,0.3,FTF_COILING,CONFIRMED_BREAKOUT,2,-1.37,2.41,13.92,10.23,10.84,8.23
HAL,2025-05-21,4933.25,75.0,70.0,2.04,62.5,1.16,2.03,5087.92,4904.54,3.0,0.96,0.97,1.13,-2.4,FTF_COILING,UNRESOLVED,3,0.78,-0.79,0.33,-0.83,-0.14,-0.18
HAL,2025-05-26,4935.32,75.0,70.0,2.14,60.0,0.79,1.18,5087.92,4714.45,3.0,0.63,0.44,0.84,-2.4,RESISTANCE_PROBE,UNRESOLVED,3,0.52,0.29,0.28,0.11,0.5,0.55
HAL,2025-05-29,4932.85,75.0,75.0,2.14,57.5,0.59,0.7,5087.92,4882.84,3.0,0.46,0.42,0.7,-2.4,RESISTANCE_PROBE,UNRESOLVED,3,-0.53,0.33,1.42,-0.89,-3.67,-3.45
HAL,2025-06-03,4921.51,75.0,60.0,1.95,52.5,0.56,0.56,5087.92,4882.84,3.3,0.22,0.36,0.62,-2.4,RESISTANCE_PROBE,UNRESOLVED,3,-0.59,1.65,2.46,1.16,-1.54,-1.55
HAL,2025-06-06,4921.6,75.0,60.0,1.64,52.5,0.81,0.61,5087.92,4824.64,3.3,0.15,0.68,0.61,-2.4,RESISTANCE_PROBE,UNRESOLVED,3,0.39,2.46,0.74,-0.32,0.08,-0.92
HAL,2025-06-11,4971.42,75.0,55.0,1.62,52.5,0.87,0.8,5094.92,4902.57,2.4,0.16,0.68,1.0,1.4,RESISTANCE_PROBE,UNRESOLVED,3,-1.66,-0.27,-0.91,-4.9,-0.64,-1.11
HAL,2025-06-16,4995.0,75.0,65.0,1.42,50.0,1.16,0.75,5094.92,4825.72,2.0,0.61,0.79,1.0,3.5,RESISTANCE_PROBE,UNRESOLVED,3,-0.32,-1.38,-0.7,-3.83,-3.51,-0.33
HAL,2025-06-23,4959.98,75.0,85.0,1.48,50.0,1.0,0.64,5094.92,4778.28,2.6,0.63,1.05,1.0,3.8,RESISTANCE_PROBE,UNRESOLVED,3,-2.82,-4.68,-3.15,-0.31,-5.51,-1.37
HAL,2025-06-27,4831.44,75.0,80.0,1.3,50.0,0.89,0.77,4983.26,4808.86,3.0,0.9,0.81,0.93,-1.7,FTF_COILING,UNRESOLVED,3,-0.57,0.29,1.95,-0.65,-7.05,-7.06
HAL,2025-07-02,4831.84,75.0,75.0,1.25,50.0,0.7,0.58,4983.26,4808.86,3.0,0.56,0.48,0.79,-1.7,FTF_COILING,UNRESOLVED,3,0.67,1.94,2.23,-0.55,-7.21,-9.33
HAL,2025-07-07,4944.59,75.0,75.0,1.34,55.0,0.8,0.49,4983.26,4808.86,0.8,0.62,0.59,0.77,-1.7,FTF_COILING,UNRESOLVED,3,-0.2,-0.1,-2.52,-5.22,-9.47,-7.68
HAL,2025-07-10,4848.9,75.0,60.0,1.31,50.0,0.89,0.48,4983.26,4808.86,2.7,0.18,0.9,0.72,-1.7,FTF_COILING,UNRESOLVED,3,-1.01,-0.6,-2.57,-4.78,-7.43,-7.07
HAL,2025-07-15,4830.36,50.0,60.0,1.43,52.5,0.89,0.45,4983.26,4808.86,3.1,0.3,0.57,0.73,-1.7,FTF_COILING,FAILED_BREAKOUT,3,-0.51,-2.2,-2.83,-8.14,-9.95,-5.21
HAL,2025-09-16,4790.41,75.0,50.0,1.06,50.0,1.27,1.53,4795.36,4731.03,0.1,0.96,0.87,0.87,1.3,FTF_COILING,CONFIRMED_BREAKOUT,1,1.04,0.35,-0.83,-1.93,0.11,-0.92
HAL,2025-09-19,4865.83,75.0,70.0,1.19,50.0,0.97,1.42,4795.36,4711.63,-1.5,0.82,0.96,0.91,1.3,RESISTANCE_PROBE,CONFIRMED_BREAKOUT,1,-2.19,-2.37,-3.66,-1.44,-1.14,1.07
HAL,2025-09-24,4675.5,75.0,45.0,1.07,50.0,1.01,0.91,4795.36,4731.03,2.5,0.09,0.62,0.86,0.4,FTF_COILING,UNRESOLVED,3,1.09,0.26,1.68,2.59,1.91,1.57
HAL,2025-09-29,4691.44,75.0,55.0,1.25,52.5,1.13,1.0,4795.36,4731.03,2.2,0.28,1.04,0.98,-1.2,FTF_COILING,UNRESOLVED,3,0.14,1.34,2.06,0.14,-0.95,-3.6
HAL,2025-10-03,4820.5,75.0,80.0,1.31,55.0,0.99,1.08,4795.36,4731.03,-0.5,0.92,0.78,0.92,-1.2,FTF_COILING,UNRESOLVED,3,-0.52,-0.67,-0.77,0.17,-3.61,-1.97
HAL,2025-10-20,4810.21,75.0,55.0,1.52,52.5,0.96,0.89,4927.0,4801.0,2.4,0.13,0.63,0.63,0.2,FTF_COILING,UNRESOLVED,3,-0.04,-1.02,-2.79,-3.58,-2.38,-1.45
HAL,2025-10-24,4764.88,75.0,60.0,1.7,55.0,0.87,0.67,4927.0,4801.0,3.3,0.24,0.68,0.5,-0.8,FTF_COILING,FAILED_BREAKOUT,2,-1.19,-1.86,-2.79,-0.51,-7.67,-5.91
HAL,2025-11-11,4812.78,75.0,80.0,1.76,52.5,1.26,0.8,4927.0,4479.63,2.3,0.83,1.5,0.92,-5.3,RESISTANCE_PROBE,UNRESOLVED,3,-2.35,-2.3,-1.12,-8.66,-11.51,-9.02
HAL,2025-11-17,4746.07,75.0,55.0,1.65,47.5,1.32,1.4,4870.58,4653.83,2.6,0.72,1.17,0.99,0.6,FTF_COILING,UNRESOLVED,3,0.26,-1.06,-7.3,-5.52,-9.88,-8.37
HAL,2026-01-09,4416.38,50.0,30.0,0.73,45.0,1.16,0.78,4532.09,4419.85,2.6,0.21,1.41,1.41,-0.1,FTF_COILING,UNRESOLVED,3,1.26,-0.22,-0.75,-3.51,-7.42,-7.41
HAL,2026-01-14,4415.69,50.0,15.0,0.72,45.0,1.34,0.82,4496.45,4394.51,1.8,0.5,0.86,1.04,0.3,FTF_COILING,UNRESOLVED,3,0.0,-0.73,-4.53,3.13,-6.78,-7.67
HAL,2026-01-19,4458.15,75.0,45.0,0.66,48.7,1.07,0.77,4496.45,4394.51,0.9,0.88,1.1,1.03,-0.3,FTF_COILING,FAILED_BREAKOUT,2,-3.31,-5.44,-3.46,-0.75,-5.7,-0.28
HAL,2026-01-30,4572.07,75.0,60.0,0.69,53.8,1.25,1.19,4622.15,4506.45,1.1,0.84,1.69,1.69,1.5,FTF_COILING,FAILED_BREAKOUT,1,-6.08,-3.23,-11.95,-8.81,-14.58,-9.06
HAL,2026-05-11,4746.68,75.0,55.0,1.75,61.5,1.09,1.18,4826.52,4723.43,1.7,0.24,1.1,1.1,0.5,FTF_COILING,FAILED_BREAKOUT,1,-3.86,-2.9,-9.04,-6.95,-10.9,-7.32
HAL,2026-05-14,4598.68,50.0,35.0,1.53,61.5,1.42,1.0,4735.3,4546.89,2.9,0.23,2.78,0.98,1.4,FTF_COILING,FAILED_BREAKOUT,1,-4.81,-6.11,-5.16,-4.23,-9.46,-4.88
HAL,2026-07-23,4583.21,75.0,60.0,0.77,46.2,0.98,0.7,4617.64,4538.8,0.7,0.86,1.06,1.06,1.0,FTF_COILING,UNRESOLVED,3,-0.42,0.58,-0.24,7.13,9.05,8.87
HAL,2026-07-28,4590.8,75.0,55.0,0.81,46.2,0.96,0.84,4617.64,4538.8,0.6,0.8,1.11,0.97,0.6,FTF_COILING,UNRESOLVED,3,-0.18,-0.41,0.76,6.72,6.74,5.67
HAL,2026-07-31,4637.1,75.0,60.0,0.74,46.2,0.99,0.74,4617.64,4538.8,-0.4,0.71,1.16,0.96,0.6,FTF_COILING,CONFIRMED_BREAKOUT,1,0.94,-0.25,5.67,8.47,4.83,3.86
HAL,2026-08-05,4635.61,75.0,45.0,0.74,46.2,0.86,0.77,4617.64,4538.8,-0.4,0.59,1.03,0.97,0.6,FTF_COILING,CONFIRMED_BREAKOUT,1,5.92,5.71,7.53,8.23,3.11,-2.65
HAL,2026-08-13,4935.0,75.0,35.0,1.25,46.2,1.26,2.33,5044.78,4793.69,2.2,0.23,1.58,1.0,2.9,RESISTANCE_PROBE,CONFIRMED_BREAKOUT,2,1.92,2.51,1.28,-0.73,0.3,-2.15
HAL,2026-08-18,5099.0,75.0,70.0,1.47,51.3,1.32,1.83,5149.9,5045.0,1.0,0.74,1.08,1.08,1.1,FTF_COILING,UNRESOLVED,3,-1.61,-1.98,-3.9,-5.71,-7.92,-6.1
HAL,2026-08-21,5000.0,75.0,55.0,1.35,52.5,0.89,1.31,5149.9,5045.0,2.9,0.23,0.64,0.77,-0.9,FTF_COILING,FAILED_BREAKOUT,1,-1.88,-2.0,-2.78,-2.88,-3.99,-2.15
HAVELLS,2025-06-25,1556.76,50.0,35.0,0.69,47.5,1.06,0.68,1576.3,1539.69,1.2,0.08,1.35,1.35,1.1,FTF_COILING,UNRESOLVED,3,0.3,-0.16,-1.2,-2.91,0.22,1.39
HAVELLS,2025-06-30,1538.7,25.0,30.0,0.55,47.5,1.07,1.21,1581.26,1547.13,2.7,0.37,1.65,1.65,-0.5,FTF_COILING,UNRESOLVED,3,-0.21,-0.04,-0.87,-1.59,-2.79,-4.12
HAVELLS,2025-07-03,1560.03,50.0,70.0,0.7,52.5,0.93,1.31,1564.0,1523.82,0.3,0.59,1.24,0.68,0.8,FTF_COILING,UNRESOLVED,3,0.32,-2.23,-2.73,-2.54,-4.58,-2.06
HAVELLS,2025-07-08,1519.85,25.0,35.0,0.66,47.5,1.06,0.92,1564.0,1523.82,2.8,0.66,1.0,0.92,0.1,FTF_COILING,UNRESOLVED,3,-0.55,-0.16,0.39,3.04,-1.91,-1.64
HAVELLS,2025-07-11,1515.59,25.0,55.0,0.65,47.5,0.97,0.95,1564.0,1523.82,3.1,0.52,1.78,0.92,-0.8,FTF_COILING,UNRESOLVED,3,-0.09,0.67,-0.61,-0.27,-2.37,-2.19
HAVELLS,2025-07-16,1512.81,25.0,20.0,0.68,45.0,0.62,1.1,1564.0,1523.82,3.3,0.25,0.76,0.99,-0.8,FTF_COILING,UNRESOLVED,3,0.5,-0.43,3.13,0.2,-3.88,-4.29
HAVELLS,2025-07-21,1519.36,25.0,35.0,0.66,47.5,0.76,1.12,1564.0,1523.82,2.9,0.79,0.79,1.03,-1.1,FTF_COILING,CONFIRMED_BREAKOUT,1,3.07,2.68,-1.55,-1.5,2.51,-0.54
HAVELLS,2025-08-19,1557.45,50.0,35.0,0.88,45.0,1.18,1.09,1569.35,1512.41,0.8,0.9,0.56,0.56,3.0,FTF_COILING,UNRESOLVED,3,-0.13,-1.04,-3.32,-0.25,1.5,2.41
HAVELLS,2025-08-22,1543.56,50.0,25.0,0.89,42.5,1.16,0.83,1569.35,1512.41,1.6,0.63,0.59,0.62,1.9,FTF_COILING,UNRESOLVED,3,0.39,-2.45,1.17,1.49,1.63,4.07
HAVELLS,2025-08-28,1507.25,25.0,35.0,0.79,47.5,0.81,1.31,1545.05,1496.84,2.4,0.46,0.69,0.69,0.7,FTF_COILING,CONFIRMED_BREAKOUT,3,0.41,3.61,4.3,3.62,1.33,-2.73
HAVELLS,2025-09-02,1570.15,50.0,30.0,0.86,47.5,1.14,1.47,1545.05,1499.91,-1.6,0.25,1.42,0.91,0.7,RESISTANCE_PROBE,CONFIRMED_BREAKOUT,1,-1.06,0.12,0.27,2.02,-5.1,-4.09
HAVELLS,2025-09-05,1569.85,50.0,35.0,0.8,50.0,1.12,0.96,1592.17,1562.71,1.4,0.71,0.45,0.82,-0.6,FTF_COILING,UNRESOLVED,3,-0.21,0.29,-0.63,0.52,-5.36,-4.93
HAVELLS,2025-09-10,1562.81,50.0,40.0,0.91,50.0,0.84,0.63,1592.17,1562.71,1.8,0.16,0.47,0.62,-0.6,FTF_COILING,UNRESOLVED,3,-0.06,-0.18,1.15,-1.96,-5.69,-6.86
HAVELLS,2025-09-15,1582.45,50.0,35.0,0.81,47.5,0.72,0.5,1592.17,1562.71,0.6,0.77,0.55,0.58,-0.6,FTF_COILING,UNRESOLVED,3,1.23,-0.11,-0.87,-5.64,-9.16,-9.11
HAVELLS,2025-09-18,1581.56,25.0,50.0,0.95,47.5,0.8,0.62,1592.17,1562.71,0.7,0.69,1.04,0.63,-0.6,FTF_COILING,UNRESOLVED,3,-0.22,-0.82,-3.43,-6.66,-6.45,-5.14
HAVELLS,2025-09-23,1559.73,25.0,25.0,0.97,47.5,0.8,0.72,1592.17,1562.71,2.0,0.36,0.49,0.65,-0.6,FTF_COILING,FAILED_BREAKOUT,2,-1.77,-2.08,-4.47,-4.38,-4.83,-2.81
HAVELLS,2025-11-03,1485.33,50.0,35.0,0.73,37.5,0.86,0.97,1498.03,1475.71,0.8,0.85,0.44,0.44,0.7,FTF_COILING,FAILED_BREAKOUT,2,-0.73,-3.67,-3.59,-1.96,-5.0,-1.37
HAVELLS,2025-11-10,1446.05,50.0,45.0,0.82,40.0,1.07,1.06,1498.03,1419.86,3.5,0.73,1.1,0.89,-3.0,RESISTANCE_PROBE,UNRESOLVED,3,-0.97,0.02,1.56,-2.27,-3.46,-4.01
HAVELLS,2025-11-13,1454.38,50.0,35.0,0.68,42.5,1.03,1.02,1498.03,1418.07,2.9,0.69,0.5,0.84,-3.0,RESISTANCE_PROBE,UNRESOLVED,3,0.23,0.98,-1.2,-2.15,-4.34,-4.47
HAVELLS,2025-11-18,1456.26,50.0,50.0,0.69,42.5,0.76,0.63,1498.03,1441.98,2.8,0.55,1.0,0.75,-3.0,RESISTANCE_PROBE,UNRESOLVED,3,-1.88,-1.33,-3.31,-3.1,-3.81,-2.02
HAVELLS,2026-03-11,1358.73,50.0,25.0,0.8,53.8,1.25,1.03,1409.97,1294.95,3.6,0.13,1.18,1.46,-5.1,RESISTANCE_PROBE,UNRESOLVED,3,-0.84,-4.05,-1.58,-7.11,-6.71,-1.8
HAVELLS,2026-06-30,1159.3,25.0,85.0,0.6,52.6,0.83,0.55,1185.8,1152.1,2.2,0.79,1.42,1.42,0.6,FTF_COILING,CONFIRMED_BREAKOUT,1,2.54,2.36,5.67,2.42,5.85,3.22
HAVELLS,2026-07-03,1181.1,25.0,25.0,0.71,50.0,1.11,0.92,1200.9,1172.4,1.6,0.29,0.67,0.85,1.2,FTF_COILING,CONFIRMED_BREAKOUT,2,0.03,3.72,0.62,0.52,6.74,2.91
HAVELLS,2026-07-08,1207.8,50.0,35.0,0.87,52.6,1.04,1.01,1200.9,1172.4,-0.6,0.27,2.87,1.0,0.7,FTF_COILING,CONFIRMED_BREAKOUT,1,-1.41,-1.61,-2.52,-0.06,6.81,8.33
HAVELLS,2026-07-13,1178.8,25.0,50.0,0.65,50.0,1.45,1.89,1211.7,1176.4,2.7,0.65,2.13,2.13,0.2,FTF_COILING,UNRESOLVED,3,0.72,-0.12,1.82,4.97,9.01,9.77
HAVELLS,2026-07-16,1170.6,25.0,40.0,0.59,44.7,1.01,1.92,1211.7,1176.4,3.4,0.24,1.3,1.37,0.1,FTF_COILING,UNRESOLVED,3,1.43,2.54,3.36,7.78,8.49,4.3
HAVELLS,2026-07-21,1217.6,50.0,60.0,0.87,50.0,1.17,1.83,1211.7,1176.4,-0.5,0.73,1.12,1.68,-0.5,FTF_COILING,CONFIRMED_BREAKOUT,3,-0.86,-0.63,0.78,6.36,6.74,5.93
HAVELLS,2026-07-24,1226.9,50.0,60.0,0.96,51.3,1.03,1.73,1211.7,1191.6,-1.3,0.71,0.73,1.37,-0.5,RESISTANCE_PROBE,CONFIRMED_BREAKOUT,1,0.86,0.02,2.75,4.98,3.35,2.47
HCLTECH,2024-12-30,1791.97,75.0,70.0,1.16,50.0,1.16,0.79,1818.63,1761.73,1.5,0.61,2.52,0.6,-0.2,FTF_COILING,CONFIRMED_BREAKOUT,3,-0.6,-0.88,1.25,3.13,-10.35,-12.32
HCLTECH,2025-01-03,1808.41,75.0,30.0,1.18,47.5,1.5,1.14,1829.13,1733.17,1.1,0.11,1.23,0.88,2.5,FTF_COILING,UNRESOLVED,3,0.33,-1.58,2.49,-7.17,-10.46,-9.8
HCLTECH,2025-01-08,1795.04,75.0,45.0,1.12,47.5,1.26,0.95,1829.13,1733.17,1.9,0.86,1.02,0.95,2.5,FTF_COILING,CONFIRMED_BREAKOUT,2,0.13,3.25,-5.51,-4.45,-9.43,-12.28
HCLTECH,2025-01-13,1848.13,75.0,65.0,1.25,47.5,1.12,1.11,1829.13,1760.01,-1.0,0.51,2.12,1.09,2.5,RESISTANCE_PROBE,FAILED_BREAKOUT,1,-8.84,-8.23,-8.8,-13.07,-12.38,-3.88
HCLTECH,2025-03-26,1532.8,50.0,25.0,0.9,46.2,1.22,1.76,1556.78,1519.24,1.5,0.5,1.03,1.03,0.9,FTF_COILING,FAILED_BREAKOUT,3,-0.2,-2.5,-10.0,-14.87,-2.83,3.71
HCLTECH,2025-05-08,1500.46,75.0,35.0,0.87,48.7,0.64,0.82,1498.28,1466.57,-0.1,0.59,0.74,0.74,2.3,FTF_COILING,CONFIRMED_BREAKOUT,2,-0.71,5.67,7.29,3.31,3.27,-2.27
HCLTECH,2025-06-12,1614.85,75.0,35.0,0.94,52.5,1.04,0.79,1599.37,1565.29,-1.0,0.2,1.58,2.16,4.4,FTF_COILING,CONFIRMED_BREAKOUT,1,-0.35,1.28,0.75,1.35,-2.2,-1.86
HCLTECH,2025-06-17,1641.8,75.0,40.0,1.12,50.0,1.24,1.05,1638.39,1608.96,-0.2,0.51,0.79,0.9,0.0,FTF_COILING,UNRESOLVED,3,-0.79,-0.91,-2.19,-0.65,-9.44,-9.97
HCLTECH,2025-06-20,1651.58,75.0,95.0,1.22,50.0,1.0,0.71,1638.39,1608.96,-0.8,0.92,1.16,0.9,0.0,FTF_COILING,UNRESOLVED,3,-2.11,-2.76,-0.95,-0.8,-10.29,-9.09
HCLTECH,2025-06-25,1629.94,75.0,70.0,1.06,50.0,1.03,0.93,1644.65,1603.45,0.9,0.82,0.54,0.54,1.7,FTF_COILING,UNRESOLVED,3,0.41,0.36,0.09,-2.51,-10.21,-10.81
HCLTECH,2025-06-30,1640.85,75.0,60.0,0.91,52.5,0.98,1.19,1663.54,1623.96,1.4,0.71,0.73,0.73,1.0,FTF_COILING,UNRESOLVED,3,-0.6,-0.58,-1.05,-6.29,-14.52,-13.69
HCLTECH,2025-07-03,1625.0,75.0,35.0,0.78,50.0,0.9,1.19,1663.54,1623.96,2.3,0.23,0.72,0.73,0.4,FTF_COILING,UNRESOLVED,3,0.82,-0.09,-2.82,-9.81,-13.58,-13.39
HCLTECH,2025-07-08,1621.4,50.0,55.0,0.79,50.0,0.79,0.63,1663.54,1623.96,2.5,0.66,0.86,0.63,-0.0,FTF_COILING,FAILED_BREAKOUT,1,-2.0,-2.6,-8.3,-10.31,-12.52,-10.73
HCLTECH,2025-10-15,1430.9,50.0,35.0,1.14,50.0,1.13,1.0,1468.5,1425.64,2.6,0.41,0.63,0.63,0.4,FTF_COILING,UNRESOLVED,3,1.29,0.16,2.7,4.44,7.46,6.63
HCLTECH,2025-10-20,1442.03,50.0,45.0,1.12,52.5,1.01,1.02,1468.5,1425.64,1.8,0.3,0.88,0.85,0.4,FTF_COILING,CONFIRMED_BREAKOUT,2,-0.63,1.91,1.79,2.25,11.18,9.1
HCLTECH,2025-10-24,1469.42,50.0,50.0,1.04,52.5,1.07,0.9,1492.27,1451.77,1.5,0.46,0.6,0.6,1.2,FTF_COILING,UNRESOLVED,3,0.64,-0.11,1.16,1.1,5.68,3.41
HCLTECH,2025-10-29,1501.72,75.0,65.0,1.14,52.5,1.21,0.73,1492.27,1451.77,-0.6,0.95,1.09,0.66,1.1,FTF_COILING,UNRESOLVED,3,-0.48,-1.01,-1.98,2.65,4.6,5.54
HCLTECH,2025-11-03,1488.42,50.0,70.0,1.02,52.5,0.92,0.76,1492.27,1451.77,0.3,0.71,0.98,0.79,1.1,FTF_COILING,UNRESOLVED,3,-0.93,-1.11,1.72,3.35,5.96,8.14
HCLTECH,2025-11-07,1458.43,50.0,60.0,0.99,50.0,0.82,0.81,1492.27,1451.77,2.3,0.77,0.95,0.84,1.1,FTF_COILING,CONFIRMED_BREAKOUT,2,1.86,3.81,5.44,6.32,11.28,7.2
HCLTECH,2025-11-12,1537.11,75.0,70.0,1.07,52.5,1.06,0.84,1492.27,1437.31,-3.0,0.77,1.0,0.85,0.5,RESISTANCE_PROBE,CONFIRMED_BREAKOUT,1,0.28,0.04,4.3,1.5,4.52,4.22
HCLTECH,2025-11-25,1543.96,50.0,25.0,1.19,55.0,1.41,1.57,1581.47,1545.7,2.4,0.32,0.88,0.88,-0.1,FTF_COILING,UNRESOLVED,3,1.05,1.74,2.15,3.53,4.92,3.43
HCLTECH,2025-11-28,1566.24,50.0,55.0,1.28,60.0,0.89,1.17,1581.47,1545.7,1.0,0.29,0.73,0.73,-0.1,FTF_COILING,UNRESOLVED,3,1.15,0.7,3.62,3.02,0.41,-0.59
HCLTECH,2025-12-03,1581.96,50.0,70.0,1.45,57.5,0.78,0.76,1581.47,1545.7,-0.0,0.45,0.92,0.77,-0.1,FTF_COILING,CONFIRMED_BREAKOUT,1,0.86,2.59,1.55,0.88,-0.37,-1.21
HCLTECH,2025-12-08,1628.34,50.0,70.0,1.81,57.5,0.98,1.12,1612.33,1586.39,-1.0,0.63,0.98,1.25,2.3,FTF_COILING,UNRESOLVED,3,-1.84,-1.34,-0.27,-1.08,-4.28,-3.35
HCLTECH,2025-12-11,1612.72,75.0,80.0,2.14,57.5,0.92,1.17,1612.33,1586.39,-0.0,0.82,0.52,0.94,0.8,FTF_COILING,UNRESOLVED,3,0.05,0.69,-0.66,-0.69,-0.66,0.59
HCLTECH,2025-12-16,1592.76,75.0,60.0,1.94,57.5,0.85,0.72,1612.33,1586.39,1.2,0.17,0.72,0.77,0.8,FTF_COILING,UNRESOLVED,3,0.2,0.59,1.71,-1.72,1.02,1.59
HCLTECH,2025-12-19,1583.79,75.0,70.0,1.72,57.5,1.15,0.67,1612.33,1586.39,1.8,0.2,1.45,0.75,0.4,FTF_COILING,UNRESOLVED,3,1.7,2.28,-0.71,-2.12,5.29,3.26
HCLTECH,2025-12-24,1614.93,75.0,60.0,1.64,60.0,1.12,0.81,1621.01,1574.24,0.4,0.64,0.47,0.69,2.3,FTF_COILING,UNRESOLVED,3,-0.82,-2.62,-2.4,-1.67,2.43,6.21
HCLTECH,2025-12-31,1565.37,75.0,60.0,1.44,57.5,0.86,0.74,1621.01,1574.24,3.4,0.44,0.67,0.78,-1.1,FTF_COILING,UNRESOLVED,3,0.69,1.04,1.5,2.78,6.82,7.87
HCLTECH,2026-01-07,1588.9,75.0,85.0,1.48,62.5,1.21,0.75,1621.01,1523.71,2.0,0.82,2.09,0.84,-1.5,RESISTANCE_PROBE,UNRESOLVED,3,-0.06,0.83,1.26,2.85,-1.58,-2.75
HCLTECH,2026-01-12,1608.09,75.0,100.0,1.62,62.5,1.05,1.34,1615.22,1588.32,0.4,0.73,1.94,1.94,1.2,FTF_COILING,UNRESOLVED,3,-0.16,0.05,3.7,3.9,-4.98,-5.03
HCLTECH,2026-01-15,1608.96,75.0,70.0,1.52,61.5,1.07,1.68,1615.22,1588.32,0.4,0.5,0.0,1.97,1.1,FTF_COILING,CONFIRMED_BREAKOUT,1,2.51,3.64,2.81,2.36,-12.15,-14.3
HCLTECH,2026-02-02,1628.67,75.0,60.0,1.47,61.5,1.06,1.17,1664.03,1634.7,2.1,0.66,0.69,0.69,-0.4,FTF_COILING,CONFIRMED_BREAKOUT,1,1.1,-3.28,-4.46,-12.82,-18.24,-19.13
HCLTECH,2026-04-01,1315.53,25.0,10.0,0.75,42.5,1.18,1.62,1367.01,1297.85,3.8,0.11,0.76,1.56,-1.3,RESISTANCE_PROBE,CONFIRMED_BREAKOUT,3,3.53,3.61,8.16,6.49,-9.77,-15.23
HCLTECH,2026-04-07,1400.22,50.0,35.0,0.88,47.5,1.17,1.47,1367.01,1302.71,-2.4,0.92,0.99,1.2,-1.3,RESISTANCE_PROBE,CONFIRMED_BREAKOUT,1,1.35,1.62,0.67,-10.84,-15.94,-17.05
HCLTECH,2026-04-17,1400.9,75.0,35.0,0.86,52.5,0.84,0.99,1426.55,1393.91,1.8,0.44,0.84,0.84,0.5,FTF_COILING,FAILED_BREAKOUT,3,-0.97,-0.08,-14.98,-15.27,-19.97,-10.19
HCLTECH,2026-06-01,1183.02,25.0,35.0,0.75,44.7,0.73,0.71,1179.66,1165.11,-0.3,0.22,1.77,1.77,1.5,FTF_COILING,CONFIRMED_BREAKOUT,1,4.05,-1.35,-3.66,-6.34,-7.76,-11.35
HCLTECH,2026-07-06,1122.74,25.0,0.0,0.98,39.5,1.43,1.56,1147.29,1103.83,2.1,0.37,0.66,0.66,1.7,FTF_COILING,CONFIRMED_BREAKOUT,1,3.0,1.01,7.67,8.78,22.65,19.08
HCLTECH,2026-07-09,1138.77,50.0,35.0,1.03,44.7,1.28,1.51,1147.29,1103.83,0.7,0.72,0.47,0.86,1.7,FTF_COILING,CONFIRMED_BREAKOUT,1,1.19,6.15,3.22,9.3,17.23,15.85
HDFCBANK,2025-03-25,883.96,75.0,70.0,1.5,61.5,1.21,0.77,912.37,848.94,3.1,0.47,1.71,1.0,4.1,RESISTANCE_PROBE,UNRESOLVED,3,-0.82,0.21,-1.35,-3.1,5.42,5.03
HDFCBANK,2025-03-28,887.23,75.0,80.0,1.67,59.0,1.23,1.39,893.45,872.63,0.7,0.74,1.22,1.22,1.7,FTF_COILING,UNRESOLVED,3,-3.3,-1.71,-3.86,2.72,5.13,7.08
HDFCBANK,2025-04-03,871.05,50.0,50.0,1.55,59.0,1.35,1.22,893.45,872.63,2.5,0.66,0.53,1.01,-1.7,FTF_COILING,FAILED_BREAKOUT,2,1.25,-2.07,0.66,9.3,8.4,10.69
HDFCBANK,2025-04-11,876.82,50.0,80.0,1.78,59.0,1.35,1.25,893.91,843.56,1.9,0.72,1.35,1.4,-2.9,RESISTANCE_PROBE,CONFIRMED_BREAKOUT,1,3.22,3.94,8.58,5.65,5.75,2.45
HDFCBANK,2025-04-17,925.33,75.0,90.0,1.96,64.1,1.12,1.35,910.82,861.3,-1.6,0.7,1.33,0.74,1.2,RESISTANCE_PROBE,CONFIRMED_BREAKOUT,1,1.07,2.88,0.24,1.58,1.68,0.6
HDFCBANK,2025-05-12,949.84,75.0,80.0,1.84,59.0,1.03,0.85,960.37,915.67,1.1,0.94,0.71,1.0,3.7,RESISTANCE_PROBE,UNRESOLVED,3,-1.77,-2.38,-0.95,-0.87,1.11,2.33
HDFCBANK,2025-05-15,938.48,75.0,80.0,1.7,59.0,1.29,0.88,960.37,923.54,2.3,0.77,1.32,1.0,1.6,RESISTANCE_PROBE,UNRESOLVED,3,0.05,0.25,-0.72,-0.33,0.5,1.49
HDFCBANK,2025-05-20,929.31,75.0,65.0,1.58,60.0,0.8,0.82,960.37,920.62,3.2,0.09,1.06,1.0,0.9,RESISTANCE_PROBE,UNRESOLVED,3,0.62,0.26,0.6,0.51,0.77,-0.21
HDFCBANK,2025-05-23,938.39,75.0,85.0,1.61,57.5,0.76,0.74,960.37,924.6,2.3,0.85,0.49,1.0,1.5,RESISTANCE_PROBE,UNRESOLVED,3,0.34,-0.38,0.58,2.33,1.61,2.14
HDFCBANK,2025-05-28,933.48,75.0,60.0,1.56,55.0,0.78,0.71,945.37,929.99,1.3,0.35,0.91,0.91,0.4,FTF_COILING,UNRESOLVED,3,0.21,1.11,0.92,1.4,2.95,2.49
HDFCBANK,2025-06-02,937.66,75.0,80.0,1.65,55.0,0.94,0.94,941.88,925.62,0.4,0.86,0.72,1.42,2.0,FTF_COILING,UNRESOLVED,3,-0.39,0.47,2.42,0.17,4.73,3.79
HDFCBANK,2025-06-05,946.15,75.0,80.0,1.5,55.0,0.89,0.9,941.88,925.62,-0.5,0.5,1.14,0.99,0.9,FTF_COILING,CONFIRMED_BREAKOUT,1,1.49,1.5,-0.32,-0.73,3.04,1.53
HDFCBANK,2025-06-20,953.48,75.0,100.0,1.43,52.5,0.92,0.73,968.81,930.33,1.6,0.86,1.7,1.0,2.5,RESISTANCE_PROBE,UNRESOLVED,3,-0.83,-0.19,3.68,2.37,0.72,-0.06
HDFCBANK,2025-06-25,961.0,75.0,80.0,1.37,55.0,1.0,0.95,968.81,937.42,0.8,0.9,0.96,1.0,2.5,RESISTANCE_PROBE,CONFIRMED_BREAKOUT,1,2.1,2.87,1.4,2.68,3.35,1.23
HDFCBANK,2025-06-30,982.02,75.0,45.0,1.3,55.0,1.09,1.23,991.0,953.09,0.9,0.33,0.67,1.0,3.0,RESISTANCE_PROBE,UNRESOLVED,3,0.53,-0.77,-0.7,-0.92,0.6,1.33
HDFCBANK,2025-07-03,974.96,75.0,55.0,1.38,57.5,0.94,1.25,991.05,970.44,1.6,0.12,0.85,1.0,0.5,RESISTANCE_PROBE,UNRESOLVED,3,0.11,0.02,0.96,-0.01,1.82,1.09
HDFCBANK,2025-07-08,981.97,75.0,85.0,1.5,60.0,1.03,0.71,991.05,971.47,0.9,0.87,0.82,1.0,1.1,RESISTANCE_PROBE,UNRESOLVED,3,0.49,0.24,-0.29,0.28,-0.94,-0.06
HDFCBANK,2025-07-11,973.29,75.0,60.0,1.37,57.5,0.82,0.69,991.05,970.0,1.8,0.12,0.67,1.0,0.3,RESISTANCE_PROBE,UNRESOLVED,3,-0.04,0.59,-1.33,1.31,-0.25,-0.88
HDFCBANK,2025-07-16,979.47,75.0,60.0,1.56,57.5,0.95,0.75,992.43,966.86,1.3,0.12,0.98,1.0,1.3,RESISTANCE_PROBE,UNRESOLVED,3,-0.47,-1.95,1.4,1.73,-0.55,-0.76
HDFCBANK,2025-07-21,981.53,75.0,80.0,1.58,55.0,1.28,0.9,992.43,958.23,1.1,0.94,1.21,1.0,2.4,RESISTANCE_PROBE,UNRESOLVED,3,0.33,1.19,0.65,-0.18,-0.22,-0.9
HDFCBANK,2025-07-24,988.25,75.0,45.0,1.51,57.5,1.26,0.98,999.78,969.76,1.2,0.2,1.18,1.0,1.9,RESISTANCE_PROBE,UNRESOLVED,3,-0.23,-0.03,0.45,-0.69,-2.22,-2.82
HDFCBANK,2025-07-29,994.35,75.0,100.0,1.59,60.0,0.95,0.76,999.78,983.24,0.5,0.84,1.29,1.0,1.1,RESISTANCE_PROBE,UNRESOLVED,3,0.21,-0.17,-2.18,-2.56,-5.24,-4.8
HDFCBANK,2025-08-01,989.73,75.0,55.0,1.52,55.0,0.89,0.87,999.17,987.66,0.9,0.15,0.72,0.72,0.2,FTF_COILING,UNRESOLVED,3,-1.0,-1.72,-1.9,-0.43,-6.12,-4.85
HDFCBANK,2025-08-06,976.5,75.0,80.0,1.51,55.0,0.94,0.96,980.98,966.76,0.5,0.85,0.86,0.86,1.0,FTF_COILING,UNRESOLVED,3,0.51,-0.57,-0.25,0.3,-2.95,-3.45
HDFCBANK,2025-08-11,981.57,75.0,80.0,1.6,57.5,0.93,0.91,980.98,966.76,-0.1,0.92,0.57,0.85,0.4,FTF_COILING,UNRESOLVED,3,-1.29,-0.77,-0.23,-2.45,-3.2,-2.98
HDFCBANK,2025-08-14,979.35,75.0,95.0,1.44,57.5,0.99,0.74,980.98,966.76,0.2,0.8,1.14,0.8,0.2,FTF_COILING,CONFIRMED_BREAKOUT,1,0.63,0.0,-1.33,-4.52,-2.86,-3.47
HDFCBANK,2025-08-20,977.93,75.0,80.0,1.48,55.0,0.98,0.91,980.98,966.76,0.3,0.71,0.67,0.89,0.2,FTF_COILING,UNRESOLVED,3,0.15,-1.19,-3.65,-3.3,-1.73,-0.52
HDFCBANK,2025-08-25,966.07,50.0,65.0,1.43,50.0,0.88,0.88,981.76,962.63,1.6,0.35,1.15,1.15,0.4,FTF_COILING,FAILED_BREAKOUT,2,-0.88,-2.47,-3.82,-1.72,-2.53,-0.06
HDFCBANK,2025-09-05,947.73,50.0,45.0,0.92,45.0,0.97,1.01,981.76,924.71,3.5,0.7,0.75,1.14,-3.5,RESISTANCE_PROBE,UNRESOLVED,3,0.27,0.18,0.4,0.36,1.04,0.78
HDFCBANK,2025-09-10,950.18,50.0,45.0,0.89,50.0,0.95,0.91,981.76,938.53,3.2,0.34,1.14,1.05,-3.5,RESISTANCE_PROBE,UNRESOLVED,3,0.2,0.14,0.06,-1.54,1.16,1.04
HDFCBANK,2025-09-15,951.32,50.0,20.0,0.84,47.5,0.8,0.95,981.76,944.28,3.1,0.28,0.92,1.04,-3.5,RESISTANCE_PROBE,UNRESOLVED,3,-0.02,-0.06,-0.29,-1.73,1.04,0.03
HDFCBANK,2025-10-16,978.17,75.0,55.0,0.92,42.5,0.91,1.04,999.78,951.27,2.2,0.85,1.06,1.0,2.8,RESISTANCE_PROBE,UNRESOLVED,3,0.82,0.86,0.04,-0.71,0.22,-1.11
HDFCBANK,2025-10-21,991.3,75.0,35.0,1.0,47.5,1.16,1.29,1003.4,965.53,1.2,0.62,0.16,1.0,2.7,RESISTANCE_PROBE,UNRESOLVED,3,0.11,-1.29,0.01,-2.29,0.11,0.59
HDFCBANK,2025-10-27,986.63,75.0,50.0,1.07,52.5,1.07,1.19,1003.9,989.63,1.7,0.53,0.73,0.79,-1.1,FTF_COILING,UNRESOLVED,3,0.06,0.49,-1.03,-1.12,-1.31,-0.84
HDFCBANK,2025-10-30,981.91,75.0,45.0,1.08,57.5,0.99,1.33,1003.9,989.63,2.2,0.08,0.93,0.96,-1.1,FTF_COILING,FAILED_BREAKOUT,3,-1.09,-0.55,-1.59,-0.86,0.95,2.27
HDFCBANK,2025-11-04,969.22,75.0,45.0,1.06,52.5,1.01,1.13,1003.9,989.63,3.5,0.12,0.96,0.95,-1.9,FTF_COILING,FAILED_BREAKOUT,1,-0.06,-0.3,0.43,0.95,1.55,1.61
HDFCBANK,2025-11-10,968.48,75.0,45.0,1.15,50.0,0.87,0.98,1003.9,958.15,3.5,0.4,0.77,0.94,-2.4,RESISTANCE_PROBE,UNRESOLVED,3,0.73,0.51,1.22,1.49,1.89,1.67
HDFCBANK,2025-11-13,970.6,75.0,70.0,1.24,50.0,0.76,0.79,1003.9,962.09,3.3,0.54,0.71,0.87,-2.4,RESISTANCE_PROBE,UNRESOLVED,3,0.3,1.0,2.25,2.32,1.38,0.79
HDFCBANK,2025-11-18,976.3,75.0,55.0,1.17,52.5,0.81,0.79,1003.9,960.17,2.7,0.27,1.04,1.0,1.7,RESISTANCE_PROBE,UNRESOLVED,3,0.22,1.65,-0.27,-0.27,0.19,-0.38
HDFCBANK,2025-11-21,981.81,75.0,45.0,1.18,57.5,0.95,1.0,1003.9,967.99,2.2,0.13,0.94,1.0,1.4,RESISTANCE_PROBE,UNRESOLVED,3,0.11,-0.83,0.96,0.53,-1.26,-1.83
HDFCBANK,2025-11-26,987.57,75.0,70.0,1.27,62.5,1.29,1.11,994.99,977.43,0.7,0.88,1.02,1.26,-0.4,FTF_COILING,UNRESOLVED,3,0.56,0.37,-0.34,-1.4,-0.67,-0.49
HDFCBANK,2025-12-01,985.8,75.0,35.0,1.3,57.5,1.21,1.14,1000.26,984.71,1.4,0.15,0.88,0.83,0.7,FTF_COILING,UNRESOLVED,3,-1.23,-0.16,0.1,-0.6,-1.12,-0.63
HDFCBANK,2025-12-04,980.98,75.0,55.0,1.4,55.0,1.0,0.98,1000.26,984.71,1.9,0.36,0.77,0.98,-1.1,FTF_COILING,UNRESOLVED,3,0.61,0.59,0.31,-1.75,0.44,0.45
HDFCBANK,2025-12-09,980.88,75.0,55.0,1.56,55.0,0.9,0.83,1000.26,984.71,1.9,0.35,0.81,0.87,-1.1,FTF_COILING,UNRESOLVED,3,-0.73,0.32,-0.28,-0.05,-4.82,-5.24
HDFCBANK,2025-12-12,985.21,75.0,75.0,1.34,55.0,0.73,0.7,1000.26,984.71,1.5,0.51,0.65,0.83,-1.1,FTF_COILING,UNRESOLVED,3,-0.54,-0.72,-1.6,-0.98,-6.45,-4.78
HDFCBANK,2025-12-17,967.99,50.0,45.0,1.17,47.5,0.77,0.73,1000.26,984.71,3.2,0.21,1.06,0.82,-1.1,FTF_COILING,FAILED_BREAKOUT,1,-0.44,0.15,1.34,0.73,-5.95,-5.54
HDFCBANK,2025-12-23,980.38,75.0,75.0,1.38,47.5,0.91,0.99,1003.9,957.46,2.3,0.79,1.07,1.0,2.4,RESISTANCE_PROBE,UNRESOLVED,3,0.06,-0.45,-0.54,-4.77,-7.65,-7.19
HDFCBANK,2025-12-29,975.56,50.0,30.0,1.17,45.0,0.78,0.87,1003.9,971.63,2.8,0.44,0.87,1.0,0.4,RESISTANCE_PROBE,UNRESOLVED,3,-0.08,-0.05,-1.43,-5.52,-6.58,-6.53
HDFCBANK,2026-01-01,975.02,50.0,20.0,0.98,45.0,0.94,0.9,1003.9,966.22,2.9,0.2,0.47,1.0,0.9,RESISTANCE_PROBE,FAILED_BREAKOUT,3,1.05,-1.38,-4.48,-6.63,-6.25,-3.42
HDFCBANK,2026-06-30,797.95,50.0,40.0,0.76,47.4,0.83,0.9,805.9,793.3,1.0,0.39,1.35,1.35,0.6,FTF_COILING,UNRESOLVED,3,-0.23,-0.26,3.93,1.43,-7.84,-8.2
HDFCBANK,2026-07-03,801.05,50.0,20.0,0.73,47.4,0.82,0.88,806.1,792.75,0.6,0.3,0.78,0.91,0.4,FTF_COILING,CONFIRMED_BREAKOUT,1,3.6,3.53,2.98,2.32,-6.6,-9.85
HDFCBANK,2026-07-08,810.3,75.0,25.0,0.8,50.0,1.25,1.14,843.0,798.55,3.9,0.12,1.08,1.08,-1.9,RESISTANCE_PROBE,UNRESOLVED,3,0.89,1.81,0.64,-7.05,-9.29,-10.14
HDFCBANK,2026-07-13,817.95,75.0,40.0,0.85,50.0,1.15,1.22,843.0,826.1,3.0,0.63,0.63,0.95,-1.9,FTF_COILING,FAILED_BREAKOUT,1,-1.05,-0.31,-4.93,-9.58,-10.63,-9.69
HDFCBANK,2026-07-17,819.6,75.0,65.0,0.93,52.6,0.9,0.63,843.0,826.1,2.8,0.73,0.54,0.77,-2.2,FTF_COILING,FAILED_BREAKOUT,1,-5.12,-7.09,-9.37,-8.72,-11.3,-6.51
HEROMOTOCO,2025-04-23,3752.39,50.0,80.0,1.12,53.8,1.02,1.25,3716.59,3638.79,-1.0,0.9,1.18,1.18,3.1,FTF_COILING,CONFIRMED_BREAKOUT,1,0.36,-1.14,-2.87,-3.55,8.52,8.14
HEROMOTOCO,2025-04-28,3724.97,50.0,80.0,1.2,53.8,0.88,1.44,3797.63,3737.54,1.9,0.74,0.77,0.96,-0.7,FTF_COILING,FAILED_BREAKOUT,2,-1.51,-2.16,-1.0,3.88,10.9,13.35
HEROMOTOCO,2025-05-06,3687.73,50.0,90.0,1.18,56.4,0.9,1.01,3797.63,3547.18,2.9,0.72,1.73,1.02,-4.8,RESISTANCE_PROBE,UNRESOLVED,3,-0.12,-1.86,4.93,9.53,8.68,9.2
HEROMOTOCO,2025-05-09,3669.93,50.0,80.0,1.12,53.8,0.93,1.17,3797.63,3595.46,3.4,0.74,1.16,1.05,-4.8,RESISTANCE_PROBE,CONFIRMED_BREAKOUT,2,3.4,5.44,12.75,11.8,10.74,5.03
HEROMOTOCO,2025-06-12,4154.53,25.0,65.0,1.65,55.0,1.09,0.9,4272.52,4157.49,2.8,0.27,1.36,1.36,-0.1,FTF_COILING,UNRESOLVED,3,-0.66,0.04,0.49,-1.94,-0.95,-1.14
HEROMOTOCO,2025-06-17,4162.34,25.0,60.0,1.62,57.5,1.12,0.98,4213.76,4132.82,1.2,0.66,0.61,0.76,-0.1,FTF_COILING,UNRESOLVED,3,-0.3,0.3,-1.8,-3.32,1.9,2.66
HEROMOTOCO,2025-06-20,4131.39,25.0,100.0,1.55,55.0,1.05,0.57,4213.76,4132.82,2.0,0.75,2.01,0.72,-0.1,FTF_COILING,FAILED_BREAKOUT,1,-1.97,-1.06,-0.42,0.15,1.34,3.38
HEROMOTOCO,2025-06-25,4095.49,25.0,45.0,1.43,57.5,1.06,0.85,4213.76,4004.17,2.8,0.16,0.72,0.93,-2.0,RESISTANCE_PROBE,UNRESOLVED,3,-0.53,0.45,-1.33,0.75,1.46,2.99
HEROMOTOCO,2025-06-30,4034.83,25.0,35.0,1.38,57.5,0.95,0.79,4213.76,4045.31,4.2,0.2,1.5,0.95,-2.0,RESISTANCE_PROBE,UNRESOLVED,3,-0.26,0.16,1.65,0.34,2.81,1.05
HEROMOTOCO,2025-07-03,4104.83,25.0,80.0,1.38,60.0,1.04,1.0,4213.76,3990.08,2.6,0.65,1.05,1.01,-2.6,RESISTANCE_PROBE,UNRESOLVED,3,0.8,-0.08,0.25,3.09,0.34,0.57
HEROMOTOCO,2025-08-06,4325.72,75.0,35.0,1.12,55.0,1.18,1.28,4428.76,4365.35,2.3,0.15,0.95,0.95,-0.9,FTF_COILING,CONFIRMED_BREAKOUT,1,4.15,2.79,6.57,13.9,19.85,15.07
HEROMOTOCO,2025-08-11,4410.11,75.0,45.0,1.35,55.0,1.13,1.93,4554.91,4435.14,3.2,0.27,0.63,0.63,-0.6,FTF_COILING,CONFIRMED_BREAKOUT,2,1.82,4.53,12.19,11.21,17.28,12.2
HEROMOTOCO,2025-08-14,4551.14,75.0,55.0,1.51,55.0,1.02,1.76,4554.91,4435.14,0.1,0.21,0.54,1.22,-0.6,FTF_COILING,CONFIRMED_BREAKOUT,1,5.86,8.71,6.16,11.38,12.33,6.11
HEROMOTOCO,2025-08-20,4964.78,75.0,50.0,1.82,60.0,1.37,2.09,4948.34,4736.65,-0.3,0.46,0.97,1.64,4.5,FTF_COILING,UNRESOLVED,3,-0.76,-2.69,-0.86,4.19,4.56,6.05
HEROMOTOCO,2025-08-25,4894.98,75.0,80.0,1.73,57.5,0.87,2.25,4952.5,4815.91,1.2,0.85,0.69,0.69,1.6,FTF_COILING,CONFIRMED_BREAKOUT,2,0.19,0.55,4.9,7.1,6.06,5.48
HEROMOTOCO,2025-08-29,4918.09,75.0,55.0,1.86,60.0,0.89,1.54,5071.11,4909.1,3.0,0.3,0.69,0.69,0.2,FTF_COILING,CONFIRMED_BREAKOUT,2,3.07,4.41,5.41,4.2,4.72,0.3
HEROMOTOCO,2025-09-03,5170.68,75.0,80.0,2.28,62.5,1.0,1.42,5071.11,4892.66,-2.0,0.86,0.58,0.69,0.2,RESISTANCE_PROBE,CONFIRMED_BREAKOUT,1,0.04,0.26,0.03,0.02,1.56,1.52
HEROMOTOCO,2025-09-19,5227.71,75.0,75.0,2.49,65.0,0.62,0.75,5382.37,5107.84,2.9,0.57,0.71,1.0,2.3,RESISTANCE_PROBE,UNRESOLVED,3,0.4,-0.69,-1.48,3.21,4.31,6.9
HEROMOTOCO,2025-09-26,5150.38,75.0,60.0,2.34,62.5,1.16,0.69,5382.37,5056.61,4.3,0.13,1.04,1.0,1.9,RESISTANCE_PROBE,UNRESOLVED,3,-0.52,2.71,4.76,4.34,5.28,3.26
HEROMOTOCO,2025-10-01,5251.39,75.0,35.0,1.44,57.5,1.28,2.26,5248.01,5093.34,-0.1,0.21,0.66,1.08,3.9,FTF_COILING,CONFIRMED_BREAKOUT,1,2.17,2.74,1.46,2.71,2.05,-0.12
HEROMOTOCO,2025-10-23,5402.19,75.0,60.0,1.32,60.0,0.77,0.34,5526.41,5365.46,2.2,0.17,0.47,1.0,0.7,RESISTANCE_PROBE,UNRESOLVED,3,-0.86,1.04,-1.32,-5.23,7.41,7.01
HEROMOTOCO,2025-10-28,5422.49,75.0,60.0,1.2,57.5,0.97,0.4,5526.41,5301.66,1.9,0.38,0.53,1.0,2.3,RESISTANCE_PROBE,UNRESOLVED,3,-1.03,-1.68,-5.36,-1.35,9.39,10.69
HEROMOTOCO,2025-10-31,5359.18,75.0,40.0,0.9,52.5,1.02,0.55,5526.41,5309.88,3.0,0.35,0.74,1.0,0.9,RESISTANCE_PROBE,FAILED_BREAKOUT,2,-0.09,-4.24,-3.33,4.59,13.56,18.58
HEROMOTOCO,2025-11-13,5324.86,75.0,50.0,0.73,55.0,0.92,0.63,5526.41,5123.79,3.6,0.21,1.15,1.0,3.9,RESISTANCE_PROBE,CONFIRMED_BREAKOUT,2,0.54,5.26,8.91,11.66,8.55,3.12
HEROMOTOCO,2025-11-19,5680.59,75.0,60.0,0.81,55.0,1.19,1.22,5685.91,5596.49,0.1,0.51,1.39,1.39,1.5,FTF_COILING,CONFIRMED_BREAKOUT,1,2.09,2.14,4.42,5.7,-1.01,-3.04
HEROMOTOCO,2025-11-24,5782.57,75.0,35.0,0.92,57.5,0.84,1.38,5840.57,5724.09,1.0,0.13,1.72,0.95,1.4,FTF_COILING,CONFIRMED_BREAKOUT,2,1.66,2.58,5.24,3.09,-4.72,-7.12
HEROMOTOCO,2025-11-27,5945.94,75.0,60.0,1.0,62.5,0.75,1.07,5847.34,5770.49,-1.7,0.52,0.45,0.73,1.8,RESISTANCE_PROBE,CONFIRMED_BREAKOUT,1,0.38,2.35,3.07,-2.79,-8.36,-8.71
HEROMOTOCO,2026-02-09,5564.59,50.0,55.0,0.87,41.0,0.99,0.85,5646.27,5524.96,1.4,0.6,1.24,1.24,0.7,FTF_COILING,UNRESOLVED,3,-0.05,0.64,-2.74,-2.8,1.15,-0.38
HEROMOTOCO,2026-02-12,5649.89,75.0,30.0,0.92,46.2,0.94,1.02,5650.14,5527.37,0.0,0.41,1.14,1.42,1.3,FTF_COILING,FAILED_BREAKOUT,2,-2.6,-4.2,-5.56,0.94,-9.19,-5.21
HEROMOTOCO,2026-02-17,5496.16,50.0,35.0,0.84,46.2,1.0,0.92,5650.14,5527.37,2.7,0.92,0.6,0.98,-2.1,FTF_COILING,FAILED_BREAKOUT,2,0.27,-2.91,-1.18,-1.38,-2.71,0.21
HEROMOTOCO,2026-02-26,5703.11,75.0,80.0,1.31,53.8,0.96,0.89,5650.14,5357.69,-0.9,0.62,1.0,0.92,-3.5,RESISTANCE_PROBE,UNRESOLVED,3,-1.33,-3.38,-4.74,-10.04,-12.51,-7.95
HEROMOTOCO,2026-05-08,5244.85,75.0,35.0,1.35,51.3,1.43,1.89,5379.37,5114.27,2.5,0.43,0.77,0.77,2.6,FTF_COILING,FAILED_BREAKOUT,2,-1.76,-4.5,-4.84,-6.69,-9.15,-4.87
HEROMOTOCO,2026-06-26,4825.13,25.0,55.0,1.06,47.4,0.82,1.11,4970.88,4806.5,2.9,0.5,0.0,0.0,0.4,FTF_COILING,UNRESOLVED,3,-1.69,-2.08,-0.89,1.08,3.85,5.17
HEROMOTOCO,2026-07-02,4796.55,25.0,45.0,0.98,44.7,1.07,1.99,4970.88,4603.78,3.5,0.74,1.12,1.97,-1.7,RESISTANCE_PROBE,UNRESOLVED,3,-0.3,1.59,0.65,0.63,11.02,8.17
HEROMOTOCO,2026-07-07,4922.99,50.0,50.0,0.93,50.0,1.04,1.16,4970.88,4722.53,1.0,0.64,0.95,1.52,-1.7,RESISTANCE_PROBE,UNRESOLVED,3,-2.05,-1.94,-2.34,0.77,12.7,13.75
HEROMOTOCO,2026-07-10,4877.36,25.0,70.0,1.02,52.6,1.02,0.94,4970.88,4758.01,1.9,0.76,0.92,1.36,-1.7,RESISTANCE_PROBE,UNRESOLVED,3,0.06,-1.43,-0.79,2.74,17.38,19.13
HEROMOTOCO,2026-07-15,4805.51,25.0,35.0,0.69,52.6,0.91,1.02,4970.88,4794.67,3.3,0.09,0.78,1.24,-1.7,RESISTANCE_PROBE,UNRESOLVED,3,0.45,0.69,2.27,7.15,22.67,20.17
HINDALCO,2025-03-11,686.85,75.0,70.0,1.67,65.0,1.16,1.35,700.48,677.97,1.9,0.84,0.74,0.74,1.3,FTF_COILING,UNRESOLVED,3,-0.81,-2.61,0.44,-0.6,-13.69,-11.82
HINDALCO,2025-03-19,689.87,50.0,75.0,1.71,61.5,0.75,0.67,700.48,677.97,1.5,0.64,0.83,0.54,-1.3,FTF_COILING,UNRESOLVED,3,1.06,-0.46,-1.04,-6.57,-11.23,-11.6
HINDALCO,2025-03-24,692.78,50.0,70.0,1.92,66.7,0.72,0.76,700.48,677.97,1.1,0.6,0.65,0.67,-1.3,FTF_COILING,UNRESOLVED,3,-1.15,-1.45,-5.38,-18.98,-11.32,-10.28
HINDALCO,2025-03-27,684.73,50.0,70.0,1.64,66.7,0.85,0.89,700.48,677.97,2.2,0.48,0.82,0.66,-1.3,FTF_COILING,FAILED_BREAKOUT,2,-1.57,-4.27,-13.47,-10.93,-9.91,-5.89
HINDALCO,2025-05-23,642.02,100.0,50.0,0.92,50.0,0.89,1.06,655.45,634.51,2.0,0.58,0.7,0.7,1.2,FTF_COILING,UNRESOLVED,3,1.75,1.44,-2.55,0.01,-0.15,-0.12
HINDALCO,2025-05-28,641.87,75.0,35.0,0.99,50.0,0.9,1.12,661.37,645.18,2.9,0.15,0.7,0.83,0.9,FTF_COILING,FAILED_BREAKOUT,2,0.01,-2.53,-2.17,0.81,3.49,6.18
HINDALCO,2025-06-06,642.07,50.0,70.0,0.97,60.0,0.84,1.02,661.37,621.77,2.9,0.93,1.01,0.96,-3.4,RESISTANCE_PROBE,UNRESOLVED,3,0.1,1.26,-1.28,-0.15,7.58,6.75
HINDALCO,2025-06-11,647.05,50.0,45.0,1.03,60.0,0.78,0.76,661.37,627.2,2.2,0.13,0.75,0.93,-3.4,RESISTANCE_PROBE,UNRESOLVED,3,-0.63,-2.05,-1.5,2.66,2.86,3.75
HINDALCO,2025-06-16,641.52,50.0,70.0,1.11,60.0,0.98,0.86,661.37,627.11,3.0,0.9,0.64,0.94,-3.4,RESISTANCE_PROBE,UNRESOLVED,3,-1.22,-0.65,1.82,6.66,2.6,3.92
HINDALCO,2025-08-01,664.09,75.0,45.0,1.14,55.0,1.05,0.94,683.69,666.56,2.9,0.13,0.82,0.82,-0.4,FTF_COILING,UNRESOLVED,3,2.27,2.18,0.78,6.98,8.0,6.04
HINDALCO,2025-08-06,676.34,75.0,35.0,1.14,52.5,1.16,0.78,683.69,666.56,1.1,0.17,0.63,0.71,-0.4,FTF_COILING,UNRESOLVED,3,0.28,-1.05,3.04,4.04,9.4,10.54
HINDALCO,2025-08-11,669.36,75.0,50.0,1.35,55.0,1.14,0.69,683.69,666.56,2.1,0.35,0.83,0.75,-0.4,FTF_COILING,CONFIRMED_BREAKOUT,2,-0.86,4.11,5.03,4.88,10.45,6.09
HINDALCO,2025-09-08,734.92,75.0,35.0,0.94,50.0,0.85,1.02,763.04,719.35,3.7,0.11,0.49,1.0,2.2,RESISTANCE_PROBE,UNRESOLVED,3,0.56,0.6,2.02,0.94,3.93,3.39
HINDALCO,2025-09-11,738.8,75.0,55.0,0.92,52.5,0.75,0.7,763.04,733.57,3.2,0.47,0.73,1.0,0.7,RESISTANCE_PROBE,UNRESOLVED,3,2.07,1.48,1.01,0.4,4.21,2.38
HINDALCO,2025-09-16,752.03,75.0,70.0,1.01,52.5,0.93,0.82,763.04,734.17,1.4,0.83,0.6,1.0,2.4,RESISTANCE_PROBE,UNRESOLVED,3,-0.77,-0.77,-1.33,0.79,1.1,2.82
HINDALCO,2025-09-19,739.44,75.0,40.0,1.03,47.5,1.05,0.87,763.04,732.43,3.1,0.24,1.16,1.0,1.0,RESISTANCE_PROBE,UNRESOLVED,3,0.32,0.35,0.07,4.49,5.79,6.11
HINDALCO,2025-09-24,737.2,75.0,35.0,1.11,50.0,1.07,0.9,763.04,735.16,3.4,0.3,0.59,1.0,0.3,RESISTANCE_PROBE,UNRESOLVED,3,0.62,0.38,3.36,4.46,11.25,9.37
HINDALCO,2025-09-29,749.89,75.0,55.0,1.13,52.5,1.24,0.75,765.11,728.15,2.0,0.64,1.09,1.0,3.0,RESISTANCE_PROBE,CONFIRMED_BREAKOUT,3,1.08,1.61,1.86,0.84,13.59,9.73
HINDALCO,2025-10-03,776.3,75.0,60.0,1.16,57.5,1.23,0.92,786.5,740.98,1.3,0.61,1.69,1.0,4.8,RESISTANCE_PROBE,UNRESOLVED,3,-0.47,-1.61,-0.82,-0.97,8.57,10.28
HINDALCO,2025-10-08,764.21,75.0,35.0,1.19,57.5,1.1,1.02,786.5,760.13,2.8,0.13,1.54,1.07,0.5,FTF_COILING,UNRESOLVED,3,0.77,0.75,-0.51,3.15,2.89,2.62
HINDALCO,2025-10-13,766.2,75.0,55.0,1.25,55.0,0.83,1.12,775.95,765.26,1.3,0.41,0.73,1.0,0.6,FTF_COILING,UNRESOLVED,3,-1.31,-0.77,2.1,10.22,3.14,1.83
HINDALCO,2025-10-16,776.05,75.0,80.0,1.37,57.5,0.93,1.0,775.95,765.26,-0.0,0.96,0.94,0.96,-1.2,FTF_COILING,CONFIRMED_BREAKOUT,3,-0.94,0.8,5.69,8.68,3.47,2.83
HINDALCO,2025-10-21,780.88,75.0,55.0,1.42,57.5,0.9,0.92,775.95,765.26,-0.6,0.26,0.11,0.95,-1.2,FTF_COILING,CONFIRMED_BREAKOUT,1,0.95,5.03,9.08,0.44,1.89,0.93
HINDALCO,2025-10-29,851.81,75.0,70.0,1.97,62.5,1.26,1.6,855.44,832.66,0.4,0.72,1.03,1.03,2.3,FTF_COILING,UNRESOLVED,3,0.6,-0.98,-7.92,-5.17,-5.69,-4.68
HINDALCO,2025-11-03,842.8,75.0,55.0,2.04,60.0,0.98,1.26,855.44,832.66,1.5,0.34,0.9,0.88,1.3,FTF_COILING,FAILED_BREAKOUT,2,-1.86,-6.94,-6.31,-5.91,-4.76,2.34
HINDALCO,2025-12-12,847.68,75.0,95.0,1.43,60.0,1.15,0.7,859.52,798.93,1.4,0.88,1.8,1.0,6.1,RESISTANCE_PROBE,UNRESOLVED,3,-0.5,-1.75,-0.01,1.51,7.99,8.41
HINDALCO,2025-12-17,844.4,75.0,80.0,1.45,57.5,1.02,0.76,859.52,826.29,1.8,0.74,0.76,1.0,2.2,RESISTANCE_PROBE,UNRESOLVED,3,0.93,0.38,1.84,5.44,12.55,10.5
HINDALCO,2025-12-22,860.06,75.0,85.0,1.4,57.5,1.03,0.63,867.82,835.74,0.9,0.48,1.17,1.0,2.9,RESISTANCE_PROBE,UNRESOLVED,3,-0.08,-0.01,2.27,8.99,7.35,6.32
HINDALCO,2025-12-26,868.37,75.0,80.0,1.42,55.0,1.03,0.82,867.28,856.38,-0.1,0.87,0.58,0.89,0.4,FTF_COILING,CONFIRMED_BREAKOUT,1,-0.91,1.29,6.05,3.21,8.87,9.86
HINDALCO,2025-12-31,882.1,75.0,60.0,1.42,57.5,1.08,1.23,882.84,856.43,0.1,0.69,0.71,3.05,2.7,FTF_COILING,CONFIRMED_BREAKOUT,2,0.93,4.4,5.84,7.74,15.49,10.62
HINDALCO,2026-01-07,933.58,75.0,55.0,1.24,62.5,1.24,0.93,965.76,931.14,3.3,0.17,1.2,1.2,0.3,FTF_COILING,FAILED_BREAKOUT,1,-3.68,-4.0,1.8,0.08,-0.32,3.48
HINDALCO,2026-01-14,950.39,75.0,80.0,1.35,62.5,1.17,1.04,965.76,889.36,1.6,0.84,1.19,1.11,-3.7,RESISTANCE_PROBE,UNRESOLVED,3,0.0,-2.17,-1.69,7.19,0.95,2.6
HINDALCO,2026-01-19,935.07,75.0,70.0,1.82,64.1,0.91,0.99,965.76,925.17,3.2,0.63,0.7,0.93,-3.7,RESISTANCE_PROBE,UNRESOLVED,3,-1.26,-0.08,2.33,1.63,-5.3,-5.75
HINDALCO,2026-01-22,939.55,75.0,70.0,1.63,64.1,1.07,0.77,965.76,920.9,2.7,0.6,1.04,0.92,-3.7,RESISTANCE_PROBE,CONFIRMED_BREAKOUT,3,0.62,1.84,1.92,-0.2,-0.93,-6.26
HINDALCO,2026-03-06,953.92,75.0,70.0,1.81,61.5,1.32,1.16,978.4,921.59,2.5,0.55,1.34,1.34,3.5,FTF_COILING,UNRESOLVED,3,-1.41,-0.24,-5.09,-8.83,-0.74,-0.76
HINDALCO,2026-03-11,954.12,75.0,45.0,1.78,64.1,1.17,1.34,966.61,938.26,1.3,0.25,0.7,0.94,0.2,FTF_COILING,FAILED_BREAKOUT,2,1.11,-5.11,-2.72,-9.43,2.0,7.49
HINDALCO,2026-03-17,931.79,50.0,60.0,1.66,65.0,1.22,1.05,963.13,899.61,3.3,0.79,0.75,1.64,1.9,FTF_COILING,FAILED_BREAKOUT,3,-0.38,-4.23,-8.75,-2.18,8.39,16.13
HINDALCO,2026-04-07,949.55,75.0,80.0,1.66,60.0,1.08,1.07,963.13,880.21,1.4,0.67,1.66,1.02,-7.1,RESISTANCE_PROBE,CONFIRMED_BREAKOUT,2,-0.28,3.26,5.97,8.95,9.57,6.1
HINDALCO,2026-04-15,1006.2,75.0,75.0,1.35,60.0,1.01,1.14,1032.61,947.31,2.6,0.26,1.45,1.0,6.2,RESISTANCE_PROBE,CONFIRMED_BREAKOUT,1,2.81,2.72,2.81,5.51,6.1,3.19
HINDALCO,2026-04-20,1009.98,75.0,45.0,1.5,62.5,1.07,1.1,1032.61,996.9,2.2,0.17,0.58,1.0,3.7,FTF_COILING,UNRESOLVED,3,0.63,2.43,4.59,2.7,3.73,1.13
HINDALCO,2026-04-23,1035.95,75.0,70.0,1.58,65.0,0.68,0.82,1032.61,996.9,-0.3,0.57,0.62,0.72,1.3,FTF_COILING,CONFIRMED_BREAKOUT,1,0.67,1.96,-0.32,1.38,5.56,4.86
HINDALCO,2026-05-07,1050.22,75.0,85.0,1.97,64.1,0.77,0.56,1074.4,1025.75,2.3,0.79,0.82,1.0,2.4,RESISTANCE_PROBE,UNRESOLVED,3,-1.07,-3.05,4.51,4.13,6.62,8.09
HINDALCO,2026-05-12,1036.0,75.0,75.0,1.87,61.5,1.05,0.68,1074.4,1016.8,3.6,0.55,0.9,1.0,1.9,RESISTANCE_PROBE,CONFIRMED_BREAKOUT,2,3.04,5.94,0.66,5.99,3.39,-2.41
HINDALCO,2026-05-15,1061.96,75.0,35.0,1.86,61.5,1.35,0.68,1099.27,1019.68,3.4,0.23,1.57,1.0,4.1,RESISTANCE_PROBE,UNRESOLVED,3,-1.35,-1.8,3.91,5.55,-4.3,-5.89
HINDALCO,2026-05-20,1079.87,75.0,80.0,1.74,61.5,1.26,0.81,1095.49,1052.11,1.4,0.91,2.53,0.89,-0.9,FTF_COILING,CONFIRMED_BREAKOUT,3,1.27,2.18,5.91,4.92,-7.15,-8.34
HINDALCO,2026-05-25,1093.89,75.0,80.0,1.73,64.1,1.1,0.94,1095.49,1052.11,0.1,0.48,1.57,1.23,-0.9,FTF_COILING,CONFIRMED_BREAKOUT,1,0.38,4.56,3.79,-3.38,-7.77,-8.12
HINDALCO,2026-06-01,1135.38,75.0,90.0,1.76,63.2,0.99,1.11,1169.9,1116.18,3.0,0.62,1.25,1.25,1.7,FTF_COILING,UNRESOLVED,3,0.44,-0.21,-6.91,-11.16,-15.55,-14.37
HINDALCO,2026-07-30,970.4,50.0,50.0,0.81,48.7,0.8,0.63,998.0,964.0,2.8,0.79,0.93,0.76,-2.9,FTF_COILING,CONFIRMED_BREAKOUT,3,0.42,2.52,5.83,7.82,5.52,0.39
HINDALCO,2026-08-10,1054.05,75.0,50.0,0.89,59.0,1.45,1.17,1044.0,1016.0,-1.0,0.49,1.37,1.86,4.3,FTF_COILING,CONFIRMED_BREAKOUT,1,-0.47,2.32,-0.39,0.42,-4.56,-4.11
HUDCO,2025-04-01,197.97,50.0,55.0,0.63,46.2,1.14,0.99,202.46,193.04,2.2,0.89,1.47,1.27,-2.3,FTF_COILING,UNRESOLVED,3,-0.28,1.71,0.29,10.87,10.84,12.44
HUDCO,2025-04-04,195.15,50.0,10.0,0.76,46.2,1.08,0.96,202.46,187.45,3.6,0.31,0.75,1.14,-2.3,RESISTANCE_PROBE,CONFIRMED_BREAKOUT,3,-4.22,1.74,7.7,13.75,3.91,-0.67
HUDCO,2025-04-11,206.98,75.0,25.0,0.98,48.7,1.32,0.99,202.46,176.47,-2.2,0.57,1.03,1.16,-3.2,RESISTANCE_PROBE,CONFIRMED_BREAKOUT,1,1.54,3.87,8.02,5.29,0.79,-0.74
HUDCO,2025-05-20,216.79,50.0,55.0,1.3,50.0,0.91,1.25,229.94,209.08,5.7,0.06,0.98,0.98,-2.6,RESISTANCE_PROBE,UNRESOLVED,3,1.46,0.67,6.24,9.3,-0.59,-1.35
HUDCO,2025-05-26,228.51,50.0,100.0,1.44,50.0,0.93,0.83,229.94,215.0,0.6,0.8,2.98,0.67,-2.6,RESISTANCE_PROBE,CONFIRMED_BREAKOUT,1,0.79,-0.43,3.95,3.81,-2.61,-3.38
HUDCO,2025-05-29,229.9,75.0,80.0,1.48,52.5,0.78,1.26,229.94,218.67,0.0,0.75,0.69,1.18,-2.6,RESISTANCE_PROBE,CONFIRMED_BREAKOUT,1,0.64,3.32,0.93,-3.9,0.3,-0.34
HUDCO,2025-06-03,236.96,75.0,75.0,1.38,55.0,0.87,1.29,236.13,225.85,-0.4,0.13,1.43,1.47,5.2,FTF_COILING,CONFIRMED_BREAKOUT,3,0.19,-2.08,-1.4,-9.05,-2.7,-2.41
HUDCO,2025-06-06,236.25,75.0,100.0,1.38,57.5,0.97,1.36,243.35,236.03,2.9,0.8,1.43,0.89,-1.7,FTF_COILING,FAILED_BREAKOUT,3,0.41,-1.11,-7.34,-7.79,-6.05,-3.16
HUDCO,2025-09-10,209.69,75.0,25.0,0.72,42.5,0.97,0.75,214.01,208.35,2.0,0.23,0.95,0.95,0.6,FTF_COILING,CONFIRMED_BREAKOUT,3,0.04,0.05,3.87,7.47,6.05,2.87
HUDCO,2025-09-16,217.24,100.0,60.0,0.98,50.0,0.89,1.25,214.01,208.65,-1.5,0.74,0.94,1.36,0.6,RESISTANCE_PROBE,CONFIRMED_BREAKOUT,1,0.26,-0.51,4.93,-0.24,2.05,1.78
HUDCO,2025-11-03,229.99,75.0,45.0,2.37,60.0,1.26,1.49,234.47,228.8,1.9,0.38,1.0,1.0,0.5,FTF_COILING,FAILED_BREAKOUT,2,-1.81,-4.13,-2.79,2.78,-0.11,4.2
HUDCO,2025-11-10,226.56,75.0,80.0,2.59,57.5,1.17,0.93,234.47,215.8,3.4,0.57,1.24,0.9,-3.6,RESISTANCE_PROBE,UNRESOLVED,3,-1.32,-2.83,2.29,-1.99,-8.61,-5.2
HUDCO,2025-11-17,231.75,75.0,80.0,2.18,50.0,1.35,1.12,234.47,217.32,1.2,0.84,2.38,1.09,-4.5,RESISTANCE_PROBE,CONFIRMED_BREAKOUT,1,2.0,-0.37,-4.19,0.15,-9.79,-11.56
HUDCO,2025-11-20,230.72,75.0,30.0,2.3,47.5,1.14,1.75,234.47,220.95,1.6,0.35,0.68,1.43,-4.5,RESISTANCE_PROBE,UNRESOLVED,3,-2.99,-3.76,1.04,-6.23,-12.74,-10.34
HUDCO,2026-04-29,213.63,75.0,70.0,1.57,57.5,1.01,2.14,215.35,209.78,0.8,0.52,0.71,0.71,1.8,FTF_COILING,CONFIRMED_BREAKOUT,1,1.92,1.92,2.63,1.29,-4.83,-6.62
HUDCO,2026-06-15,206.57,75.0,60.0,3.24,59.5,1.24,0.51,205.09,199.49,-0.7,0.33,1.71,1.71,3.5,FTF_COILING,CONFIRMED_BREAKOUT,1,1.57,1.96,0.89,-0.75,0.33,-1.22
HUDCO,2026-06-18,208.55,75.0,35.0,3.15,59.5,1.23,0.7,213.8,209.98,2.5,0.1,1.89,1.89,-0.7,FTF_COILING,FAILED_BREAKOUT,1,-1.37,-0.07,-1.55,-2.23,-4.2,-2.87
HUDCO,2026-06-23,205.85,75.0,50.0,2.75,54.1,1.07,0.75,212.1,207.08,2.9,0.12,0.7,0.7,-0.6,FTF_COILING,UNRESOLVED,3,-0.4,-0.26,-1.82,0.9,-4.08,-3.83
HUDCO,2026-06-26,205.32,75.0,85.0,2.4,51.4,0.86,0.54,212.1,207.08,3.2,0.5,0.0,0.79,-1.0,FTF_COILING,FAILED_BREAKOUT,2,-0.15,-1.56,3.5,-0.63,-6.11,-4.62
HUDCO,2026-07-01,205.81,75.0,65.0,2.31,48.6,0.84,0.33,212.1,207.08,3.0,0.36,1.74,0.61,-2.4,FTF_COILING,CONFIRMED_BREAKOUT,2,-0.93,3.25,-2.36,-1.84,-6.5,-9.44
HUDCO,2026-07-06,211.55,100.0,65.0,1.41,45.9,1.19,1.04,212.1,207.08,0.3,0.48,1.71,1.05,-2.4,FTF_COILING,FAILED_BREAKOUT,2,-1.82,-5.01,-2.03,-5.9,-6.49,-1.56
HUDCO,2026-07-13,207.26,75.0,75.0,1.28,48.6,1.04,1.03,212.1,198.74,2.3,0.59,1.6,1.08,-3.0,RESISTANCE_PROBE,UNRESOLVED,3,-1.14,-2.53,-3.96,-3.84,-4.45,-0.88
ICICIBANK,2024-12-30,1274.0,75.0,65.0,1.67,57.5,1.05,1.3,1328.91,1268.63,4.1,0.14,1.16,1.0,0.4,RESISTANCE_PROBE,UNRESOLVED,3,-1.0,-0.85,-2.36,-5.01,-5.15,-4.85
ICICIBANK,2025-02-05,1247.48,75.0,55.0,1.79,57.5,0.91,0.84,1260.07,1239.9,1.0,0.2,0.66,0.66,0.6,FTF_COILING,UNRESOLVED,3,0.37,-0.85,-1.25,-0.48,-3.92,-3.53
ICICIBANK,2025-02-10,1242.46,75.0,80.0,1.62,55.0,0.84,0.83,1260.07,1239.9,1.4,0.85,0.57,0.73,-0.2,FTF_COILING,UNRESOLVED,3,-0.78,-0.86,-0.91,-3.5,-1.36,-0.28
ICICIBANK,2025-02-13,1228.98,50.0,60.0,1.37,55.0,0.87,0.73,1260.07,1239.9,2.5,0.15,0.74,0.72,-0.7,FTF_COILING,UNRESOLVED,3,0.9,0.18,0.08,-3.59,1.61,2.09
ICICIBANK,2025-02-18,1223.22,50.0,55.0,1.38,50.0,1.02,0.81,1260.07,1239.9,2.9,0.29,0.88,0.78,-0.9,FTF_COILING,FAILED_BREAKOUT,3,1.5,0.56,-1.52,-2.2,6.33,7.2
ICICIBANK,2025-03-19,1292.15,75.0,80.0,1.26,59.0,1.02,0.87,1328.91,1225.43,2.8,0.68,1.15,1.0,5.4,RESISTANCE_PROBE,CONFIRMED_BREAKOUT,3,0.65,2.28,1.74,1.25,7.87,4.3
ICICIBANK,2025-03-24,1336.48,75.0,50.0,1.88,59.0,1.28,1.74,1351.1,1281.38,1.1,0.47,0.75,1.0,4.3,RESISTANCE_PROBE,UNRESOLVED,3,-1.06,-1.64,-2.92,-4.29,3.43,5.1
ICICIBANK,2025-03-27,1315.33,75.0,45.0,1.64,53.8,1.38,1.95,1351.1,1308.83,2.6,0.19,1.16,1.0,0.5,RESISTANCE_PROBE,UNRESOLVED,3,0.88,-1.36,-0.1,1.01,6.76,7.19
ICICIBANK,2025-04-15,1328.66,50.0,70.0,1.53,59.0,1.34,1.21,1351.1,1264.01,1.7,0.77,1.12,1.0,5.1,RESISTANCE_PROBE,CONFIRMED_BREAKOUT,2,0.46,4.18,5.5,5.69,7.45,3.14
ICICIBANK,2025-04-21,1387.31,75.0,55.0,1.89,64.1,1.11,1.27,1413.09,1314.88,1.8,0.16,1.12,1.0,5.5,RESISTANCE_PROBE,UNRESOLVED,3,0.48,1.04,1.35,1.55,2.01,2.53
ICICIBANK,2025-04-24,1380.32,75.0,65.0,1.84,66.7,1.04,1.32,1413.09,1376.58,2.3,0.17,1.19,1.0,0.3,RESISTANCE_PROBE,UNRESOLVED,3,0.15,1.86,1.95,-0.98,3.36,1.4
ICICIBANK,2025-04-29,1406.99,75.0,70.0,2.12,74.4,0.85,1.13,1415.35,1366.25,0.6,0.46,0.83,1.0,3.0,RESISTANCE_PROBE,UNRESOLVED,3,-0.2,0.02,0.39,-0.25,1.68,1.71
ICICIBANK,2025-05-05,1406.6,75.0,55.0,2.09,74.4,0.91,0.93,1423.72,1377.67,1.2,0.16,0.37,1.0,2.1,RESISTANCE_PROBE,UNRESOLVED,3,0.15,0.42,1.34,1.37,1.48,1.04
ICICIBANK,2025-05-08,1412.6,75.0,70.0,2.4,74.4,0.72,0.72,1425.79,1397.74,0.9,0.41,1.17,1.0,1.1,RESISTANCE_PROBE,FAILED_BREAKOUT,1,-3.25,0.91,1.07,0.46,1.34,4.74
ICICIBANK,2025-05-13,1407.78,75.0,35.0,2.48,71.8,1.24,0.89,1429.82,1364.87,1.5,0.16,0.99,1.0,3.1,RESISTANCE_PROBE,UNRESOLVED,3,-0.31,1.41,0.53,1.1,-0.54,-2.14
ICICIBANK,2025-05-16,1430.8,75.0,60.0,2.96,71.8,1.14,1.0,1435.43,1392.92,0.3,0.6,0.53,1.0,2.7,RESISTANCE_PROBE,UNRESOLVED,3,-0.34,-1.09,-0.29,-0.56,-2.61,-1.98
ICICIBANK,2025-05-21,1421.65,75.0,70.0,2.53,67.5,0.82,0.82,1436.41,1412.6,1.0,0.48,0.51,1.0,0.6,RESISTANCE_PROBE,UNRESOLVED,3,-0.18,0.35,0.63,-0.95,-2.22,-3.29
ICICIBANK,2025-05-26,1437.3,75.0,60.0,2.47,65.0,0.75,0.59,1448.12,1405.02,0.7,0.34,0.59,1.0,2.3,RESISTANCE_PROBE,UNRESOLVED,3,-0.97,-0.47,-0.69,-1.77,-2.77,-2.5
ICICIBANK,2025-05-29,1433.26,75.0,95.0,2.46,67.5,0.83,0.68,1439.66,1412.8,0.4,0.64,1.6,0.89,1.3,FTF_COILING,UNRESOLVED,3,-0.73,-0.41,-0.12,-2.15,-1.19,0.08
ICICIBANK,2025-06-03,1414.96,75.0,65.0,2.1,65.0,0.82,0.97,1439.56,1421.95,1.7,0.26,1.08,1.07,0.1,FTF_COILING,UNRESOLVED,3,-0.48,1.18,-1.04,-1.02,-0.41,-1.9
ICICIBANK,2025-06-06,1436.41,75.0,90.0,1.74,67.5,0.99,0.91,1439.56,1421.95,0.2,0.91,1.17,1.03,-1.0,FTF_COILING,UNRESOLVED,3,-1.71,-2.52,-2.99,-2.23,-1.16,0.82
ICICIBANK,2025-06-11,1408.17,75.0,70.0,1.73,62.5,1.17,0.98,1439.56,1421.95,2.2,0.78,0.72,1.09,-1.5,FTF_COILING,FAILED_BREAKOUT,2,-0.41,-1.04,-1.29,-0.36,0.06,1.12
ICICIBANK,2025-06-16,1404.14,75.0,80.0,1.66,57.5,0.91,0.85,1439.56,1421.95,2.5,0.86,0.58,1.01,-2.0,FTF_COILING,FAILED_BREAKOUT,2,-0.26,-1.0,-0.48,1.32,-0.27,0.74
ICICIBANK,2025-06-19,1388.79,50.0,75.0,1.63,50.0,0.8,0.63,1439.56,1421.95,3.5,0.66,0.94,0.94,-2.2,FTF_COILING,UNRESOLVED,3,1.12,0.62,1.97,1.03,0.52,-0.38
ICICIBANK,2025-06-24,1401.38,50.0,65.0,1.51,50.0,0.91,0.76,1448.12,1382.29,3.2,0.39,1.17,1.0,1.4,RESISTANCE_PROBE,UNRESOLVED,3,0.12,1.05,0.55,1.26,3.48,0.78
ICICIBANK,2025-06-27,1438.87,75.0,100.0,1.5,52.5,1.0,0.94,1448.12,1392.72,0.6,0.87,2.26,1.0,3.3,RESISTANCE_PROBE,UNRESOLVED,3,-1.12,-2.07,-1.33,-2.76,1.02,3.45
ICICIBANK,2025-07-02,1405.02,50.0,40.0,1.12,47.5,1.17,1.13,1448.12,1406.79,3.0,0.18,1.35,1.0,-0.1,RESISTANCE_PROBE,UNRESOLVED,3,-0.13,1.05,0.29,-0.1,3.82,3.25
ICICIBANK,2025-07-07,1412.8,75.0,35.0,1.05,45.0,1.08,0.87,1427.85,1399.91,1.1,0.54,0.56,0.78,0.2,FTF_COILING,UNRESOLVED,3,0.44,-0.26,-0.88,2.1,1.92,2.75
ICICIBANK,2025-07-10,1401.38,50.0,25.0,0.97,45.0,0.89,0.73,1427.85,1399.91,1.9,0.12,0.87,0.74,0.2,FTF_COILING,UNRESOLVED,3,-0.15,-0.08,-0.38,4.16,1.14,0.66
ICICIBANK,2025-07-15,1407.97,50.0,50.0,0.94,47.5,0.75,0.74,1427.85,1399.91,1.4,0.8,0.68,0.76,-0.0,FTF_COILING,UNRESOLVED,3,-0.31,-0.85,2.99,3.87,0.15,0.5
ICICIBANK,2025-07-18,1403.05,50.0,65.0,0.87,45.0,0.8,0.81,1427.85,1399.91,1.7,0.84,1.26,0.8,-0.3,FTF_COILING,CONFIRMED_BREAKOUT,1,2.81,3.35,3.6,3.21,1.39,-1.37
ICICIBANK,2025-07-23,1464.85,75.0,65.0,1.02,47.5,1.16,1.12,1427.85,1386.03,-2.6,0.92,1.26,0.89,-0.3,RESISTANCE_PROBE,CONFIRMED_BREAKOUT,1,-0.35,-0.77,-0.42,-3.02,-2.11,-1.77
ICICIBANK,2025-07-28,1464.66,75.0,45.0,1.03,45.0,0.95,1.09,1476.07,1449.11,0.8,0.68,0.88,1.0,1.1,RESISTANCE_PROBE,UNRESOLVED,3,-0.15,-0.4,-1.69,-3.48,-4.09,-3.64
ICICIBANK,2025-07-31,1457.77,75.0,45.0,0.9,42.5,1.12,0.86,1476.07,1451.86,1.2,0.57,1.48,1.0,0.4,RESISTANCE_PROBE,FAILED_BREAKOUT,3,-0.66,-1.23,-2.77,-2.91,-4.02,-1.56
ICICIBANK,2025-08-05,1421.36,75.0,30.0,0.8,40.0,1.08,0.86,1470.66,1440.64,3.4,0.17,1.66,0.63,-0.1,FTF_COILING,UNRESOLVED,3,-0.06,-0.28,-0.79,-0.19,-1.94,-1.36
ICICIBANK,2025-08-18,1422.61,75.0,20.0,0.72,40.0,0.95,0.83,1470.66,1440.64,3.3,0.17,0.81,0.87,-2.2,FTF_COILING,UNRESOLVED,3,0.12,-0.28,-0.1,-2.82,-0.91,-1.69
ICICIBANK,2025-08-21,1433.91,75.0,35.0,0.79,40.0,1.02,0.85,1470.66,1440.64,2.5,0.84,0.8,0.85,-2.2,FTF_COILING,FAILED_BREAKOUT,3,-0.66,-0.89,-3.33,-2.99,-3.03,-1.02
ICICIBANK,2025-09-22,1389.78,50.0,30.0,0.73,37.5,0.93,1.05,1406.15,1388.49,1.2,0.34,1.07,1.07,0.1,FTF_COILING,UNRESOLVED,3,-0.51,-1.34,-3.81,-1.83,-1.39,0.45
ICICIBANK,2025-09-25,1364.3,50.0,30.0,0.58,35.0,1.08,1.21,1406.15,1388.49,3.0,0.2,2.38,1.23,-1.2,FTF_COILING,FAILED_BREAKOUT,1,-1.18,-2.01,-0.77,0.33,0.13,1.32
ICICIBANK,2025-10-01,1360.53,50.0,45.0,0.46,37.5,1.28,1.91,1406.15,1331.38,3.2,0.77,1.81,1.69,-3.7,RESISTANCE_PROBE,UNRESOLVED,3,-0.5,-0.63,0.31,3.3,-1.95,-2.22
ICICIBANK,2025-10-07,1364.4,50.0,45.0,0.45,40.0,1.14,1.81,1406.15,1335.84,3.0,0.63,1.29,1.59,-3.7,RESISTANCE_PROBE,UNRESOLVED,3,-0.41,0.02,0.6,0.44,-4.03,-4.34
ICICIBANK,2025-10-10,1368.76,50.0,35.0,0.49,42.5,0.96,1.21,1406.15,1352.2,2.7,0.68,0.61,1.42,-3.7,RESISTANCE_PROBE,UNRESOLVED,3,-0.07,0.28,4.08,-0.2,-1.59,-2.87
ICICIBANK,2026-01-09,1392.56,75.0,20.0,0.83,42.5,1.64,1.22,1430.14,1411.4,2.6,0.1,1.3,1.3,-1.3,FTF_COILING,UNRESOLVED,3,0.63,2.33,0.46,-4.34,-0.57,-1.56
ICICIBANK,2026-01-14,1406.54,75.0,20.0,0.94,45.0,1.39,1.32,1430.14,1411.4,1.7,0.12,1.31,1.25,-1.3,FTF_COILING,FAILED_BREAKOUT,3,0.0,-0.54,-4.89,-2.45,0.82,3.58
ICICIBANK,2026-02-03,1378.08,75.0,30.0,0.82,41.0,1.15,1.65,1431.83,1317.99,3.8,0.37,1.52,1.33,-5.1,RESISTANCE_PROBE,UNRESOLVED,3,1.35,0.49,1.21,1.28,-1.75,-2.89
ICICIBANK,2026-02-06,1394.34,75.0,35.0,0.82,46.2,1.07,1.39,1405.15,1361.92,0.8,0.72,0.7,0.63,1.7,FTF_COILING,UNRESOLVED,3,-0.7,0.03,0.6,-0.82,-9.08,-9.08
ICICIBANK,2026-02-11,1394.34,75.0,35.0,0.85,46.2,0.67,0.94,1405.15,1361.92,0.8,0.45,0.56,0.71,1.7,FTF_COILING,CONFIRMED_BREAKOUT,1,1.7,0.6,0.15,-0.4,-9.93,-11.43
ICICIBANK,2026-02-16,1399.8,75.0,35.0,0.84,43.6,0.69,1.08,1405.15,1361.92,0.4,0.82,0.32,0.77,1.7,FTF_COILING,UNRESOLVED,3,-0.29,-0.24,-0.86,-2.66,-8.71,-7.21
ICICIBANK,2026-02-19,1377.19,75.0,30.0,0.86,43.6,0.8,0.88,1405.15,1361.92,2.0,0.15,1.0,0.69,1.7,FTF_COILING,UNRESOLVED,3,0.41,0.76,1.16,-5.43,-10.33,-10.07
ICICIBANK,2026-02-24,1373.22,75.0,40.0,0.9,48.7,0.8,0.83,1405.15,1361.92,2.3,0.13,1.36,0.72,1.1,FTF_COILING,UNRESOLVED,3,1.13,1.45,-1.4,-6.51,-9.03,-8.64
ICICIBANK,2026-04-09,1270.59,50.0,20.0,1.09,45.0,1.33,1.26,1322.35,1190.46,3.9,0.17,1.17,1.17,-0.9,RESISTANCE_PROBE,CONFIRMED_BREAKOUT,2,3.17,5.45,5.11,3.5,-1.29,-6.39
ICICIBANK,2026-04-15,1336.83,75.0,20.0,1.0,47.5,1.42,1.41,1322.35,1265.23,-1.1,0.38,1.16,1.2,-0.9,RESISTANCE_PROBE,CONFIRMED_BREAKOUT,1,-0.19,-0.1,1.45,-4.98,-8.35,-8.17
ICICIBANK,2026-06-04,1241.24,50.0,25.0,0.85,39.5,1.27,0.79,1277.03,1237.47,2.8,0.65,1.16,0.8,-1.7,FTF_COILING,UNRESOLVED,3,0.83,-0.12,5.22,7.24,11.85,9.8
ICICIBANK,2026-06-09,1264.34,50.0,55.0,0.86,39.5,1.11,0.79,1277.03,1237.47,1.0,0.82,1.37,0.8,-1.7,FTF_COILING,CONFIRMED_BREAKOUT,1,1.44,3.29,4.65,4.96,10.96,9.39
ICICIBANK,2026-06-12,1329.59,75.0,35.0,0.98,44.7,1.23,1.14,1295.08,1242.23,-2.7,0.86,1.02,2.03,3.6,RESISTANCE_PROBE,CONFIRMED_BREAKOUT,1,-0.98,-0.48,0.43,3.48,4.5,5.54
ICICIBANK,2026-07-17,1432.23,50.0,75.0,1.43,68.4,0.96,0.72,1476.07,1380.36,3.0,0.69,0.93,1.0,3.8,RESISTANCE_PROBE,UNRESOLVED,3,1.1,1.3,-0.79,-0.62,-1.06,-0.82
ICICIBANK,2026-07-22,1428.66,50.0,45.0,1.7,71.1,1.13,1.01,1461.58,1444.42,2.3,0.08,0.65,0.65,-1.1,FTF_COILING,UNRESOLVED,3,-0.42,-0.54,-0.19,1.5,-1.87,-2.21
ICICIBANK,2026-07-27,1433.61,50.0,80.0,1.88,71.8,0.86,0.99,1461.58,1444.42,1.9,0.84,0.82,0.82,-1.6,FTF_COILING,UNRESOLVED,3,-1.03,-0.54,1.84,-0.13,-1.3,-0.49
ICICIBANK,2026-07-30,1421.91,75.0,80.0,1.68,69.2,0.9,0.91,1461.58,1444.42,2.7,0.58,1.1,0.94,-1.8,FTF_COILING,UNRESOLVED,3,0.1,2.68,2.5,-1.06,1.48,-0.8
ICICIBANK,2026-08-04,1454.6,75.0,80.0,1.88,69.2,0.91,0.88,1461.58,1444.42,0.5,1.0,0.94,0.89,-1.8,FTF_COILING,UNRESOLVED,3,-0.31,0.2,-1.72,-2.93,-1.14,1.2
ICICIBANK,2026-08-07,1421.0,75.0,55.0,2.07,64.1,1.15,0.8,1461.58,1444.42,2.8,0.08,1.13,0.93,-1.8,FTF_COILING,UNRESOLVED,3,0.76,0.61,-0.28,-0.07,0.15,-0.59
ICICIBANK,2026-08-12,1431.7,75.0,80.0,2.09,64.1,0.95,0.96,1467.63,1412.2,2.4,0.8,0.66,1.0,1.4,RESISTANCE_PROBE,UNRESOLVED,3,-1.74,-1.03,-2.07,-0.12,-2.98,-1.85
ICICIBANK,2026-08-26,1430.0,75.0,60.0,1.44,57.5,0.76,0.65,1467.63,1408.0,2.6,0.3,0.45,1.0,1.6,RESISTANCE_PROBE,UNRESOLVED,3,0.91,-0.5,-0.24,-2.86,-6.29,-7.84
ICICIBANK,2026-08-31,1454.0,75.0,95.0,1.52,55.0,1.17,0.66,1467.63,1418.9,0.9,1.0,1.6,1.0,2.5,RESISTANCE_PROBE,UNRESOLVED,3,-1.1,-1.89,-1.82,-5.14,-10.45,-8.95
IDFCFIRSTB,2024-12-30,63.43,50.0,95.0,1.08,50.0,0.95,0.73,64.93,60.82,2.3,0.86,2.0,0.91,0.9,FTF_COILING,UNRESOLVED,3,-1.07,0.58,-1.9,-7.04,-11.11,-12.29
IDFCFIRSTB,2025-01-02,64.28,50.0,85.0,1.24,52.5,1.01,0.74,64.93,60.82,1.0,0.86,0.85,1.07,0.9,FTF_COILING,UNRESOLVED,3,0.62,-3.2,-3.57,-3.09,-5.4,-2.0
IDFCFIRSTB,2025-04-01,56.82,25.0,45.0,0.76,38.5,1.22,1.71,57.49,54.29,1.2,0.82,2.16,2.16,4.7,FTF_COILING,CONFIRMED_BREAKOUT,2,0.03,5.56,1.28,10.2,17.23,11.05
IDFCFIRSTB,2025-06-04,67.07,75.0,80.0,1.24,55.0,0.95,0.77,68.59,66.23,2.2,0.95,0.97,0.97,1.3,FTF_COILING,CONFIRMED_BREAKOUT,2,-1.02,6.02,5.65,4.87,14.46,7.97
IDFCFIRSTB,2025-06-10,70.98,75.0,35.0,1.39,55.0,1.42,1.17,72.64,71.49,2.3,0.1,0.62,0.62,-0.7,FTF_COILING,FAILED_BREAKOUT,3,-0.17,-0.8,-1.78,0.84,9.02,10.53
IDFCFIRSTB,2025-06-16,70.46,75.0,85.0,1.41,50.0,0.9,0.74,72.64,68.67,3.0,0.92,0.58,0.79,-2.1,RESISTANCE_PROBE,UNRESOLVED,3,-1.06,-0.17,0.16,2.74,5.1,6.89
IDFCFIRSTB,2025-06-23,70.57,75.0,85.0,1.35,50.0,0.94,0.55,72.64,68.87,2.8,0.88,0.73,0.71,-3.1,RESISTANCE_PROBE,UNRESOLVED,3,1.42,1.53,2.58,9.44,4.54,3.24
IDFCFIRSTB,2025-06-26,71.46,75.0,75.0,1.2,50.0,0.75,0.58,72.64,68.87,1.6,0.53,0.95,0.7,-3.1,RESISTANCE_PROBE,CONFIRMED_BREAKOUT,3,0.64,1.31,8.01,6.58,1.71,-5.32
IDFCFIRSTB,2025-07-02,76.77,75.0,80.0,1.43,52.5,1.0,1.32,77.07,71.24,0.4,0.59,1.05,1.0,7.8,RESISTANCE_PROBE,UNRESOLVED,3,0.53,0.82,0.26,-4.08,-10.08,-10.61
IDFCFIRSTB,2025-07-07,77.23,75.0,60.0,1.63,55.0,1.14,1.53,77.97,76.35,0.9,0.45,0.87,1.0,1.2,RESISTANCE_PROBE,UNRESOLVED,3,0.19,-0.33,-4.11,-4.48,-10.49,-9.23
IDFCFIRSTB,2025-07-10,76.16,75.0,55.0,1.55,52.5,0.77,0.87,77.97,76.67,2.3,0.19,0.83,1.0,-0.7,RESISTANCE_PROBE,FAILED_BREAKOUT,1,-1.51,-2.76,-3.8,-4.57,-9.36,-7.98
IDFCFIRSTB,2025-09-08,72.06,75.0,40.0,1.36,43.6,1.04,1.03,73.03,71.89,1.3,0.19,0.84,0.84,0.2,FTF_COILING,CONFIRMED_BREAKOUT,1,1.74,0.58,-0.9,-1.87,-0.39,-2.09
IDFCFIRSTB,2025-09-11,72.23,75.0,20.0,0.97,46.2,0.86,1.3,73.03,71.89,1.1,0.19,0.4,1.17,0.2,FTF_COILING,UNRESOLVED,3,-0.55,-1.13,-0.68,-3.46,2.75,4.03
IDFCFIRSTB,2025-09-16,71.34,75.0,35.0,0.83,43.6,0.76,0.83,73.03,71.89,2.3,0.71,0.7,0.82,-0.7,FTF_COILING,UNRESOLVED,3,0.41,0.56,-1.45,-2.49,1.98,1.7
IDFCFIRSTB,2025-09-19,71.54,75.0,25.0,0.89,43.6,0.71,0.63,73.03,71.89,2.0,0.14,0.72,0.78,-0.8,FTF_COILING,FAILED_BREAKOUT,2,-1.16,-1.73,-4.4,-0.92,7.22,9.11
IDFCFIRSTB,2025-10-15,72.76,75.0,30.0,1.16,46.2,1.1,1.45,74.1,72.37,1.8,0.12,1.05,1.05,0.5,FTF_COILING,CONFIRMED_BREAKOUT,3,-1.62,-1.49,8.21,8.17,10.22,4.55
IDFCFIRSTB,2025-10-29,79.12,75.0,70.0,1.59,51.3,1.15,1.69,79.9,77.77,1.0,0.89,0.75,0.75,1.7,FTF_COILING,CONFIRMED_BREAKOUT,2,-0.53,3.05,1.29,0.82,1.45,-1.55
IDFCFIRSTB,2025-11-26,80.13,75.0,70.0,1.42,53.8,0.81,0.8,82.46,77.27,2.8,0.69,0.62,1.0,3.7,RESISTANCE_PROBE,UNRESOLVED,3,0.16,-0.3,0.26,-0.06,4.82,4.37
IDFCFIRSTB,2025-12-01,80.47,75.0,70.0,1.47,53.8,0.86,0.83,82.46,79.27,2.4,0.69,0.88,1.0,1.5,RESISTANCE_PROBE,UNRESOLVED,3,1.57,-0.16,-1.97,3.92,5.1,6.2
IDFCFIRSTB,2025-12-04,79.65,75.0,40.0,1.58,48.7,0.93,0.95,82.46,79.62,3.4,0.14,0.51,1.0,0.0,RESISTANCE_PROBE,UNRESOLVED,3,1.24,-0.95,0.91,4.89,7.56,6.19
IDFCFIRSTB,2025-12-09,80.67,75.0,55.0,1.74,47.5,1.36,0.82,82.46,78.34,2.2,0.91,1.12,1.0,3.0,RESISTANCE_PROBE,UNRESOLVED,3,-0.73,-0.37,3.15,5.05,4.31,2.56
IDFCFIRSTB,2025-12-12,82.05,75.0,85.0,1.81,50.0,1.29,0.62,82.58,78.11,0.6,0.76,1.62,1.0,5.0,RESISTANCE_PROBE,CONFIRMED_BREAKOUT,1,1.92,1.42,2.9,2.73,3.01,1.07
IDFCFIRSTB,2025-12-17,83.7,75.0,90.0,1.72,50.0,1.0,0.93,83.84,82.88,0.2,0.78,1.03,1.03,1.0,FTF_COILING,CONFIRMED_BREAKOUT,2,-0.19,0.87,0.35,1.98,-1.05,-1.9
IDFCFIRSTB,2025-12-22,85.1,75.0,80.0,1.72,52.5,0.77,1.26,83.84,82.55,-1.5,0.64,1.16,1.51,0.8,RESISTANCE_PROBE,CONFIRMED_BREAKOUT,1,-0.41,-1.3,-0.61,-0.73,-3.82,-3.42
IDFCFIRSTB,2025-12-26,84.87,75.0,80.0,1.79,50.0,0.8,1.0,83.84,83.81,-1.2,0.86,0.84,1.13,0.8,RESISTANCE_PROBE,CONFIRMED_BREAKOUT,1,-0.68,-0.34,0.94,1.03,-2.5,-1.83
IDFCFIRSTB,2025-12-31,85.36,75.0,80.0,1.71,50.0,0.88,0.82,83.84,83.31,-1.8,0.77,0.77,1.15,0.8,RESISTANCE_PROBE,CONFIRMED_BREAKOUT,1,0.0,0.36,-1.41,-2.97,-2.5,-2.5
IDFCFIRSTB,2026-01-08,85.82,75.0,80.0,1.51,51.3,1.27,0.82,86.05,83.95,0.3,0.88,2.14,2.14,2.2,FTF_COILING,UNRESOLVED,3,-0.08,-1.51,-3.49,-2.17,-1.12,2.59
IDFCFIRSTB,2026-01-13,82.72,75.0,10.0,1.15,46.2,1.5,1.42,86.05,83.14,3.9,0.22,0.85,1.39,0.7,RESISTANCE_PROBE,UNRESOLVED,3,0.13,0.13,-1.05,-0.04,-0.48,-1.47
IDFCFIRSTB,2026-01-16,83.54,75.0,70.0,1.29,52.6,0.99,0.8,86.05,83.95,2.9,0.69,0.62,0.92,-1.5,FTF_COILING,FAILED_BREAKOUT,2,-0.8,-2.03,-0.95,-3.08,-1.05,1.0
IDFCFIRSTB,2026-01-22,83.95,75.0,95.0,1.32,50.0,1.15,0.64,86.05,79.39,2.4,0.89,1.56,0.87,-3.2,RESISTANCE_PROBE,UNRESOLVED,3,-1.44,-0.83,-0.74,1.08,-0.82,0.7
IDFCFIRSTB,2026-01-29,83.23,75.0,75.0,1.35,47.4,1.19,1.2,86.05,81.36,3.3,0.78,1.34,0.96,-3.2,RESISTANCE_PROBE,UNRESOLVED,3,0.13,-2.71,2.41,-1.58,-12.77,-14.19
IDFCFIRSTB,2026-02-03,84.6,75.0,70.0,1.58,50.0,1.27,1.25,86.75,79.15,2.5,0.56,1.23,1.0,6.9,RESISTANCE_PROBE,UNRESOLVED,3,0.34,0.74,-1.27,-1.77,-17.43,-17.68
IDFCFIRSTB,2026-02-06,84.86,75.0,50.0,1.49,52.6,1.22,1.24,86.75,83.16,2.2,0.58,0.7,1.0,2.1,RESISTANCE_PROBE,UNRESOLVED,3,-0.41,-1.57,-4.19,-1.88,-21.56,-19.14
IDFCFIRSTB,2026-02-18,84.36,75.0,70.0,1.38,44.7,0.96,0.62,86.75,79.78,2.7,0.68,1.08,1.0,5.7,RESISTANCE_PROBE,FAILED_BREAKOUT,3,-1.93,-1.3,-17.01,-16.79,-26.0,-10.61
IDFCFIRSTB,2026-04-30,69.44,75.0,45.0,0.92,55.0,1.1,0.56,70.94,68.35,2.1,0.66,0.96,0.96,1.6,FTF_COILING,UNRESOLVED,3,0.0,-0.07,1.08,-1.58,2.64,3.97
IDFCFIRSTB,2026-05-05,68.55,50.0,40.0,0.85,53.8,0.74,0.41,70.94,68.35,3.4,0.32,0.69,0.61,1.5,FTF_COILING,UNRESOLVED,3,1.22,2.39,-1.56,-1.37,4.13,0.45
IDFCFIRSTB,2026-05-08,71.06,75.0,85.0,1.69,59.0,1.01,0.35,70.48,68.2,-0.8,0.88,0.97,1.12,2.9,FTF_COILING,UNRESOLVED,3,-2.88,-5.04,-5.08,-3.35,1.52,5.93
IDFCFIRSTB,2026-05-13,68.1,50.0,40.0,1.17,59.0,1.15,0.68,70.48,68.2,3.4,0.4,0.77,0.92,-1.1,FTF_COILING,UNRESOLVED,3,0.35,-0.95,-0.13,4.66,6.87,7.99
IDFCFIRSTB,2026-05-20,68.01,50.0,80.0,1.24,59.0,0.94,0.82,70.48,68.2,3.5,0.89,0.74,0.99,-1.2,FTF_COILING,UNRESOLVED,3,0.13,0.98,4.79,5.23,13.44,11.4
IDFCFIRSTB,2026-05-25,69.26,50.0,95.0,1.41,61.5,0.77,0.58,70.48,68.2,1.7,0.46,1.28,0.9,-1.2,FTF_COILING,CONFIRMED_BREAKOUT,2,1.09,2.91,2.58,2.84,16.17,12.88
IDFCFIRSTB,2026-06-01,71.04,75.0,60.0,1.19,60.5,0.92,1.38,72.87,70.3,2.5,0.57,0.6,0.6,1.1,FTF_COILING,UNRESOLVED,3,0.48,0.74,0.25,9.94,9.75,8.37
IDFCFIRSTB,2026-06-04,71.95,75.0,50.0,1.46,60.5,1.26,1.49,72.87,70.3,1.3,0.66,0.81,1.03,1.1,FTF_COILING,CONFIRMED_BREAKOUT,3,0.26,-1.01,1.09,8.22,10.2,7.91
IDFCFIRSTB,2026-06-10,72.78,75.0,45.0,1.7,60.5,1.12,1.17,72.5,70.89,-0.4,0.17,0.75,1.58,3.6,FTF_COILING,CONFIRMED_BREAKOUT,2,-0.05,4.81,6.01,8.51,6.62,1.73
IDFCFIRSTB,2026-06-30,79.26,50.0,90.0,1.27,65.8,0.66,0.96,79.71,77.65,0.6,0.85,1.08,1.08,2.1,FTF_COILING,CONFIRMED_BREAKOUT,3,-0.7,0.04,1.18,-0.28,7.88,6.57
IDFCFIRSTB,2026-07-03,80.22,50.0,70.0,1.32,63.2,0.9,1.0,79.71,77.65,-0.6,0.6,0.91,0.85,1.4,FTF_COILING,CONFIRMED_BREAKOUT,1,0.85,-0.04,0.46,-0.14,5.24,4.36
IDFCFIRSTB,2026-07-08,77.59,50.0,45.0,1.33,63.2,1.11,0.84,79.71,77.65,2.7,0.11,0.81,0.82,1.4,FTF_COILING,CONFIRMED_BREAKOUT,2,2.11,3.87,2.12,3.73,9.61,5.53
IDFCFIRSTB,2026-07-13,80.34,50.0,75.0,1.44,65.8,1.16,0.69,79.71,77.65,-0.8,0.77,0.6,0.75,-0.1,FTF_COILING,UNRESOLVED,3,-1.63,-1.38,1.49,5.34,5.92,7.66
IDFCFIRSTB,2026-07-16,79.05,50.0,60.0,1.24,60.5,0.77,0.52,79.71,77.65,0.8,0.36,0.61,0.7,-0.1,FTF_COILING,CONFIRMED_BREAKOUT,2,1.35,3.15,0.78,6.91,9.49,6.14
IDFCFIRSTB,2026-07-27,84.63,75.0,35.0,1.69,59.0,1.47,0.63,88.5,78.65,4.4,0.04,7.07,1.0,7.6,RESISTANCE_PROBE,UNRESOLVED,3,1.02,0.16,1.32,0.55,1.49,1.63
IDFCFIRSTB,2026-08-03,85.75,75.0,80.0,1.48,53.8,0.81,2.08,88.5,84.45,3.1,0.72,0.51,0.99,-0.0,FTF_COILING,UNRESOLVED,3,0.0,-0.81,-0.76,-0.81,0.26,1.02
IDFCFIRSTB,2026-08-12,85.8,75.0,85.0,1.69,55.3,0.62,0.44,88.5,84.45,3.1,1.0,0.69,0.65,-0.2,FTF_COILING,UNRESOLVED,3,0.87,-0.13,-0.36,-1.63,0.23,1.12
IDFCFIRSTB,2026-08-20,85.84,75.0,60.0,1.71,50.0,0.58,0.43,88.5,84.51,3.0,0.27,0.59,1.0,1.6,RESISTANCE_PROBE,UNRESOLVED,3,1.06,0.06,-2.38,1.93,0.57,1.56
IDFCFIRSTB,2026-08-26,84.4,75.0,45.0,1.64,48.7,1.1,0.57,88.5,85.0,4.6,0.0,1.06,1.0,-0.7,RESISTANCE_PROBE,FAILED_BREAKOUT,2,-0.71,-1.52,0.82,1.9,4.15,5.75
INDHOTEL,2024-12-30,883.11,75.0,85.0,2.05,65.0,1.21,0.47,888.32,845.04,0.6,0.87,4.66,1.0,4.5,RESISTANCE_PROBE,UNRESOLVED,3,-1.36,-1.8,-5.1,-15.01,-14.55,-13.56
INDHOTEL,2025-01-02,873.03,75.0,90.0,2.37,65.0,1.19,1.15,888.32,849.71,1.7,0.75,1.48,1.0,2.7,RESISTANCE_PROBE,UNRESOLVED,3,-0.8,-4.01,-6.44,-7.74,-13.45,-10.67
INDHOTEL,2025-03-20,810.1,75.0,60.0,1.09,53.8,1.06,0.76,818.64,779.53,1.0,0.7,0.78,0.78,3.9,FTF_COILING,CONFIRMED_BREAKOUT,2,1.05,3.19,-3.13,-2.05,0.83,-2.28
INDHOTEL,2025-04-02,824.05,50.0,70.0,0.92,51.3,1.12,2.17,851.69,776.2,3.2,0.86,1.3,2.06,-4.4,RESISTANCE_PROBE,FAILED_BREAKOUT,3,0.11,-3.71,-7.46,0.71,-9.26,0.17
INDHOTEL,2025-04-15,830.2,75.0,60.0,0.92,53.8,1.32,1.19,851.69,748.7,2.5,0.95,1.29,1.37,-8.7,RESISTANCE_PROBE,UNRESOLVED,3,0.68,0.58,-1.61,-5.82,-8.61,-8.58
INDHOTEL,2025-04-21,829.9,75.0,35.0,0.8,53.8,0.83,1.07,851.69,796.95,2.6,0.57,0.77,1.25,-8.7,RESISTANCE_PROBE,UNRESOLVED,3,-0.26,-1.57,-4.26,-9.9,-9.96,-8.1
INDHOTEL,2025-06-04,765.08,75.0,35.0,0.73,47.5,0.82,0.9,785.63,753.47,2.6,0.8,0.61,0.61,1.5,FTF_COILING,UNRESOLVED,3,0.13,0.79,-0.64,-0.97,-1.63,-2.8
INDHOTEL,2025-06-09,774.31,75.0,35.0,0.74,52.5,0.95,0.75,785.63,753.47,1.4,0.77,0.68,0.48,1.5,FTF_COILING,UNRESOLVED,3,-0.05,-1.83,-3.22,-2.56,-5.22,-0.74
INDHOTEL,2025-06-20,760.02,75.0,75.0,0.9,55.0,1.18,0.63,785.63,738.53,3.3,0.91,1.39,0.77,-3.1,RESISTANCE_PROBE,UNRESOLVED,3,-0.72,-0.2,0.23,-2.08,0.37,-1.72
INDHOTEL,2025-06-30,756.93,75.0,55.0,0.78,55.0,0.99,1.08,777.19,758.63,2.6,0.36,1.32,1.32,-0.2,FTF_COILING,UNRESOLVED,3,0.23,-0.57,-3.04,-4.1,-2.04,-0.46
INDHOTEL,2025-07-17,750.61,50.0,50.0,1.17,55.0,1.03,0.66,777.19,721.54,3.4,0.37,0.74,0.86,-4.3,RESISTANCE_PROBE,UNRESOLVED,3,1.62,2.35,0.01,-1.75,2.71,2.39
INDHOTEL,2025-12-31,735.57,75.0,60.0,0.97,55.0,0.76,1.0,740.2,721.89,0.6,0.77,0.94,0.94,1.9,FTF_COILING,UNRESOLVED,3,-0.03,1.33,-3.18,-6.69,-10.05,-10.7
INDHOTEL,2026-01-05,740.9,75.0,60.0,1.02,57.5,1.07,1.02,740.2,721.89,-0.1,0.7,0.72,0.7,1.9,FTF_COILING,FAILED_BREAKOUT,3,-2.39,-3.88,-7.27,-10.19,-8.43,-3.24
INDHOTEL,2026-04-24,632.53,25.0,45.0,1.03,55.0,0.74,0.93,654.09,633.18,3.3,0.44,0.7,0.7,-0.1,FTF_COILING,UNRESOLVED,3,1.97,2.69,0.08,5.93,2.35,0.87
INDHOTEL,2026-04-29,641.79,50.0,35.0,0.97,52.5,0.81,0.83,654.09,633.18,1.9,0.12,0.64,0.6,-0.1,FTF_COILING,UNRESOLVED,3,-1.37,-1.37,3.34,-1.12,3.58,3.73
INDHOTEL,2026-05-04,640.85,50.0,65.0,1.06,53.8,0.65,0.49,654.09,633.18,2.0,0.68,0.67,0.5,-0.1,FTF_COILING,CONFIRMED_BREAKOUT,2,0.64,3.49,2.73,0.75,0.47,-2.91
INDHOTEL,2026-05-07,666.13,75.0,60.0,1.12,61.5,0.78,0.47,654.09,632.18,-1.8,0.43,1.03,0.6,-0.1,RESISTANCE_PROBE,CONFIRMED_BREAKOUT,1,0.59,-1.17,-2.82,-1.75,-1.13,-1.71
INDHOTEL,2026-05-15,653.34,75.0,50.0,1.07,64.1,1.42,1.31,671.91,630.34,2.8,0.7,0.85,1.26,0.7,FTF_COILING,UNRESOLVED,3,-1.17,-0.53,-0.91,-0.3,3.54,3.01
INDHOTEL,2026-05-20,656.68,75.0,70.0,1.31,64.1,1.07,1.0,671.91,630.34,2.3,0.87,0.97,1.18,0.7,FTF_COILING,UNRESOLVED,3,-0.33,-1.42,1.23,-0.5,5.99,5.36
INDHOTEL,2026-05-25,660.61,75.0,80.0,1.35,61.5,0.9,0.86,671.91,630.34,1.7,0.76,0.75,1.03,0.7,FTF_COILING,UNRESOLVED,3,-0.96,0.63,-2.53,-1.7,10.47,9.78
INDHOTEL,2026-05-28,664.74,75.0,85.0,1.25,63.2,0.66,0.64,671.91,630.34,1.1,0.5,0.0,0.95,0.7,FTF_COILING,UNRESOLVED,3,-2.01,-3.14,-0.92,-1.8,8.41,9.4
INDHOTEL,2026-06-02,658.72,75.0,70.0,1.05,60.5,0.93,0.96,670.22,647.72,1.7,0.91,0.84,1.62,-0.6,FTF_COILING,UNRESOLVED,3,-0.81,-0.02,0.76,4.95,8.39,9.05
INDHOTEL,2026-06-05,654.68,75.0,45.0,1.02,57.9,1.03,1.18,670.22,647.72,2.3,0.31,0.44,0.96,-0.6,FTF_COILING,UNRESOLVED,3,-0.81,1.38,3.32,10.21,11.29,9.91
INDHOTEL,2026-06-10,662.9,75.0,60.0,1.16,55.3,0.97,0.7,670.22,647.72,1.1,0.23,1.01,0.84,-0.6,FTF_COILING,CONFIRMED_BREAKOUT,2,-1.52,2.04,4.99,9.44,9.05,6.87
INDHOTEL,2026-06-15,686.79,75.0,45.0,1.12,52.6,1.15,1.01,670.22,651.15,-2.5,0.35,1.18,0.95,-0.6,RESISTANCE_PROBE,CONFIRMED_BREAKOUT,1,0.66,1.34,6.25,2.95,7.54,6.83
INDHOTEL,2026-06-23,724.05,75.0,80.0,1.15,57.9,0.94,0.92,736.72,722.78,1.7,0.48,1.27,1.27,0.2,FTF_COILING,UNRESOLVED,3,0.2,-0.47,-1.39,3.02,1.04,1.52
INDHOTEL,2026-06-26,720.65,75.0,60.0,0.98,60.5,0.67,1.33,731.45,719.1,1.5,0.5,0.0,0.0,0.2,FTF_COILING,UNRESOLVED,3,-1.89,-0.93,1.1,4.39,0.94,1.21
INDHOTEL,2026-07-01,718.75,50.0,70.0,1.13,57.9,0.8,1.27,731.45,719.1,1.7,0.68,1.13,1.33,-1.7,FTF_COILING,CONFIRMED_BREAKOUT,3,0.27,1.37,0.58,3.4,2.71,0.01
INDHOTEL,2026-07-06,738.15,50.0,70.0,1.29,60.5,1.01,1.58,731.45,719.1,-0.9,0.56,0.7,1.3,-1.7,FTF_COILING,CONFIRMED_BREAKOUT,1,1.06,-2.07,0.05,-1.77,1.88,0.81
INDHOTEL,2026-07-09,731.45,50.0,60.0,1.44,60.5,1.18,1.18,752.8,738.5,2.8,0.59,0.52,0.54,-2.1,FTF_COILING,UNRESOLVED,3,2.85,0.97,0.0,-1.01,0.62,0.37
INDHOTEL,2026-07-14,733.3,50.0,50.0,1.26,57.9,1.28,1.07,750.9,736.35,2.3,0.65,0.58,0.58,-0.4,FTF_COILING,UNRESOLVED,3,1.35,-0.25,-0.23,0.19,-1.27,-0.54
INDHOTEL,2026-07-17,727.9,75.0,45.0,1.15,57.9,1.04,1.06,743.95,730.4,2.2,0.14,0.77,0.77,-0.3,FTF_COILING,UNRESOLVED,3,-0.39,0.51,-0.06,1.46,-1.09,-0.67
INDHOTEL,2026-07-22,724.85,75.0,55.0,1.14,55.3,1.2,0.96,743.95,730.4,2.6,0.33,1.41,0.81,-0.7,FTF_COILING,UNRESOLVED,3,-0.11,0.36,1.84,2.23,-0.21,-1.42
INDHOTEL,2026-07-27,733.75,75.0,50.0,1.1,59.0,1.09,1.08,743.95,730.4,1.4,0.55,0.42,0.93,-0.9,FTF_COILING,UNRESOLVED,3,0.13,0.61,2.49,-0.69,-0.66,-2.72
INDHOTEL,2026-07-30,749.25,75.0,85.0,1.22,61.5,0.76,0.73,743.95,730.4,-0.7,0.92,0.92,0.79,-0.9,FTF_COILING,CONFIRMED_BREAKOUT,1,-1.43,0.37,-1.77,-3.67,-4.1,-2.71
INDHOTEL,2026-08-04,750.0,75.0,70.0,1.15,61.5,0.91,0.8,743.95,730.4,-0.8,0.92,0.66,0.83,-0.9,FTF_COILING,UNRESOLVED,3,-1.19,-1.87,-3.47,-4.13,-4.27,-1.78
INFY,2025-01-02,1861.3,50.0,90.0,1.16,57.5,1.01,0.8,1882.31,1754.06,1.1,0.94,1.4,0.73,-1.6,RESISTANCE_PROBE,UNRESOLVED,3,-0.98,-1.02,-2.07,-1.5,-5.0,-3.67
INFY,2025-01-07,1835.63,50.0,45.0,1.04,55.0,1.04,0.97,1875.7,1832.92,2.1,0.21,0.84,0.84,0.1,FTF_COILING,UNRESOLVED,3,0.12,-0.7,0.48,-6.74,-3.5,-5.27
INFY,2025-01-10,1869.95,75.0,90.0,1.12,52.5,1.05,1.11,1875.7,1832.92,0.3,0.76,1.53,1.08,-0.6,FTF_COILING,UNRESOLVED,3,-0.24,-1.37,-7.7,-4.65,-2.61,-1.74
INFY,2025-01-15,1853.5,75.0,60.0,1.05,55.0,0.9,1.17,1875.7,1832.92,1.2,0.6,0.57,1.16,-0.6,FTF_COILING,FAILED_BREAKOUT,2,-1.09,-6.88,-4.78,-3.51,-3.8,3.32
INFY,2025-02-04,1805.16,75.0,45.0,0.91,47.5,0.92,0.87,1869.95,1742.03,3.5,0.66,1.12,1.06,-6.1,RESISTANCE_PROBE,UNRESOLVED,3,-0.09,0.89,-1.22,-2.47,-9.86,-10.09
INFY,2025-05-14,1513.87,50.0,50.0,1.08,56.4,1.3,0.95,1532.69,1487.44,1.2,0.9,0.56,0.56,1.8,FTF_COILING,CONFIRMED_BREAKOUT,1,1.29,-0.16,-1.5,-1.29,3.87,2.54
INFY,2025-05-19,1482.88,50.0,45.0,1.12,56.4,1.08,1.0,1532.69,1487.44,3.3,0.14,1.1,0.8,1.6,FTF_COILING,UNRESOLVED,3,0.05,0.56,1.33,1.02,5.57,6.41
INFY,2025-05-23,1487.63,50.0,50.0,1.15,60.0,0.86,0.7,1532.69,1487.44,2.9,0.4,0.72,0.84,-1.1,FTF_COILING,UNRESOLVED,3,1.0,0.34,1.27,1.34,5.17,4.7
INFY,2025-05-28,1494.29,50.0,60.0,1.28,60.0,0.82,0.62,1532.69,1487.44,2.5,0.1,0.54,0.82,-1.1,FTF_COILING,UNRESOLVED,3,0.88,0.82,0.08,5.23,4.19,3.93
INFY,2025-06-02,1497.96,50.0,80.0,1.22,60.0,0.75,0.86,1532.69,1487.44,2.3,0.7,0.63,0.91,-1.1,FTF_COILING,UNRESOLVED,3,-0.7,-0.17,1.23,4.51,3.09,3.06
INFY,2025-06-12,1550.79,75.0,65.0,1.32,65.0,1.17,0.79,1549.73,1520.81,-0.1,0.35,1.59,1.6,3.4,FTF_COILING,CONFIRMED_BREAKOUT,2,-0.41,0.94,0.61,0.46,0.45,-0.49
INFY,2025-06-17,1580.96,75.0,70.0,1.5,65.0,1.3,1.03,1569.49,1540.66,-0.7,0.76,1.16,0.95,0.2,FTF_COILING,UNRESOLVED,3,-0.43,-1.31,-3.56,-2.02,-3.31,-2.3
INFY,2025-06-20,1564.57,75.0,90.0,1.69,65.0,0.99,0.79,1569.49,1540.66,0.3,0.64,1.36,0.94,0.2,FTF_COILING,UNRESOLVED,3,-2.4,-2.54,-0.92,1.1,-2.27,-1.78
INFY,2025-06-25,1556.86,75.0,80.0,1.51,60.0,1.06,0.95,1572.09,1551.08,1.0,0.86,1.08,1.14,-1.7,FTF_COILING,UNRESOLVED,3,0.07,-0.43,-0.27,1.16,-2.5,-1.7
INFY,2025-06-30,1544.23,75.0,55.0,1.32,55.0,0.92,1.08,1572.09,1551.08,1.8,0.37,0.9,1.11,-1.7,FTF_COILING,UNRESOLVED,3,0.31,0.54,1.57,-1.97,-5.36,-6.34
INFY,2025-07-03,1560.52,75.0,55.0,1.53,57.5,0.88,1.0,1572.09,1551.08,0.7,0.21,0.75,1.03,-1.7,FTF_COILING,UNRESOLVED,3,1.36,0.51,-0.18,-2.17,-6.78,-7.91
INFY,2025-07-08,1579.81,75.0,80.0,1.4,60.0,0.97,0.76,1572.09,1551.08,-0.5,0.7,0.67,0.92,-1.7,FTF_COILING,UNRESOLVED,3,-0.31,-1.4,-3.24,-4.14,-10.89,-8.44
INFY,2025-07-11,1537.58,75.0,95.0,1.09,55.0,1.0,0.66,1572.09,1551.08,2.2,0.72,1.75,0.88,-1.7,FTF_COILING,FAILED_BREAKOUT,1,-1.54,-0.58,-0.55,-4.97,-10.77,-9.37
INFY,2025-08-28,1446.19,25.0,20.0,0.8,47.5,1.01,1.27,1483.11,1464.02,2.5,0.07,0.62,0.62,-1.2,FTF_COILING,FAILED_BREAKOUT,1,-2.03,-0.05,-2.47,0.64,-1.02,1.03
INFY,2025-09-02,1444.84,25.0,35.0,0.78,42.5,1.01,1.16,1483.11,1414.95,2.6,0.47,0.6,0.68,-3.2,RESISTANCE_PROBE,UNRESOLVED,3,-1.31,-2.38,0.37,0.84,-3.8,-0.19
INFY,2025-09-09,1450.24,25.0,50.0,0.78,42.5,1.23,0.66,1483.11,1376.97,2.2,0.92,1.67,0.64,-5.6,RESISTANCE_PROBE,UNRESOLVED,3,1.88,0.36,0.47,-0.45,-0.62,-2.01
INFY,2025-09-12,1470.77,50.0,30.0,0.76,42.5,1.14,0.97,1483.11,1419.58,0.8,0.21,1.63,0.79,-5.6,RESISTANCE_PROBE,UNRESOLVED,3,-1.13,-0.94,0.96,-5.03,-2.12,-1.92
INFY,2025-09-17,1467.69,50.0,35.0,0.78,45.0,0.7,1.09,1487.45,1466.43,1.3,0.66,0.63,0.99,-0.8,FTF_COILING,UNRESOLVED,3,1.2,1.17,-1.83,-5.03,-3.34,-1.87
INFY,2025-09-22,1445.61,25.0,55.0,0.79,45.0,0.9,1.01,1487.45,1466.43,2.8,0.54,1.85,1.09,-0.8,FTF_COILING,FAILED_BREAKOUT,3,-0.13,-0.33,-3.85,-2.73,-1.81,-0.84
INFY,2025-10-24,1470.58,50.0,10.0,0.84,41.0,1.27,1.33,1490.44,1451.87,1.3,0.3,1.11,1.11,1.3,FTF_COILING,UNRESOLVED,3,0.14,-0.15,-1.34,0.74,3.04,2.49
INFY,2025-10-29,1478.41,50.0,25.0,0.79,43.6,1.13,1.17,1490.44,1451.87,0.8,0.58,0.66,1.04,1.1,FTF_COILING,UNRESOLVED,3,-1.1,-1.86,-2.89,2.08,3.71,5.45
INFY,2025-11-03,1454.04,50.0,35.0,0.68,46.2,0.69,0.79,1490.44,1451.87,2.4,0.66,0.77,0.87,-0.1,FTF_COILING,UNRESOLVED,3,-1.18,-1.27,3.02,0.06,5.08,5.7
INFY,2025-11-07,1445.52,50.0,55.0,0.69,46.2,0.85,0.83,1490.44,1451.87,3.0,0.87,1.14,0.91,-1.1,FTF_COILING,CONFIRMED_BREAKOUT,2,2.49,3.62,1.76,4.62,9.44,5.61
INFY,2025-11-13,1509.14,50.0,30.0,0.84,48.7,1.16,1.32,1526.17,1505.52,1.1,0.42,2.08,2.08,0.2,FTF_COILING,FAILED_BREAKOUT,1,-2.53,-2.22,-0.34,1.6,3.65,6.33
INFY,2025-11-19,1508.46,50.0,35.0,0.93,46.2,1.23,1.39,1524.51,1451.78,1.1,0.96,1.18,0.89,-2.9,RESISTANCE_PROBE,CONFIRMED_BREAKOUT,3,-0.3,0.25,1.09,2.44,3.95,3.49
INFY,2025-11-24,1515.21,50.0,35.0,0.97,51.3,1.24,0.97,1524.51,1458.93,0.6,0.16,2.01,0.94,-2.9,RESISTANCE_PROBE,UNRESOLVED,3,-1.12,0.64,1.03,4.06,9.15,7.87
INFY,2025-11-27,1533.22,75.0,50.0,0.94,56.4,1.02,1.18,1551.43,1508.36,1.2,0.64,0.78,0.82,-0.7,FTF_COILING,UNRESOLVED,3,-0.4,-0.15,1.99,2.02,5.73,6.09
INFY,2025-12-02,1527.94,75.0,35.0,0.9,52.5,0.74,0.77,1551.43,1508.36,1.5,0.21,0.65,0.68,-0.7,FTF_COILING,CONFIRMED_BREAKOUT,2,1.13,2.34,2.43,2.04,3.48,1.11
INFY,2025-12-05,1581.97,50.0,80.0,1.25,55.0,0.94,0.97,1551.43,1521.18,-2.0,0.51,1.01,0.83,-0.7,RESISTANCE_PROBE,CONFIRMED_BREAKOUT,1,-0.33,-1.06,-1.11,1.39,-0.61,-0.27
INFY,2025-12-23,1632.96,75.0,50.0,1.47,57.5,1.21,1.2,1619.85,1595.28,-0.8,0.53,0.82,2.85,3.7,FTF_COILING,UNRESOLVED,3,-0.29,-0.73,-3.17,-1.76,-0.83,0.59
INFY,2025-12-29,1609.86,75.0,45.0,1.56,55.0,1.14,1.13,1619.85,1595.28,0.6,0.21,0.54,1.12,1.6,FTF_COILING,UNRESOLVED,3,-1.4,-1.78,-2.33,-2.97,2.31,3.25
INFY,2026-01-01,1595.28,75.0,75.0,1.54,55.0,0.94,0.62,1619.85,1595.28,1.5,0.62,0.5,1.01,-0.9,FTF_COILING,UNRESOLVED,3,0.65,-1.44,-1.01,-1.84,0.69,1.79
INFY,2026-01-06,1578.05,75.0,75.0,1.44,55.0,1.01,0.7,1619.85,1595.28,2.6,0.63,0.69,0.88,-1.4,FTF_COILING,UNRESOLVED,3,1.66,0.07,-0.82,2.9,-4.74,-4.85
INFY,2026-01-09,1579.91,75.0,60.0,1.57,55.0,1.2,0.54,1619.85,1595.28,2.5,0.29,1.08,0.84,-1.4,FTF_COILING,FAILED_BREAKOUT,1,-1.13,-0.94,4.69,3.51,-7.24,-6.18
INFY,2026-01-29,1624.35,75.0,80.0,1.71,53.8,0.83,1.02,1653.03,1615.05,1.7,0.71,0.74,0.74,0.6,FTF_COILING,CONFIRMED_BREAKOUT,3,-1.11,-1.81,-8.39,-16.48,-22.32,-22.16
INFY,2026-02-03,1620.92,75.0,40.0,1.47,48.7,1.46,1.09,1653.03,1615.05,1.9,0.04,1.25,1.04,-1.2,FTF_COILING,FAILED_BREAKOUT,1,-7.26,-8.2,-9.55,-15.99,-21.05,-14.87
INFY,2026-04-09,1303.4,25.0,65.0,0.7,45.0,1.04,0.91,1347.74,1302.81,3.3,0.75,1.21,1.21,0.0,FTF_COILING,FAILED_BREAKOUT,1,-2.94,-4.12,-0.97,-13.29,-11.44,-8.77
INFY,2026-06-01,1177.03,25.0,65.0,1.16,42.1,1.01,1.26,1184.37,1129.17,0.6,0.67,1.34,1.34,4.2,FTF_COILING,CONFIRMED_BREAKOUT,1,5.68,1.67,-1.24,-3.58,-11.92,-16.66
INFY,2026-08-03,1180.0,50.0,25.0,0.95,43.6,1.33,1.51,1187.7,1107.2,0.6,1.0,0.56,0.95,-1.8,RESISTANCE_PROBE,UNRESOLVED,3,-1.06,-0.51,0.25,-3.4,-3.92,-2.68
INFY,2026-08-06,1165.0,50.0,20.0,0.77,46.2,0.97,0.83,1187.7,1138.1,1.9,0.09,0.58,0.7,-1.8,RESISTANCE_PROBE,UNRESOLVED,3,0.87,1.55,0.86,-3.0,-2.98,-5.07
INFY,2026-08-11,1190.7,50.0,35.0,0.74,46.2,0.64,0.66,1187.7,1155.6,-0.3,0.76,0.74,0.65,-1.8,RESISTANCE_PROBE,UNRESOLVED,3,-1.23,-1.32,-6.36,-3.92,-9.13,-7.46
INFY,2026-08-14,1169.2,50.0,35.0,0.76,43.6,0.63,0.62,1187.7,1157.0,1.6,0.68,0.44,0.63,-1.8,RESISTANCE_PROBE,FAILED_BREAKOUT,2,-2.51,-4.64,-4.12,-2.16,-11.25,-6.93
IOB,2025-05-30,39.84,50.0,70.0,0.85,47.5,0.91,0.69,40.78,37.87,2.3,0.81,3.04,0.85,-0.5,FTF_COILING,CONFIRMED_BREAKOUT,1,5.57,1.78,-0.53,-5.87,-3.99,-9.06
IOB,2025-07-17,39.83,50.0,45.0,1.43,47.5,0.94,0.51,40.4,39.15,1.4,0.35,0.55,0.55,1.7,FTF_COILING,UNRESOLVED,3,-0.1,0.05,-2.23,-5.7,-9.19,-7.82
IOB,2025-07-22,39.24,50.0,30.0,1.24,45.0,1.16,0.86,40.64,39.24,3.4,0.18,0.46,0.87,1.6,FTF_COILING,FAILED_BREAKOUT,3,-0.38,-0.76,-3.36,-5.96,-2.8,-0.81
IOB,2025-08-22,38.07,25.0,25.0,1.13,47.5,1.3,0.57,38.89,37.9,2.1,0.18,1.12,1.12,0.4,FTF_COILING,UNRESOLVED,3,0.37,0.29,2.1,2.65,4.54,4.24
IOB,2025-08-28,38.18,50.0,70.0,1.2,43.6,1.11,0.7,38.62,37.84,1.1,0.69,1.34,1.34,0.9,FTF_COILING,CONFIRMED_BREAKOUT,2,-0.24,1.81,-0.58,3.3,1.86,0.05
IOB,2025-09-05,38.49,50.0,45.0,1.31,46.2,1.42,1.37,39.87,37.72,3.5,0.88,0.89,0.89,2.0,FTF_COILING,UNRESOLVED,3,1.53,1.12,2.44,6.21,2.83,0.0
IOB,2025-09-10,39.58,50.0,60.0,0.9,51.3,1.2,1.05,39.87,37.72,0.7,0.59,1.58,0.89,2.0,FTF_COILING,UNRESOLVED,3,-0.35,-0.38,2.53,-0.13,-1.11,-2.1
IOB,2025-09-15,39.98,50.0,55.0,0.96,46.2,0.76,1.09,40.2,39.33,0.5,0.76,1.12,0.54,0.3,FTF_COILING,CONFIRMED_BREAKOUT,2,0.33,1.5,-0.45,-3.68,-3.45,-4.88
IOB,2025-09-18,40.21,50.0,40.0,1.15,48.7,0.73,1.56,40.2,39.33,-0.0,0.14,1.14,1.4,0.3,FTF_COILING,CONFIRMED_BREAKOUT,1,1.67,-1.02,-3.28,-0.8,-3.43,-5.01
IOB,2025-09-24,39.53,50.0,55.0,1.5,51.3,1.17,3.11,41.32,39.18,4.3,0.08,1.14,0.73,-1.4,RESISTANCE_PROBE,FAILED_BREAKOUT,2,-1.62,-3.36,0.08,-0.99,0.05,3.53
IOB,2025-10-03,39.89,50.0,70.0,1.77,53.8,1.0,1.01,41.32,38.03,3.5,0.57,0.45,0.71,-5.0,RESISTANCE_PROBE,UNRESOLVED,3,-0.78,-0.73,0.85,-2.66,1.4,3.4
IOB,2025-10-10,40.23,50.0,95.0,1.92,56.4,0.97,0.57,41.32,38.73,2.6,0.71,1.05,0.58,-5.0,RESISTANCE_PROBE,UNRESOLVED,3,-1.07,-4.05,-3.48,0.37,-2.73,-2.73
IOB,2025-10-17,38.83,50.0,30.0,1.54,48.7,1.25,1.5,41.05,38.45,5.4,0.04,1.05,1.05,-1.8,RESISTANCE_PROBE,CONFIRMED_BREAKOUT,3,3.43,4.74,3.99,4.17,2.73,-0.65
IOB,2025-10-23,40.15,50.0,35.0,1.57,48.7,1.27,1.74,40.99,38.7,2.0,0.08,2.13,0.42,5.1,FTF_COILING,UNRESOLVED,3,-1.49,0.57,-0.3,-1.39,-3.14,-4.19
IOB,2025-10-28,40.59,50.0,90.0,1.64,52.5,0.99,1.39,41.8,40.0,2.9,0.54,1.33,0.93,-1.1,FTF_COILING,UNRESOLVED,3,-0.25,-1.38,-2.56,-3.99,-2.64,-1.47
IOB,2025-10-31,40.11,50.0,35.0,1.56,50.0,0.91,0.87,41.09,40.0,2.4,0.22,1.81,0.62,0.1,FTF_COILING,FAILED_BREAKOUT,3,0.85,-1.4,-0.7,0.35,-3.14,0.34
IOB,2025-11-10,39.83,50.0,70.0,1.59,50.0,0.97,1.1,41.29,38.01,3.5,0.67,0.53,0.87,-2.7,RESISTANCE_PROBE,UNRESOLVED,3,-1.76,-2.16,1.05,-3.51,-7.48,-5.12
IOB,2025-11-17,40.25,50.0,90.0,1.59,45.0,0.79,0.45,41.29,38.58,2.5,0.75,1.98,0.62,-2.7,RESISTANCE_PROBE,UNRESOLVED,3,-0.89,-0.32,-4.52,-3.48,-8.15,-6.26
IOB,2026-02-19,36.0,50.0,30.0,0.95,46.2,0.96,0.86,36.79,36.19,2.1,0.22,1.19,1.19,-0.5,FTF_COILING,CONFIRMED_BREAKOUT,3,0.58,1.44,2.19,-5.33,-6.33,-7.57
IOB,2026-02-24,36.48,50.0,30.0,0.94,48.7,1.12,1.11,37.29,36.39,2.2,0.29,2.2,2.2,0.2,FTF_COILING,UNRESOLVED,3,0.05,0.85,-6.3,-8.0,-9.4,-9.33
IOB,2026-02-27,36.45,50.0,30.0,1.34,46.2,1.07,1.24,37.36,36.25,2.4,0.18,0.87,1.03,1.5,FTF_COILING,FAILED_BREAKOUT,1,-3.43,-6.23,-9.38,-11.63,-11.08,-7.93
IOB,2026-05-06,35.17,75.0,55.0,1.11,46.2,0.75,1.15,36.39,35.03,3.4,0.61,1.19,0.7,-1.3,FTF_COILING,FAILED_BREAKOUT,3,0.0,-1.0,-4.24,-4.78,-6.14,-3.73
IOB,2026-06-11,32.42,25.0,30.0,1.19,40.5,1.28,0.93,33.9,32.5,4.4,0.16,1.25,1.25,-2.2,RESISTANCE_PROBE,UNRESOLVED,3,2.93,4.38,8.67,6.32,4.13,-0.79
IOB,2026-06-16,34.03,50.0,35.0,1.23,43.2,1.24,1.04,33.9,33.15,-0.4,0.68,0.66,1.26,-2.2,FTF_COILING,CONFIRMED_BREAKOUT,1,4.55,3.53,2.7,0.18,-1.03,-5.34
IOB,2026-06-22,35.38,75.0,45.0,1.46,43.2,1.28,2.1,36.53,33.88,3.1,0.7,0.83,1.11,3.6,FTF_COILING,UNRESOLVED,3,-1.22,-1.36,-3.87,-3.34,-1.07,1.54
IREDA,2025-01-02,219.82,50.0,45.0,1.73,45.0,1.43,1.94,224.95,212.5,2.3,0.48,1.13,1.13,3.4,FTF_COILING,CONFIRMED_BREAKOUT,1,3.64,-3.5,-2.86,-8.21,-11.87,-14.96
IREDA,2025-01-09,213.53,50.0,35.0,1.73,50.0,1.36,2.31,229.05,210.87,6.8,0.18,1.56,1.8,2.5,RESISTANCE_PROBE,FAILED_BREAKOUT,1,-6.91,-7.5,-5.51,-8.91,-10.76,-4.14
IREDA,2025-04-16,174.3,50.0,40.0,1.0,43.6,1.1,0.8,174.67,148.53,0.2,0.42,4.52,0.81,-11.0,RESISTANCE_PROBE,UNRESOLVED,3,-1.69,-0.41,-0.71,-6.4,-1.76,-2.99
IREDA,2025-04-22,176.52,50.0,55.0,1.09,46.2,1.04,2.11,177.55,171.94,0.6,0.88,0.58,0.66,-0.3,FTF_COILING,CONFIRMED_BREAKOUT,1,-0.51,-1.96,-5.89,-9.11,-3.6,-3.11
IREDA,2025-04-25,165.56,50.0,20.0,0.93,41.0,0.97,1.06,177.55,171.74,6.8,0.12,0.7,0.73,-0.3,RESISTANCE_PROBE,FAILED_BREAKOUT,1,0.2,0.33,0.72,0.27,3.58,3.37
IREDA,2025-06-06,172.8,50.0,85.0,1.06,55.0,0.85,0.63,176.88,172.15,2.3,0.69,1.42,1.42,0.4,FTF_COILING,CONFIRMED_BREAKOUT,1,4.79,4.34,-4.35,-5.6,-4.69,-9.04
IREDA,2025-06-11,180.18,50.0,80.0,1.52,52.5,1.19,1.53,183.74,179.45,1.9,0.57,1.36,1.36,0.4,FTF_COILING,FAILED_BREAKOUT,1,-3.72,-8.27,-9.39,-5.89,-9.01,-5.49
IREDA,2025-09-11,144.89,25.0,25.0,0.57,41.0,0.86,0.64,147.33,143.72,1.7,0.07,0.78,0.78,0.8,FTF_COILING,CONFIRMED_BREAKOUT,2,0.49,3.91,6.07,2.48,2.95,-0.93
IREDA,2025-09-22,157.17,50.0,35.0,1.17,51.3,1.25,2.11,157.4,152.37,0.1,0.15,1.92,3.69,4.3,FTF_COILING,FAILED_BREAKOUT,3,-2.15,-4.01,-6.46,-4.16,-3.72,1.91
IREDA,2025-12-29,137.07,25.0,10.0,0.74,35.0,1.22,1.73,141.6,135.58,3.2,0.13,1.12,1.12,1.1,FTF_COILING,UNRESOLVED,3,-1.33,0.86,4.22,2.01,-7.09,-7.52
IREDA,2026-01-01,137.71,25.0,20.0,0.72,35.0,1.19,1.66,141.6,135.58,2.7,0.17,1.16,1.01,-0.3,FTF_COILING,CONFIRMED_BREAKOUT,1,5.22,3.74,1.31,-0.9,-5.22,-9.93
IREDA,2026-01-07,144.3,50.0,35.0,0.91,35.0,1.3,1.99,147.71,141.94,2.3,0.92,1.09,1.04,-0.1,FTF_COILING,FAILED_BREAKOUT,2,-3.32,-6.45,-5.43,-12.77,-11.03,-4.89
IREDA,2026-04-27,137.09,50.0,60.0,1.3,52.5,1.19,2.26,141.0,136.09,2.8,0.51,0.74,0.75,-0.8,FTF_COILING,UNRESOLVED,3,0.04,-0.57,-1.91,-5.3,-5.96,-3.95
IREDA,2026-06-23,126.47,25.0,60.0,1.48,50.0,0.98,0.72,132.31,125.3,4.4,0.07,0.68,0.68,-0.5,RESISTANCE_PROBE,UNRESOLVED,3,0.16,0.13,1.08,-1.69,-4.84,-4.96
IREDA,2026-06-30,127.84,25.0,75.0,1.06,55.3,0.71,0.54,132.31,127.05,3.4,0.46,1.1,0.63,-0.5,FTF_COILING,UNRESOLVED,3,-0.59,-0.09,-2.74,-5.14,-6.37,-6.23
IREDA,2026-07-03,127.64,25.0,60.0,1.2,55.3,0.77,0.55,132.31,127.05,3.5,0.27,0.64,0.69,-0.5,FTF_COILING,FAILED_BREAKOUT,2,-1.36,-2.59,-1.63,-5.33,-6.93,-4.45
IRFC,2025-05-20,134.14,75.0,55.0,1.49,55.0,1.19,1.97,140.91,126.93,4.8,0.09,1.16,1.16,-2.1,RESISTANCE_PROBE,UNRESOLVED,3,1.0,0.09,2.15,3.0,0.82,0.82
IRFC,2025-05-26,137.54,75.0,90.0,1.39,50.0,0.92,1.31,140.91,132.06,2.4,0.82,1.11,0.8,-2.1,RESISTANCE_PROBE,UNRESOLVED,3,-0.38,0.11,1.31,4.84,-2.28,-2.13
IRFC,2025-05-29,137.33,75.0,55.0,1.45,52.5,0.69,0.87,140.91,133.94,2.5,0.25,0.68,0.82,-2.1,RESISTANCE_PROBE,UNRESOLVED,3,-0.72,1.47,3.79,0.36,-0.06,-0.67
IRFC,2025-06-03,138.16,75.0,55.0,1.3,50.0,0.76,0.83,140.91,135.26,2.0,0.08,0.94,0.81,-2.1,RESISTANCE_PROBE,CONFIRMED_BREAKOUT,1,2.94,3.17,3.14,-2.12,0.49,-2.38
IRFC,2025-09-16,126.53,50.0,55.0,1.12,47.5,0.87,1.02,127.9,123.64,1.1,0.82,0.78,0.78,2.3,FTF_COILING,UNRESOLVED,3,0.29,0.26,-1.29,-4.23,-3.16,-3.71
IRFC,2025-09-19,127.25,50.0,55.0,1.25,47.5,0.96,1.06,127.9,123.64,0.5,0.56,0.97,0.88,2.3,FTF_COILING,UNRESOLVED,3,-0.89,-1.85,-6.0,-3.43,-3.56,-0.41
IRFC,2025-10-03,123.48,25.0,20.0,1.03,47.5,1.15,0.87,127.9,120.2,3.5,0.39,0.75,0.87,-3.3,RESISTANCE_PROBE,UNRESOLVED,3,-0.48,0.98,0.52,-1.85,-1.36,-0.13
IRFC,2025-10-16,122.37,25.0,50.0,1.11,47.5,1.0,1.04,126.09,121.96,2.9,0.24,1.2,1.2,0.3,FTF_COILING,UNRESOLVED,3,-0.96,0.28,0.05,-0.29,-0.95,-1.33
IRFC,2025-10-21,122.84,50.0,55.0,1.24,52.5,0.91,1.21,126.09,121.96,2.6,0.2,0.27,1.08,-0.6,FTF_COILING,UNRESOLVED,3,-0.07,-0.34,0.76,-3.14,-3.28,-2.73
IRFC,2025-10-27,122.15,25.0,50.0,1.11,52.5,0.62,0.74,126.09,121.96,3.1,0.1,0.68,0.82,-0.6,FTF_COILING,UNRESOLVED,3,-0.55,1.33,-0.28,-1.49,-5.44,-5.82
IRFC,2025-10-30,122.65,50.0,45.0,1.04,50.0,0.91,0.76,126.09,121.96,2.7,0.14,0.78,0.83,-0.6,FTF_COILING,UNRESOLVED,3,-0.52,-0.69,-2.09,-2.37,-5.15,-3.82
IRFC,2025-12-24,120.21,50.0,30.0,1.13,37.5,1.57,2.34,123.17,115.58,2.4,0.29,2.74,2.74,4.0,FTF_COILING,CONFIRMED_BREAKOUT,1,10.0,4.0,3.54,2.29,-3.68,-12.44
IRFC,2026-04-20,103.02,50.0,35.0,0.93,50.0,0.91,1.25,106.78,103.25,3.5,0.25,0.8,0.8,-0.2,FTF_COILING,UNRESOLVED,3,0.57,2.72,2.48,1.35,-5.2,-7.04
IRFC,2026-04-23,105.06,50.0,35.0,0.93,52.5,0.81,1.11,106.78,103.25,1.6,0.13,2.02,0.81,-0.2,FTF_COILING,UNRESOLVED,3,-1.09,0.49,-0.81,1.63,-6.56,-6.63
IRFC,2026-04-28,105.14,50.0,35.0,0.88,50.0,0.85,1.12,108.38,104.55,3.0,0.18,0.67,0.7,-0.6,FTF_COILING,UNRESOLVED,3,-0.06,-0.88,0.65,-5.5,-5.57,-4.73
IRFC,2026-05-05,105.82,50.0,65.0,0.92,53.8,0.59,0.47,108.38,104.55,2.4,0.69,1.18,0.52,-0.6,FTF_COILING,UNRESOLVED,3,0.87,0.9,-6.1,-8.13,-8.65,-8.83
IRFC,2026-05-08,106.03,50.0,40.0,0.93,53.8,0.78,0.6,108.38,104.55,2.2,0.3,0.42,0.62,-0.6,FTF_COILING,FAILED_BREAKOUT,2,-2.78,-6.29,-6.76,-7.39,-9.02,-2.91
IRFC,2026-06-22,100.9,50.0,65.0,1.04,44.7,0.95,1.03,100.8,98.84,-0.1,0.78,1.12,1.12,2.1,FTF_COILING,FAILED_BREAKOUT,2,-2.21,-8.33,-10.2,-10.56,-12.07,-4.09
IRFC,2026-08-04,89.6,25.0,10.0,0.46,39.5,1.13,0.99,90.85,89.42,1.4,0.05,0.84,0.84,0.2,FTF_COILING,UNRESOLVED,3,-0.78,-0.35,-1.89,-3.9,-7.92,-7.04
IRFC,2026-08-07,88.75,25.0,20.0,0.48,39.5,0.99,0.78,90.85,89.42,2.3,0.2,0.77,0.9,-0.6,FTF_COILING,UNRESOLVED,3,-0.28,-0.95,-1.33,-2.65,-6.03,-5.51
IRFC,2026-08-12,88.26,25.0,35.0,0.46,34.2,0.72,0.54,90.85,89.42,2.9,0.9,0.8,0.82,-1.7,FTF_COILING,FAILED_BREAKOUT,2,0.1,-0.78,-3.49,-2.9,-7.78,-7.06
JINDALSTEL,2025-05-21,964.85,50.0,90.0,1.24,60.0,0.86,1.82,979.2,952.6,1.5,0.83,1.12,1.12,1.3,FTF_COILING,UNRESOLVED,3,-0.88,-1.56,-2.41,-1.73,-7.7,-6.38
JINDALSTEL,2025-05-26,951.21,50.0,55.0,1.28,57.5,0.68,1.1,979.2,952.6,2.9,0.16,0.68,0.77,-0.3,FTF_COILING,UNRESOLVED,3,-0.76,-1.01,-1.17,2.07,-4.62,-6.24
JINDALSTEL,2025-05-29,967.69,50.0,95.0,1.44,57.5,0.65,0.66,979.2,952.6,1.2,0.8,1.15,0.7,-1.2,FTF_COILING,UNRESOLVED,3,-2.31,-2.85,-2.21,-3.32,-1.69,0.9
JINDALSTEL,2025-06-04,948.12,50.0,80.0,1.25,60.0,0.96,0.86,979.2,952.6,3.2,0.79,0.42,0.77,-1.3,FTF_COILING,UNRESOLVED,3,-0.19,1.16,0.35,-6.07,1.79,-0.6
JINDALSTEL,2025-06-09,970.88,50.0,85.0,1.39,62.5,0.89,0.63,979.2,952.6,0.8,0.76,0.89,0.71,-1.3,FTF_COILING,UNRESOLVED,3,-0.09,-2.0,-5.33,-6.55,-2.16,1.53
JINDALSTEL,2025-06-30,938.16,75.0,60.0,1.32,52.5,1.19,1.08,966.85,934.47,3.0,0.59,0.8,0.8,0.4,FTF_COILING,CONFIRMED_BREAKOUT,3,1.01,2.87,1.25,-0.92,3.82,2.22
JINDALSTEL,2025-07-03,952.9,75.0,45.0,1.32,55.0,1.08,1.15,966.85,934.47,1.4,0.08,0.92,0.93,0.4,FTF_COILING,UNRESOLVED,3,-0.37,-0.31,-1.25,-0.63,0.89,1.46
JINDALSTEL,2025-07-08,947.52,75.0,75.0,1.34,50.0,0.95,0.71,966.85,934.47,2.0,0.49,0.38,0.77,0.4,FTF_COILING,UNRESOLVED,3,-0.66,-0.69,-0.76,1.46,5.12,6.54
JINDALSTEL,2025-07-11,934.87,75.0,60.0,1.08,42.5,0.77,0.49,966.85,934.47,3.3,0.55,1.11,0.72,0.4,FTF_COILING,UNRESOLVED,3,-0.57,0.58,2.0,6.58,3.8,4.58
JINDALSTEL,2025-07-17,946.87,75.0,65.0,1.1,45.0,0.84,0.85,966.85,934.47,2.1,0.89,1.14,0.81,-0.7,FTF_COILING,UNRESOLVED,3,0.7,1.01,5.26,1.53,2.63,1.08
JINDALSTEL,2025-08-18,989.11,75.0,50.0,0.94,52.5,1.13,0.98,1017.9,984.28,2.8,0.66,1.1,1.08,-1.3,FTF_COILING,UNRESOLVED,3,1.25,2.36,0.54,-1.59,6.3,4.48
JINDALSTEL,2025-08-21,1006.35,75.0,35.0,1.05,52.5,0.92,1.21,1017.9,984.28,1.1,0.3,1.72,0.94,-1.3,FTF_COILING,UNRESOLVED,3,-1.08,-1.19,-6.18,2.65,3.75,7.05
JINDALSTEL,2025-08-26,975.4,75.0,35.0,0.88,47.5,0.81,1.04,1015.51,990.33,3.9,0.22,3.58,1.01,-0.8,RESISTANCE_PROBE,FAILED_BREAKOUT,1,-1.27,-3.21,5.24,6.39,7.73,9.12
JINDALSTEL,2025-09-04,1030.01,75.0,40.0,1.0,50.0,1.24,1.03,1015.51,941.61,-1.4,0.68,0.68,1.28,-5.8,RESISTANCE_PROBE,CONFIRMED_BREAKOUT,1,0.29,0.94,0.83,1.53,4.33,4.02
JINDALSTEL,2025-09-15,1044.43,75.0,75.0,1.04,57.5,0.76,0.59,1064.98,1025.36,1.9,0.78,0.36,1.0,1.9,RESISTANCE_PROBE,UNRESOLVED,3,0.67,-1.21,-1.32,-0.28,-4.81,-4.93
JINDALSTEL,2025-09-18,1045.78,75.0,75.0,1.1,55.0,0.98,0.49,1064.98,1027.51,1.8,0.78,0.43,1.0,1.8,RESISTANCE_PROBE,UNRESOLVED,3,-0.16,-1.45,0.39,2.75,-3.82,-5.18
JINDALSTEL,2025-09-23,1060.8,75.0,95.0,1.25,52.5,1.12,0.52,1067.79,1027.76,0.7,0.83,1.28,1.0,3.2,RESISTANCE_PROBE,UNRESOLVED,3,-0.95,-1.04,0.1,-4.09,-5.04,-1.98
JINDALSTEL,2025-09-26,1027.66,75.0,40.0,1.12,50.0,1.16,0.73,1067.79,1026.21,3.8,0.05,0.71,1.0,0.1,RESISTANCE_PROBE,UNRESOLVED,3,1.35,3.33,2.56,-2.13,4.27,0.8
JINDALSTEL,2025-10-01,1063.1,75.0,60.0,1.11,55.0,1.09,0.81,1068.49,1026.01,0.5,0.65,1.07,1.0,3.6,RESISTANCE_PROBE,CONFIRMED_BREAKOUT,1,1.08,-0.85,-2.32,-3.96,0.17,-0.9
JINDALSTEL,2025-10-07,1031.85,75.0,35.0,0.97,52.5,1.24,1.11,1076.97,1041.83,4.2,0.13,1.65,1.65,-1.0,RESISTANCE_PROBE,FAILED_BREAKOUT,1,-1.4,0.64,-3.65,-2.31,1.14,2.58
JINDALSTEL,2025-10-28,1071.58,75.0,95.0,1.04,55.0,1.04,0.6,1076.97,1001.61,0.5,0.92,2.62,1.06,-4.6,RESISTANCE_PROBE,CONFIRMED_BREAKOUT,1,-0.27,-0.31,0.67,0.6,-2.9,-2.63
JINDALSTEL,2025-10-31,1064.89,75.0,25.0,0.79,47.5,1.19,1.56,1095.74,1056.31,2.8,0.58,0.56,0.84,1.1,FTF_COILING,UNRESOLVED,3,0.96,1.3,0.43,1.24,-1.76,0.24
JINDALSTEL,2025-11-06,1043.63,75.0,20.0,0.98,45.0,0.94,1.31,1095.74,1054.61,4.8,0.08,0.85,0.91,0.8,RESISTANCE_PROBE,UNRESOLVED,3,2.33,2.48,4.05,2.29,-3.8,-6.89
JINDALSTEL,2025-11-11,1078.27,75.0,45.0,1.37,47.5,1.33,1.12,1095.74,1056.31,1.6,0.71,0.42,0.88,-1.2,FTF_COILING,UNRESOLVED,3,-0.03,0.7,-1.29,-5.33,-7.17,-6.82
JINDALSTEL,2025-11-14,1074.28,75.0,30.0,1.12,45.0,0.8,0.82,1095.74,1056.31,2.0,0.27,0.89,0.82,-1.2,FTF_COILING,UNRESOLVED,3,0.35,-0.92,-3.49,-2.95,-4.34,-3.87
JINDALSTEL,2025-11-19,1069.09,75.0,55.0,1.0,47.5,0.77,0.86,1095.74,1056.31,2.4,0.7,0.6,0.81,-1.2,FTF_COILING,FAILED_BREAKOUT,3,-0.15,-3.03,-2.67,-4.96,-6.49,-1.94
JINDALSTEL,2026-01-01,1066.49,75.0,70.0,1.24,57.5,1.28,1.42,1063.1,1040.54,-0.3,0.93,1.03,1.03,2.5,FTF_COILING,CONFIRMED_BREAKOUT,1,1.11,1.24,-5.13,-2.59,5.95,4.79
JINDALSTEL,2026-01-06,1077.87,75.0,45.0,1.37,57.5,1.08,1.48,1063.1,1044.73,-1.4,0.41,0.81,1.03,2.5,RESISTANCE_PROBE,CONFIRMED_BREAKOUT,1,-0.47,-6.13,-6.39,-3.7,8.1,8.62
JINDALSTEL,2026-01-14,1038.84,75.0,70.0,1.23,55.0,1.44,1.03,1076.07,1008.19,3.5,0.87,1.12,0.76,0.0,FTF_COILING,UNRESOLVED,3,0.0,0.21,0.07,11.43,15.63,14.0
JINDALSTEL,2026-01-19,1053.71,75.0,80.0,1.29,59.0,0.92,0.85,1076.07,1008.19,2.1,0.75,0.96,0.74,0.0,FTF_COILING,UNRESOLVED,3,-1.5,-1.35,2.38,8.91,14.72,12.55
JINDALSTEL,2026-01-22,1074.08,75.0,100.0,1.3,59.0,1.04,0.88,1076.07,1008.19,0.2,0.91,1.27,0.83,0.0,FTF_COILING,CONFIRMED_BREAKOUT,1,-1.15,0.44,5.2,10.59,13.11,14.43
JINDALSTEL,2026-02-02,1123.09,75.0,60.0,1.42,61.5,1.41,1.89,1162.62,1101.03,3.4,0.84,0.83,0.83,2.0,FTF_COILING,CONFIRMED_BREAKOUT,2,2.19,3.75,5.87,7.63,10.02,6.04
JINDALSTEL,2026-02-05,1175.89,75.0,60.0,1.66,64.1,1.25,1.64,1162.62,1080.76,-1.1,0.8,0.58,0.95,2.0,RESISTANCE_PROBE,CONFIRMED_BREAKOUT,1,1.01,1.11,2.16,2.81,0.2,-0.8
JINDALSTEL,2026-02-23,1214.43,75.0,60.0,1.86,66.7,0.76,0.73,1230.6,1197.86,1.3,0.42,0.38,1.0,1.4,RESISTANCE_PROBE,CONFIRMED_BREAKOUT,2,1.37,4.1,1.74,-2.42,-7.89,-11.52
JINDALSTEL,2026-02-26,1258.75,75.0,60.0,2.04,64.1,0.83,0.6,1269.83,1204.84,0.9,0.22,0.78,1.0,4.5,RESISTANCE_PROBE,FAILED_BREAKOUT,3,-1.33,-1.84,-6.39,-9.33,-11.73,-4.73
JINDALSTEL,2026-03-12,1222.81,75.0,90.0,1.36,61.5,1.19,0.79,1254.35,1129.98,2.5,0.9,1.55,1.27,-5.8,RESISTANCE_PROBE,UNRESOLVED,3,-6.67,-7.51,-7.09,-7.64,-0.3,5.53
JINDALSTEL,2026-04-15,1219.12,75.0,35.0,0.95,52.5,0.87,1.05,1269.83,1183.38,4.0,0.27,0.74,1.0,3.0,RESISTANCE_PROBE,CONFIRMED_BREAKOUT,3,0.57,3.99,4.69,0.56,1.77,-3.48
JINDALSTEL,2026-04-20,1285.4,75.0,90.0,1.24,55.0,1.01,1.13,1295.18,1205.74,0.8,0.79,1.08,1.0,6.6,RESISTANCE_PROBE,UNRESOLVED,3,0.09,-0.71,-0.74,-2.04,-4.34,-1.81
JINDALSTEL,2026-04-23,1252.26,75.0,45.0,1.06,52.5,0.98,1.25,1303.87,1247.77,4.0,0.1,0.49,1.0,0.4,RESISTANCE_PROBE,UNRESOLVED,3,0.12,1.89,-2.5,0.29,-4.6,-5.43
JINDALSTEL,2026-04-28,1263.24,75.0,45.0,1.07,52.5,0.79,0.83,1303.87,1235.09,3.1,0.11,0.52,1.0,2.3,RESISTANCE_PROBE,UNRESOLVED,3,-2.96,-3.35,-0.34,-4.05,-3.37,-0.02
JINDALSTEL,2026-05-04,1259.15,75.0,85.0,1.07,53.8,0.85,0.54,1303.87,1198.95,3.4,0.61,2.54,1.0,5.0,RESISTANCE_PROBE,UNRESOLVED,3,-0.02,0.23,-2.33,-2.35,-4.09,-3.85
JINDALSTEL,2026-05-07,1255.95,75.0,45.0,1.01,53.8,0.84,1.23,1281.31,1247.77,2.0,0.13,0.67,0.67,0.7,FTF_COILING,FAILED_BREAKOUT,3,-0.78,-2.08,-0.43,-4.88,-4.85,-1.41
JINDALSTEL,2026-05-13,1240.68,75.0,50.0,0.94,51.3,0.89,0.78,1281.31,1208.94,3.2,0.64,0.73,0.67,-2.9,RESISTANCE_PROBE,UNRESOLVED,3,0.8,-0.88,-1.59,-1.79,-9.8,-8.99
JINDALSTEL,2026-08-07,1101.03,75.0,60.0,0.89,53.8,0.86,0.84,1122.49,1095.74,1.9,0.8,0.33,0.33,0.5,FTF_COILING,UNRESOLVED,3,1.99,-0.73,-1.04,2.43,5.81,4.95
JINDALSTEL,2026-08-12,1110.01,75.0,65.0,0.92,56.4,0.99,0.72,1122.49,1095.74,1.1,1.0,0.4,0.63,-0.2,FTF_COILING,UNRESOLVED,3,-1.09,-1.84,0.27,5.89,3.29,2.91
JINDALSTEL,2026-08-17,1114.1,75.0,75.0,1.0,56.4,1.0,0.48,1122.49,1095.74,0.7,0.91,0.71,0.52,-0.6,FTF_COILING,CONFIRMED_BREAKOUT,3,-1.31,-0.1,3.13,7.07,0.57,0.32
JINDALSTEL,2026-08-20,1116.9,75.0,60.0,1.05,59.0,1.02,0.52,1122.49,1095.74,0.5,0.31,1.09,0.63,-0.6,FTF_COILING,CONFIRMED_BREAKOUT,2,0.98,2.87,4.75,2.52,1.03,-1.79
JINDALSTEL,2026-08-25,1154.1,75.0,70.0,1.15,62.5,0.96,0.78,1122.49,1106.42,-2.8,0.83,0.79,0.74,-0.6,RESISTANCE_PROBE,CONFIRMED_BREAKOUT,1,1.85,1.38,0.51,-1.54,-1.14,-2.93
JINDALSTEL,2026-08-28,1179.2,75.0,45.0,1.26,62.5,1.09,0.87,1196.4,1166.6,1.4,0.42,0.79,0.79,1.1,FTF_COILING,UNRESOLVED,3,1.16,-1.63,-1.2,-4.98,-1.22,0.47
JINDALSTEL,2026-09-02,1159.4,50.0,60.0,1.51,62.5,1.24,0.83,1196.4,1166.6,3.1,0.76,0.88,0.8,-0.6,FTF_COILING,UNRESOLVED,3,-1.24,0.48,-1.11,-4.86,-2.11,-1.13
JSWSTEEL,2025-01-27,911.64,50.0,65.0,0.63,52.5,1.24,0.75,945.01,917.4,3.5,0.7,2.42,2.42,-0.6,FTF_COILING,UNRESOLVED,3,-0.35,1.99,1.62,6.68,6.8,3.27
JSWSTEEL,2025-01-30,942.88,75.0,60.0,0.68,52.5,1.25,0.96,945.01,917.4,0.2,0.74,1.22,1.3,-1.0,FTF_COILING,UNRESOLVED,3,-0.62,-1.75,-0.1,0.58,2.54,4.4
JSWSTEEL,2025-02-03,926.12,50.0,30.0,0.63,45.0,1.21,0.69,945.01,917.4,2.0,0.85,0.68,1.2,-1.0,FTF_COILING,UNRESOLVED,3,1.1,1.71,2.7,4.24,4.3,2.71
JSWSTEEL,2025-02-06,940.45,75.0,45.0,0.63,45.0,1.01,0.62,945.01,917.4,0.5,0.44,1.76,1.04,-1.0,FTF_COILING,CONFIRMED_BREAKOUT,1,3.41,1.13,2.26,3.45,6.62,3.1
JSWSTEEL,2025-02-12,948.38,75.0,70.0,0.6,50.0,1.07,0.97,959.39,940.6,1.1,0.74,1.47,1.47,0.8,FTF_COILING,CONFIRMED_BREAKOUT,1,1.4,0.86,2.19,1.94,4.68,3.24
JSWSTEEL,2025-02-17,965.39,75.0,35.0,0.55,52.5,0.98,0.95,975.46,946.25,1.0,0.93,0.67,0.67,2.0,FTF_COILING,UNRESOLVED,3,0.54,0.39,-0.69,0.06,6.14,5.32
JSWSTEEL,2025-02-20,972.93,75.0,35.0,0.59,57.5,0.84,0.75,975.46,946.25,0.3,0.49,0.77,0.78,2.0,FTF_COILING,UNRESOLVED,3,0.08,-1.46,-3.1,3.06,8.17,10.7
JSWSTEEL,2025-02-25,950.71,75.0,35.0,0.63,55.0,0.79,0.72,975.46,946.25,2.5,0.08,0.6,0.84,1.3,FTF_COILING,UNRESOLVED,3,1.69,-0.84,4.58,5.39,10.53,8.58
JSWSTEEL,2025-03-03,967.87,50.0,60.0,1.05,55.0,1.14,1.02,975.46,946.25,0.8,0.81,0.93,0.9,-0.4,FTF_COILING,CONFIRMED_BREAKOUT,2,-0.2,2.73,3.84,3.04,8.18,5.31
JSWSTEEL,2025-03-06,1002.63,50.0,80.0,1.31,57.5,1.17,1.13,975.46,945.01,-2.8,0.73,1.11,0.91,-0.4,RESISTANCE_PROBE,CONFIRMED_BREAKOUT,1,0.0,0.24,-0.98,4.71,-7.99,-8.0
JSWSTEEL,2025-03-19,1024.69,50.0,80.0,1.4,56.4,0.97,0.65,1054.09,990.43,2.8,0.41,1.64,1.0,3.5,RESISTANCE_PROBE,UNRESOLVED,3,1.64,2.45,2.24,1.04,1.05,-1.62
JSWSTEEL,2025-03-24,1052.45,50.0,75.0,1.69,59.0,0.89,1.02,1038.22,1015.42,-1.4,0.31,1.3,1.47,2.6,RESISTANCE_PROBE,CONFIRMED_BREAKOUT,1,0.03,-0.46,-0.48,-10.06,-3.1,-3.14
JSWSTEEL,2025-03-27,1050.87,75.0,90.0,1.71,61.5,0.81,1.11,1063.02,1047.65,1.1,0.51,1.42,0.82,-0.0,FTF_COILING,UNRESOLVED,3,0.33,-0.33,-5.1,-4.88,-2.83,-2.47
JSWSTEEL,2025-04-02,1047.05,75.0,70.0,1.53,61.5,0.86,0.97,1060.04,1041.2,1.2,0.48,0.52,0.99,0.6,FTF_COILING,FAILED_BREAKOUT,2,-1.12,-4.75,-10.45,-2.07,-8.37,-3.8
JSWSTEEL,2025-04-21,1025.33,75.0,70.0,1.43,61.5,1.12,1.07,1060.04,978.83,3.3,0.77,0.63,1.16,-11.4,RESISTANCE_PROBE,UNRESOLVED,3,0.99,0.5,1.97,-6.43,-2.06,-3.04
JSWSTEEL,2025-04-25,1019.78,75.0,75.0,1.35,59.0,1.01,0.81,1065.89,1019.88,4.3,0.27,1.4,1.0,-0.0,RESISTANCE_PROBE,UNRESOLVED,3,2.53,0.7,-7.09,-2.26,0.38,0.24
JSWSTEEL,2025-04-30,1021.17,75.0,55.0,1.37,59.0,0.92,0.83,1048.04,1009.07,2.6,0.41,0.9,0.68,1.8,FTF_COILING,FAILED_BREAKOUT,1,-6.05,-7.21,-7.44,0.83,-2.29,4.0
JSWSTEEL,2025-05-15,1029.6,75.0,85.0,1.18,51.3,1.12,0.73,1048.04,961.57,1.8,0.95,2.72,0.89,-6.3,RESISTANCE_PROBE,UNRESOLVED,3,-1.59,-1.8,-3.15,-3.09,-4.11,-1.68
JSWSTEEL,2025-06-23,988.64,50.0,45.0,1.16,40.0,0.93,1.41,1015.42,985.27,2.6,0.62,0.56,0.56,0.3,FTF_COILING,CONFIRMED_BREAKOUT,3,1.0,2.75,2.36,4.57,4.07,0.49
JSWSTEEL,2025-06-27,1020.28,75.0,20.0,1.19,45.0,1.13,1.82,1015.42,985.27,-0.5,0.25,0.93,1.03,0.3,FTF_COILING,CONFIRMED_BREAKOUT,3,-0.82,0.07,1.21,1.08,0.07,-2.85
JSWSTEEL,2025-07-18,1028.49,75.0,70.0,1.51,50.0,0.92,0.64,1065.89,1014.67,3.5,0.28,1.13,1.0,1.4,RESISTANCE_PROBE,UNRESOLVED,3,0.04,-0.36,-0.73,-0.64,4.39,4.45
JSWSTEEL,2025-07-24,1027.9,75.0,55.0,1.58,51.3,1.13,0.95,1065.89,1012.48,3.6,0.12,1.04,1.0,1.5,RESISTANCE_PROBE,UNRESOLVED,3,-0.67,-0.48,1.4,3.0,2.01,1.9
JSWSTEEL,2025-07-29,1028.99,75.0,80.0,1.88,56.4,0.94,0.74,1065.89,1011.59,3.5,0.4,1.51,1.0,1.7,RESISTANCE_PROBE,UNRESOLVED,3,0.29,1.29,1.79,1.29,0.09,0.78
JSWSTEEL,2025-08-01,1021.93,75.0,45.0,1.7,56.4,1.39,1.07,1045.3,1017.95,2.2,0.14,1.07,1.7,1.4,FTF_COILING,UNRESOLVED,3,2.73,2.49,2.08,5.06,1.58,-0.82
JSWSTEEL,2025-08-06,1046.59,75.0,45.0,1.63,53.8,1.29,1.1,1045.3,1017.95,-0.1,0.43,1.13,1.32,0.4,FTF_COILING,CONFIRMED_BREAKOUT,1,1.16,-0.32,0.1,1.82,1.95,0.78
JSWSTEEL,2025-08-11,1046.69,75.0,55.0,1.88,56.4,0.97,1.04,1065.28,1035.75,1.7,0.34,0.87,0.87,1.1,FTF_COILING,UNRESOLVED,3,-0.43,0.09,1.97,-0.53,4.61,5.33
JSWSTEEL,2025-08-14,1039.53,75.0,55.0,1.79,56.4,0.84,0.92,1065.28,1035.75,2.4,0.34,0.52,0.75,0.6,FTF_COILING,CONFIRMED_BREAKOUT,1,3.28,2.67,0.87,-0.96,5.3,1.95
JSWSTEEL,2025-08-20,1076.42,75.0,80.0,1.84,56.4,0.98,0.96,1065.28,1032.97,-1.0,0.7,0.76,0.95,0.4,RESISTANCE_PROBE,UNRESOLVED,3,-1.0,-2.59,-4.32,-0.94,3.56,5.98
JSWSTEEL,2025-08-25,1051.76,75.0,70.0,1.82,53.8,0.8,1.19,1065.28,1035.75,1.3,0.62,0.85,0.97,0.4,FTF_COILING,UNRESOLVED,3,-1.01,-2.08,-1.3,4.41,7.62,10.89
JSWSTEEL,2025-09-01,1029.59,50.0,80.0,1.37,51.3,0.75,0.86,1065.28,1035.75,3.4,0.75,0.39,0.91,-1.4,FTF_COILING,CONFIRMED_BREAKOUT,2,0.82,3.54,6.36,6.32,8.37,4.66
JSWSTEEL,2025-09-04,1066.28,75.0,70.0,1.48,53.8,0.98,0.91,1082.98,1020.24,1.5,0.61,0.56,1.0,4.5,RESISTANCE_PROBE,CONFIRMED_BREAKOUT,2,0.07,2.7,2.48,4.54,8.33,5.47
JSWSTEEL,2025-09-09,1098.19,75.0,60.0,1.66,59.0,1.2,1.18,1105.95,1056.93,0.7,0.62,0.66,1.0,3.9,RESISTANCE_PROBE,UNRESOLVED,3,-0.3,-0.5,0.97,3.07,3.68,4.2
JSWSTEEL,2025-09-12,1092.72,75.0,55.0,1.49,57.9,1.02,0.93,1109.13,1088.95,1.5,0.4,0.68,1.0,0.3,RESISTANCE_PROBE,UNRESOLVED,3,0.17,1.47,2.17,2.89,5.68,4.54
JSWSTEEL,2025-09-17,1104.66,75.0,60.0,1.51,55.3,0.83,0.71,1116.19,1084.27,1.0,0.25,0.67,1.0,1.9,RESISTANCE_PROBE,UNRESOLVED,3,0.91,1.06,3.43,3.16,5.5,4.93
JSWSTEEL,2025-09-22,1110.62,75.0,60.0,1.65,56.4,0.9,0.7,1120.36,1098.69,0.9,0.36,0.6,1.0,1.1,RESISTANCE_PROBE,CONFIRMED_BREAKOUT,1,1.92,2.87,0.47,3.56,3.18,1.24
JSWSTEEL,2025-09-25,1141.94,75.0,70.0,1.79,56.4,1.1,0.91,1154.37,1126.53,1.1,0.49,1.16,1.16,1.4,FTF_COILING,UNRESOLVED,3,-1.54,-2.29,1.15,1.68,0.18,0.69
JSWSTEEL,2025-09-30,1136.17,75.0,70.0,1.38,53.8,1.29,1.38,1161.23,1121.46,2.2,0.68,1.69,1.68,-0.5,FTF_COILING,UNRESOLVED,3,0.3,1.66,0.22,1.58,5.89,4.32
JSWSTEEL,2025-10-06,1153.28,75.0,60.0,1.46,56.4,1.08,1.43,1169.09,1139.36,1.4,0.68,0.63,0.63,1.2,FTF_COILING,UNRESOLVED,3,-0.27,-1.27,0.13,-1.27,1.85,0.53
JSWSTEEL,2025-10-09,1168.49,75.0,90.0,1.34,53.8,1.11,0.81,1169.09,1139.36,0.1,0.89,1.3,0.72,-0.1,FTF_COILING,UNRESOLVED,3,-0.63,-1.17,-0.26,-2.88,0.35,2.74
JSWSTEEL,2025-10-14,1141.24,75.0,45.0,1.13,51.3,1.05,0.8,1169.09,1139.36,2.4,0.28,0.89,0.78,-0.1,FTF_COILING,UNRESOLVED,3,1.13,2.12,0.41,5.24,3.15,1.77
JSWSTEEL,2025-10-17,1156.66,75.0,85.0,1.17,51.3,0.93,0.68,1169.09,1139.36,1.1,0.48,1.36,0.76,-0.1,FTF_COILING,UNRESOLVED,3,-1.56,-0.93,-1.09,2.73,-0.03,2.18
JSWSTEEL,2025-10-23,1131.7,75.0,60.0,1.05,51.3,0.98,0.73,1169.09,1139.36,3.2,0.11,1.11,0.75,-0.1,FTF_COILING,CONFIRMED_BREAKOUT,3,0.28,1.09,6.31,2.94,0.18,-3.71
JSWSTEEL,2025-10-29,1201.0,75.0,70.0,1.29,59.0,1.21,0.99,1216.91,1125.04,1.3,0.58,2.4,1.0,6.8,RESISTANCE_PROBE,UNRESOLVED,3,0.17,-0.16,-3.24,-1.99,-3.92,-2.88
JSWSTEEL,2025-11-03,1188.18,75.0,55.0,1.33,53.8,1.2,1.44,1216.91,1178.73,2.4,0.18,1.0,0.86,1.7,FTF_COILING,UNRESOLVED,3,-1.14,-2.19,-0.29,-2.68,-2.76,-0.83
JSWSTEEL,2025-11-11,1184.7,75.0,75.0,1.56,53.8,1.11,0.74,1216.91,1178.73,2.6,0.63,1.11,0.77,-1.4,FTF_COILING,UNRESOLVED,3,-0.81,-0.64,-2.39,-6.67,-7.02,-5.14
JSWSTEEL,2026-01-06,1169.58,75.0,25.0,1.19,55.0,1.22,1.23,1216.91,1154.37,3.9,0.26,0.9,1.0,1.3,RESISTANCE_PROBE,UNRESOLVED,3,1.15,-1.73,0.15,-1.39,4.41,5.99
JSWSTEEL,2026-01-13,1171.37,75.0,35.0,1.07,55.0,1.2,0.81,1216.91,1139.85,3.7,0.37,0.98,1.0,2.8,RESISTANCE_PROBE,UNRESOLVED,3,0.31,0.31,-1.54,3.45,6.04,5.21
JSWSTEEL,2026-01-16,1180.52,75.0,75.0,1.23,56.4,1.03,0.81,1195.04,1163.62,1.2,0.4,1.2,0.0,1.0,FTF_COILING,UNRESOLVED,3,-0.27,-2.3,-1.46,1.0,5.13,6.27
JSWSTEEL,2026-01-21,1167.89,75.0,70.0,1.13,56.4,0.81,0.9,1188.97,1169.68,1.8,0.78,0.85,0.68,-1.4,FTF_COILING,CONFIRMED_BREAKOUT,3,0.83,-0.39,5.36,5.55,4.58,0.52
JSWSTEEL,2026-02-17,1237.49,75.0,75.0,1.1,56.4,0.68,0.65,1254.69,1218.2,1.4,0.77,0.69,1.0,1.6,RESISTANCE_PROBE,UNRESOLVED,3,0.53,-1.3,0.8,-2.54,-5.17,-4.49
JSWSTEEL,2026-02-20,1228.74,75.0,60.0,1.22,56.4,0.88,0.74,1256.78,1216.11,2.2,0.43,0.55,1.0,1.0,RESISTANCE_PROBE,CONFIRMED_BREAKOUT,3,0.38,1.51,2.34,-3.5,-10.21,-12.97
JSWSTEEL,2026-02-25,1267.72,75.0,85.0,1.45,59.0,1.1,0.69,1277.36,1215.62,0.8,0.65,1.51,1.0,4.3,RESISTANCE_PROBE,UNRESOLVED,3,0.44,-0.81,-2.11,-8.03,-11.35,-10.81
JSWSTEEL,2026-03-02,1260.06,75.0,100.0,1.53,56.4,1.02,0.93,1270.5,1253.3,0.8,0.83,1.29,1.29,0.5,FTF_COILING,FAILED_BREAKOUT,1,-4.28,-1.52,-4.18,-7.9,-9.94,-5.91
JSWSTEEL,2026-03-06,1226.65,75.0,35.0,1.42,53.8,1.39,0.99,1270.5,1193.15,3.5,0.23,0.91,1.34,-3.8,RESISTANCE_PROBE,UNRESOLVED,3,-3.33,-1.57,-9.27,-5.2,-3.19,1.31
JSWSTEEL,2026-04-20,1267.22,75.0,100.0,1.36,60.0,0.94,0.98,1277.36,1191.75,0.8,0.9,1.98,1.0,6.3,RESISTANCE_PROBE,UNRESOLVED,3,0.4,-0.87,0.64,-0.62,1.44,2.85
JSWSTEEL,2026-04-23,1249.82,75.0,55.0,1.29,60.0,0.94,1.55,1289.0,1225.96,3.0,0.32,0.74,1.0,1.9,RESISTANCE_PROBE,UNRESOLVED,3,-0.1,2.04,0.6,2.1,1.93,-0.02
JSWSTEEL,2026-04-28,1274.28,75.0,55.0,1.21,55.0,0.88,1.17,1299.34,1239.38,1.9,0.19,0.81,1.0,2.8,RESISTANCE_PROBE,UNRESOLVED,3,-0.15,-1.33,-2.28,-2.29,0.94,2.3
JSWSTEEL,2026-05-04,1259.37,75.0,55.0,1.23,51.3,0.8,0.83,1299.34,1243.26,3.1,0.24,0.72,1.0,1.3,RESISTANCE_PROBE,UNRESOLVED,3,-1.12,0.53,-0.32,2.07,2.59,1.25
JSWSTEEL,2026-05-07,1276.07,75.0,75.0,1.22,53.8,0.72,0.56,1299.34,1238.69,1.8,0.59,0.93,1.0,3.0,RESISTANCE_PROBE,UNRESOLVED,3,-0.44,-1.62,1.05,-0.16,1.38,3.9
JSWSTEEL,2026-05-13,1267.62,75.0,95.0,1.07,53.8,0.91,0.63,1299.34,1239.08,2.4,0.73,1.27,1.0,2.3,RESISTANCE_PROBE,UNRESOLVED,3,1.73,0.31,0.65,2.7,-0.4,-1.78
JSWSTEEL,2026-05-18,1285.42,75.0,70.0,1.17,53.8,1.28,1.18,1306.5,1266.92,1.6,0.79,1.55,1.55,1.5,FTF_COILING,UNRESOLVED,3,-0.59,-0.74,-0.26,0.51,0.29,1.19
JSWSTEEL,2026-05-21,1273.98,75.0,40.0,1.04,48.7,1.12,1.17,1306.5,1266.92,2.5,0.42,2.74,0.92,0.7,FTF_COILING,UNRESOLVED,3,0.33,0.63,2.19,1.55,0.98,0.02
JSWSTEEL,2026-05-26,1286.21,75.0,60.0,1.15,51.3,0.76,0.87,1285.62,1265.53,-0.0,0.6,0.95,0.41,1.0,FTF_COILING,CONFIRMED_BREAKOUT,1,1.21,1.21,1.33,-2.47,-3.97,-5.12
JSWSTEEL,2026-06-01,1291.98,75.0,70.0,1.08,52.6,0.98,0.76,1304.71,1263.05,1.0,0.79,0.74,0.74,2.3,FTF_COILING,UNRESOLVED,3,0.88,1.04,-2.98,-0.22,-5.16,-5.28
JSWSTEEL,2026-06-04,1293.67,75.0,40.0,1.15,52.6,1.11,0.71,1304.71,1263.05,0.8,0.35,0.53,0.68,2.3,FTF_COILING,UNRESOLVED,3,-1.31,-3.11,-1.44,-0.55,-5.94,-3.0
JSWSTEEL,2026-06-10,1262.55,75.0,70.0,1.24,50.0,1.13,0.58,1304.71,1263.05,3.2,0.44,1.62,0.66,-0.8,FTF_COILING,UNRESOLVED,3,0.98,2.19,1.37,-3.04,-3.41,-5.4
JSWSTEEL,2026-06-15,1289.1,75.0,45.0,1.28,50.0,1.12,0.88,1304.71,1263.05,1.2,0.09,0.74,0.8,-0.8,FTF_COILING,UNRESOLVED,3,-1.71,-0.72,-1.09,-4.94,-4.01,-3.82
JSWSTEEL,2026-06-18,1286.51,75.0,75.0,1.09,52.6,0.95,0.73,1304.71,1263.05,1.4,0.76,0.5,0.78,-0.8,FTF_COILING,FAILED_BREAKOUT,3,-0.48,-0.89,-4.86,-5.42,-5.09,-1.14
JSWSTEEL,2026-07-21,1267.4,75.0,100.0,1.2,55.3,1.04,1.06,1266.6,1247.2,-0.1,0.79,1.26,1.26,1.6,FTF_COILING,CONFIRMED_BREAKOUT,1,-0.04,-1.63,-1.62,2.57,0.02,0.06
JSWSTEEL,2026-07-24,1240.8,50.0,60.0,0.93,51.3,1.0,1.75,1274.7,1238.5,2.7,0.75,0.63,0.63,0.2,FTF_COILING,UNRESOLVED,3,0.31,0.49,2.35,4.73,4.26,1.34
JSWSTEEL,2026-07-29,1276.6,75.0,80.0,1.27,51.3,1.02,1.31,1274.7,1238.5,-0.1,0.93,0.9,0.73,0.2,FTF_COILING,CONFIRMED_BREAKOUT,1,-0.45,-0.52,4.18,-0.59,5.04,5.52
JSWSTEEL,2026-08-04,1300.0,75.0,60.0,1.15,53.8,1.16,1.03,1274.7,1261.5,-2.0,1.0,0.87,0.85,0.2,RESISTANCE_PROBE,CONFIRMED_BREAKOUT,1,2.31,0.61,-1.28,-2.49,1.04,-1.24
JSWSTEEL,2026-08-20,1299.7,75.0,75.0,1.15,56.4,1.06,0.75,1335.0,1250.4,2.6,0.63,2.28,1.0,3.9,RESISTANCE_PROBE,UNRESOLVED,3,-0.46,2.1,2.91,0.64,-3.56,-5.07
JSWSTEEL,2026-08-25,1320.3,75.0,60.0,1.19,55.0,0.92,1.34,1310.6,1281.5,-0.7,0.63,0.74,1.74,1.0,FTF_COILING,CONFIRMED_BREAKOUT,1,1.57,1.3,-0.52,-1.74,-4.04,-5.52
JSWSTEEL,2026-08-28,1334.9,75.0,60.0,1.16,52.5,0.99,1.37,1351.0,1330.0,1.2,0.61,0.8,0.8,0.4,FTF_COILING,UNRESOLVED,3,-2.04,-1.6,-0.74,-5.24,-4.34,-2.22
JSWSTEEL,2026-09-02,1306.0,75.0,70.0,1.28,50.0,0.93,1.1,1351.0,1330.0,3.3,0.63,0.93,0.87,-1.7,FTF_COILING,FAILED_BREAKOUT,3,0.15,1.45,0.31,-4.37,-4.03,-3.73
KALYANKJIL,2024-12-31,760.91,50.0,75.0,0.78,50.0,1.05,0.54,778.98,710.02,2.3,0.84,1.12,1.0,7.2,RESISTANCE_PROBE,UNRESOLVED,3,1.25,2.83,-5.65,-22.17,-42.83,-43.68
KALYANKJIL,2025-01-03,772.38,50.0,50.0,0.81,52.5,1.27,0.8,789.86,720.94,2.2,0.57,1.49,1.0,7.1,RESISTANCE_PROBE,FAILED_BREAKOUT,3,-4.27,-7.05,-19.42,-35.52,-35.32,-28.78
KALYANKJIL,2025-04-04,483.75,50.0,30.0,1.4,38.5,1.19,0.81,513.3,449.45,5.8,0.22,0.74,0.74,-2.2,RESISTANCE_PROBE,UNRESOLVED,3,-0.17,1.06,5.54,10.44,5.18,3.71
KALYANKJIL,2025-04-11,507.19,50.0,60.0,1.46,43.6,1.17,0.61,513.3,439.96,1.2,0.71,0.94,0.67,-2.3,RESISTANCE_PROBE,CONFIRMED_BREAKOUT,2,0.67,2.86,2.79,1.46,7.97,4.97
KALYANKJIL,2025-04-17,520.99,50.0,50.0,1.15,46.2,0.73,0.5,513.3,491.6,-1.5,0.49,0.6,0.7,-2.3,RESISTANCE_PROBE,CONFIRMED_BREAKOUT,1,0.86,0.07,-4.46,1.17,6.61,5.71
KALYANKJIL,2025-06-10,543.29,50.0,60.0,1.25,50.0,1.06,0.52,562.1,546.17,3.3,0.41,1.01,1.01,-0.5,FTF_COILING,FAILED_BREAKOUT,1,-2.18,-5.22,-5.95,-4.81,4.87,7.2
KALYANKJIL,2025-06-26,549.49,50.0,80.0,1.23,51.3,1.25,0.9,562.1,498.85,2.2,0.82,2.05,1.04,-7.1,RESISTANCE_PROBE,CONFIRMED_BREAKOUT,3,-1.55,0.45,5.33,6.23,10.78,7.48
KALYANKJIL,2025-07-10,583.7,50.0,80.0,1.46,51.3,1.03,1.1,588.37,567.47,0.8,0.82,0.84,0.84,2.9,FTF_COILING,UNRESOLVED,3,-0.96,-0.35,2.16,4.29,0.54,0.46
KALYANKJIL,2025-07-15,584.15,50.0,55.0,1.4,53.8,0.75,1.03,588.37,567.47,0.7,0.31,0.62,0.62,1.9,FTF_COILING,CONFIRMED_BREAKOUT,2,0.33,2.08,0.82,2.75,-11.14,-12.96
KALYANKJIL,2025-07-18,586.04,50.0,55.0,1.38,53.8,0.76,0.9,605.25,585.59,3.2,0.15,0.7,0.7,0.1,FTF_COILING,CONFIRMED_BREAKOUT,3,0.18,0.49,0.65,-1.24,-11.85,-14.97
KALYANKJIL,2025-07-23,607.54,50.0,90.0,1.51,56.4,1.06,0.98,605.25,585.59,-0.4,0.8,1.39,0.58,0.1,FTF_COILING,UNRESOLVED,3,0.2,-2.91,-0.84,-3.53,-16.48,-14.38
KALYANKJIL,2025-07-28,592.69,25.0,60.0,1.6,61.5,1.12,1.12,605.25,585.59,2.1,0.61,0.79,0.85,0.1,FTF_COILING,UNRESOLVED,3,1.26,1.64,-0.07,-9.94,-16.49,-16.19
KALYANKJIL,2025-07-31,590.56,25.0,55.0,1.57,62.5,1.03,0.98,605.25,585.59,2.4,0.32,0.99,0.82,0.1,FTF_COILING,UNRESOLVED,3,-1.99,0.29,-0.63,-10.29,-14.23,-14.99
KALYANKJIL,2025-08-05,595.82,25.0,90.0,1.57,65.0,0.99,0.8,605.25,585.59,1.6,0.76,1.01,0.81,-1.2,FTF_COILING,FAILED_BREAKOUT,3,-1.63,-1.51,-12.88,-14.9,-16.11,-4.68
KALYANKJIL,2025-09-18,512.91,25.0,45.0,1.24,56.4,1.11,0.79,532.73,500.36,3.7,0.22,0.63,0.63,1.8,RESISTANCE_PROBE,UNRESOLVED,3,-0.7,-1.89,-10.18,-4.44,-4.88,-1.03
KALYANKJIL,2025-11-06,510.77,50.0,60.0,1.24,50.0,1.0,0.71,526.35,512.91,3.0,0.18,0.76,0.76,-0.4,FTF_COILING,UNRESOLVED,3,-0.01,-0.48,-2.75,-1.71,-4.44,-3.79
KALYANKJIL,2025-11-11,507.33,50.0,55.0,1.11,47.5,1.23,0.95,524.01,503.89,3.2,0.76,1.37,1.37,0.7,FTF_COILING,FAILED_BREAKOUT,3,-0.13,-2.09,-3.68,-5.22,-7.08,-4.47
KALYANKJIL,2025-12-01,504.89,50.0,25.0,0.91,47.5,0.97,0.52,524.01,479.54,3.6,0.21,0.84,0.76,-4.6,RESISTANCE_PROBE,UNRESOLVED,3,-1.11,-3.34,-6.29,-5.3,-4.95,-1.68
KALYANKJIL,2026-01-08,509.72,50.0,20.0,0.85,45.0,1.54,1.88,532.83,486.66,4.3,0.17,2.02,2.02,1.8,RESISTANCE_PROBE,UNRESOLVED,3,-0.96,-2.03,-6.14,-27.01,-25.7,-23.25
KALYANKJIL,2026-04-09,444.29,50.0,80.0,1.62,50.0,1.4,1.2,435.62,393.39,-2.0,0.72,1.24,2.34,8.2,RESISTANCE_PROBE,CONFIRMED_BREAKOUT,1,0.68,-1.0,-4.32,-9.15,-4.83,-5.48
KALYANKJIL,2026-07-22,593.68,50.0,80.0,4.86,60.5,0.98,1.95,613.39,539.05,3.2,0.79,0.78,1.0,10.1,RESISTANCE_PROBE,UNRESOLVED,3,-1.76,-3.78,5.45,-4.46,-0.15,5.42
KALYANKJIL,2026-07-28,605.88,50.0,80.0,4.5,56.4,0.91,0.93,611.71,560.16,1.0,0.94,0.8,1.0,8.2,RESISTANCE_PROBE,CONFIRMED_BREAKOUT,1,3.33,4.31,-2.79,-1.01,0.7,-2.55
KALYANKJIL,2026-07-31,610.11,50.0,55.0,4.45,56.4,0.95,1.15,646.31,562.7,5.6,0.09,0.48,1.0,8.4,RESISTANCE_PROBE,UNRESOLVED,3,-0.75,-3.46,-1.03,-0.71,0.52,8.13
KALYANKJIL,2026-08-27,626.74,75.0,95.0,3.36,55.0,0.78,0.26,646.31,598.71,3.0,0.74,1.04,1.0,4.7,RESISTANCE_PROBE,FAILED_BREAKOUT,3,-2.15,-4.5,-6.99,-2.24,-8.48,0.51
KAYNES,2025-01-01,7597.55,75.0,80.0,3.69,67.5,1.12,0.76,7780.0,6950.0,2.3,0.46,1.53,0.79,1.6,FTF_COILING,UNRESOLVED,3,-1.5,-0.7,-8.25,-13.59,-34.78,-30.85
KAYNES,2025-04-17,5643.0,50.0,35.0,1.04,48.7,1.08,1.22,5844.0,5479.2,3.4,0.52,0.93,0.93,3.0,FTF_COILING,CONFIRMED_BREAKOUT,2,4.18,5.96,-1.22,2.69,8.18,2.09
KAYNES,2025-07-01,6140.5,50.0,45.0,0.96,47.5,1.03,1.26,6244.5,5896.5,1.7,0.76,0.63,0.63,4.1,FTF_COILING,CONFIRMED_BREAKOUT,1,2.38,0.57,-2.17,-2.7,-9.75,-11.84
KAYNES,2025-07-04,6156.5,50.0,10.0,1.13,45.0,1.22,1.42,6244.5,5896.5,1.4,0.23,0.39,0.98,4.1,FTF_COILING,UNRESOLVED,3,0.3,-2.43,-2.57,-4.93,3.49,4.06
KAYNES,2025-07-09,6123.0,50.0,50.0,1.12,42.5,0.97,0.8,6244.5,5896.5,1.9,0.32,1.23,0.71,1.9,FTF_COILING,UNRESOLVED,3,0.68,-2.04,-2.38,-6.13,-1.49,0.14
KAYNES,2025-07-14,6023.0,50.0,45.0,1.14,47.5,0.99,0.77,6244.5,5896.5,3.5,0.64,0.41,0.75,1.7,FTF_COILING,UNRESOLVED,3,-0.8,-0.76,-2.09,-8.4,-2.86,-1.72
KAYNES,2025-08-04,6297.0,75.0,45.0,2.08,52.5,1.7,2.73,6488.0,6172.0,2.9,0.27,1.18,1.18,2.0,FTF_COILING,FAILED_BREAKOUT,2,0.45,-4.22,-7.08,-0.4,7.1,11.81
KAYNES,2025-09-03,6744.0,75.0,80.0,2.42,50.0,1.21,1.21,6730.0,6508.0,-0.2,0.78,1.39,1.39,3.6,FTF_COILING,CONFIRMED_BREAKOUT,1,0.36,1.45,5.24,7.61,6.12,5.75
KAYNES,2025-09-09,7100.5,75.0,80.0,2.57,55.0,1.1,1.17,7198.0,6832.0,1.4,0.72,1.05,1.05,3.9,FTF_COILING,UNRESOLVED,3,-0.04,0.28,1.16,1.99,1.25,0.24
KAYNES,2025-09-12,7171.5,75.0,70.0,2.54,55.0,1.0,0.96,7198.0,6832.0,0.4,0.57,0.75,0.78,3.9,FTF_COILING,UNRESOLVED,3,-0.58,0.16,-0.28,2.36,-4.64,-5.77
KAYNES,2025-09-17,7257.5,75.0,85.0,2.73,57.5,0.71,0.61,7198.0,6832.0,-0.8,0.85,0.91,0.73,3.9,FTF_COILING,CONFIRMED_BREAKOUT,2,-0.41,-1.46,2.71,-1.38,-3.67,-2.24
KAYNES,2025-09-22,7083.5,75.0,55.0,2.11,57.5,1.03,0.92,7198.0,6832.0,1.6,0.08,0.67,0.89,3.9,FTF_COILING,CONFIRMED_BREAKOUT,2,2.24,5.23,-0.47,7.19,-3.06,-7.87
KAYNES,2025-10-06,7466.5,75.0,55.0,2.43,60.0,1.29,0.64,7822.0,6990.0,4.5,0.6,0.99,1.0,6.8,RESISTANCE_PROBE,UNRESOLVED,3,1.69,-3.72,-8.41,-8.09,-10.82,-6.25
KAYNES,2026-07-03,3333.8,25.0,60.0,0.67,47.4,1.06,0.51,3386.0,3110.0,1.5,0.84,2.56,0.81,-2.8,RESISTANCE_PROBE,UNRESOLVED,3,0.76,-0.64,0.07,1.56,14.12,18.5
KAYNES,2026-07-08,3210.7,25.0,10.0,0.69,47.4,1.1,0.82,3386.0,3174.9,5.2,0.13,0.85,1.05,-2.8,RESISTANCE_PROBE,CONFIRMED_BREAKOUT,1,6.8,3.91,3.94,1.3,21.41,13.67
KEI,2025-05-08,3258.24,50.0,50.0,1.16,56.4,1.31,0.73,3367.41,3196.12,3.2,0.14,1.24,1.24,1.9,FTF_COILING,CONFIRMED_BREAKOUT,3,-0.91,3.8,7.26,6.01,11.63,6.31
KEI,2025-05-13,3421.25,50.0,50.0,1.13,59.0,1.23,0.76,3367.41,3146.77,-1.6,0.71,0.62,0.73,1.0,RESISTANCE_PROBE,CONFIRMED_BREAKOUT,1,-0.79,2.15,1.05,3.16,10.77,11.65
KEI,2025-07-01,3806.29,75.0,55.0,1.38,50.0,0.88,0.92,3935.94,3780.52,3.3,0.24,0.44,0.66,-0.3,FTF_COILING,UNRESOLVED,3,-1.23,0.78,-1.04,2.14,2.92,3.71
KEI,2025-07-04,3777.33,75.0,55.0,1.37,50.0,0.9,0.79,3935.94,3715.6,4.0,0.32,0.87,0.79,-0.6,RESISTANCE_PROBE,UNRESOLVED,3,0.66,-0.28,-4.48,3.89,0.91,3.31
KEI,2025-07-15,3887.8,50.0,70.0,1.16,52.5,0.99,0.91,3935.94,3596.84,1.2,0.95,0.95,0.78,-4.6,RESISTANCE_PROBE,CONFIRMED_BREAKOUT,3,-0.03,1.05,2.52,0.76,-3.28,-4.18
KEI,2025-08-21,3948.62,75.0,55.0,1.05,50.0,1.13,0.73,4074.18,3899.58,3.1,0.51,0.67,0.67,1.3,FTF_COILING,UNRESOLVED,3,0.04,-0.27,-3.61,2.13,6.24,8.39
KEI,2025-09-02,3958.61,75.0,50.0,0.97,47.5,1.04,0.66,4074.18,3778.53,2.8,0.85,0.56,0.9,-2.4,RESISTANCE_PROBE,CONFIRMED_BREAKOUT,2,1.47,4.1,1.61,5.46,2.5,-1.54
KEI,2025-09-05,4032.92,75.0,35.0,1.09,50.0,1.09,0.9,4074.18,3891.39,1.0,0.17,0.58,1.03,-2.4,RESISTANCE_PROBE,UNRESOLVED,3,0.45,-0.26,2.18,4.02,2.33,1.22
KEI,2025-09-10,4077.07,75.0,80.0,1.03,50.0,0.98,0.77,4074.18,3999.36,-0.1,0.71,1.19,0.91,-2.4,RESISTANCE_PROBE,CONFIRMED_BREAKOUT,1,0.05,1.08,1.48,-0.06,4.14,4.08
KEI,2025-09-22,4126.51,75.0,45.0,1.27,52.5,1.12,0.9,4229.99,4130.51,2.4,0.15,0.85,0.85,-0.1,FTF_COILING,UNRESOLVED,3,1.43,-1.26,-1.87,1.7,0.3,-0.34
KEI,2025-09-25,4152.98,75.0,80.0,1.29,52.5,1.22,1.15,4229.99,4130.51,1.8,0.72,1.68,1.38,-1.4,FTF_COILING,FAILED_BREAKOUT,1,-2.61,-2.49,-2.9,2.89,-1.76,0.88
KEI,2025-10-06,4126.81,75.0,90.0,1.61,60.0,1.01,1.2,4229.99,3969.0,2.4,0.78,1.11,1.3,-2.5,RESISTANCE_PROBE,CONFIRMED_BREAKOUT,3,1.69,2.98,4.35,0.33,-3.43,-6.13
KEI,2025-10-09,4245.77,75.0,70.0,1.66,62.5,0.99,1.09,4229.99,4045.21,-0.4,0.45,0.63,1.18,-2.5,RESISTANCE_PROBE,CONFIRMED_BREAKOUT,1,0.64,1.43,-1.84,-2.94,-5.14,-5.75
KEI,2025-11-24,4102.94,50.0,75.0,1.13,60.0,1.06,0.58,4176.56,4043.21,1.8,0.55,1.57,1.57,1.5,FTF_COILING,UNRESOLVED,3,-0.88,0.62,-0.02,-0.31,8.13,7.4
KEI,2025-11-27,4130.81,75.0,65.0,1.07,60.0,1.14,0.72,4123.52,4040.22,-0.2,0.75,0.65,1.16,2.2,FTF_COILING,CONFIRMED_BREAKOUT,1,0.24,-0.69,1.19,-1.9,5.6,5.35
KEI,2025-12-02,4179.35,75.0,75.0,1.03,60.0,1.16,0.58,4123.52,4086.86,-1.4,0.91,1.01,0.93,1.5,RESISTANCE_PROBE,CONFIRMED_BREAKOUT,1,-0.54,0.02,-2.66,-0.67,6.59,7.18
KEI,2025-12-05,4158.58,75.0,45.0,0.99,55.0,1.13,0.61,4123.52,4040.22,-0.9,0.59,0.89,0.99,1.5,FTF_COILING,FAILED_BREAKOUT,3,-1.64,-2.17,-2.32,2.9,8.78,14.72
KEI,2025-12-10,3943.23,50.0,20.0,0.83,50.0,1.26,0.74,4157.78,3982.28,5.2,0.11,0.78,1.12,0.6,RESISTANCE_PROBE,CONFIRMED_BREAKOUT,3,2.77,3.02,4.02,11.67,11.56,5.67
KEI,2025-12-16,4151.38,75.0,30.0,0.85,52.5,1.22,0.97,4157.78,4044.51,0.2,0.65,0.77,1.37,-2.5,FTF_COILING,CONFIRMED_BREAKOUT,3,-1.2,-1.67,6.09,7.31,5.49,2.34
KEI,2025-12-31,4454.93,75.0,100.0,1.25,52.5,0.82,0.91,4563.0,4336.96,2.4,0.92,1.25,1.0,2.7,RESISTANCE_PROBE,UNRESOLVED,3,1.22,1.56,1.75,-1.69,-10.09,-11.46
KEI,2026-01-05,4523.54,75.0,70.0,1.33,52.5,0.83,1.09,4577.18,4350.85,1.2,0.58,0.53,1.0,4.0,RESISTANCE_PROBE,UNRESOLVED,3,-0.06,0.21,-3.55,-4.65,-3.46,-0.73
KEI,2026-01-08,4399.19,75.0,45.0,1.37,47.5,0.97,0.71,4581.87,4480.69,4.0,0.08,0.74,1.0,-1.8,RESISTANCE_PROBE,FAILED_BREAKOUT,1,-1.72,-0.82,-0.45,-12.62,1.44,3.21
KEI,2026-02-03,4367.0,75.0,20.0,0.91,43.6,1.31,1.34,4581.87,3878.2,4.7,0.31,2.71,1.0,12.6,RESISTANCE_PROBE,UNRESOLVED,3,1.29,1.74,5.12,4.6,14.01,11.57
KEI,2026-02-06,4462.6,75.0,50.0,1.01,51.3,1.33,1.75,4560.0,4282.1,2.1,0.71,0.54,0.76,3.3,FTF_COILING,CONFIRMED_BREAKOUT,2,3.06,2.87,2.33,6.57,7.33,4.33
KEI,2026-02-11,4605.9,75.0,30.0,1.02,48.7,0.67,0.84,4560.0,4408.0,-1.0,0.34,0.47,0.6,3.3,RESISTANCE_PROBE,CONFIRMED_BREAKOUT,1,-0.32,-0.85,0.02,7.34,-5.99,-5.69
KEI,2026-02-16,4483.6,75.0,25.0,0.97,48.7,0.6,0.65,4560.0,4282.1,1.7,0.21,0.3,0.55,3.3,FTF_COILING,CONFIRMED_BREAKOUT,2,1.88,2.75,6.29,16.11,-5.96,-8.47
KEI,2026-02-19,4568.6,75.0,35.0,1.12,48.7,0.77,0.7,4560.0,4282.1,-0.2,0.19,0.29,0.55,3.3,FTF_COILING,CONFIRMED_BREAKOUT,1,4.1,4.31,9.64,7.71,-8.33,-11.94
KEI,2026-02-25,4944.0,75.0,80.0,1.26,56.4,1.14,1.06,4974.5,4505.0,0.6,0.83,1.19,1.0,9.7,RESISTANCE_PROBE,CONFIRMED_BREAKOUT,1,1.32,2.76,-0.48,-12.42,-16.59,-17.67
KEI,2026-03-02,5206.0,75.0,80.0,1.68,56.4,1.24,1.17,5303.0,4796.5,1.8,0.75,4.42,1.0,8.5,RESISTANCE_PROBE,UNRESOLVED,3,-4.36,-5.48,-12.85,-19.01,-22.24,-17.74
KEI,2026-05-06,5148.6,75.0,70.0,1.09,53.8,1.17,1.48,5303.0,4720.1,2.9,0.57,1.24,1.0,9.1,RESISTANCE_PROBE,UNRESOLVED,3,-0.75,-0.95,-4.45,-0.56,1.43,1.99
KEI,2026-05-11,5120.0,75.0,30.0,0.91,53.8,1.33,1.81,5245.0,4956.6,2.4,0.49,0.9,0.75,2.9,FTF_COILING,UNRESOLVED,3,-2.4,-3.92,-0.62,3.15,0.55,0.06
KEI,2026-05-14,5144.7,75.0,35.0,0.8,53.8,1.04,1.08,5245.0,4956.6,1.9,0.89,0.77,0.83,-0.7,FTF_COILING,UNRESOLVED,3,-0.53,-1.1,1.79,5.86,0.72,1.95
KEI,2026-05-19,5082.4,75.0,20.0,0.69,46.2,1.05,0.81,5245.0,4956.6,3.1,0.36,0.66,0.79,-0.7,FTF_COILING,CONFIRMED_BREAKOUT,3,0.74,3.04,4.39,3.52,5.98,2.4
KEI,2026-05-22,5260.5,75.0,35.0,0.84,53.8,0.74,0.78,5245.0,4956.6,-0.3,0.3,0.8,0.78,-0.7,FTF_COILING,CONFIRMED_BREAKOUT,1,0.4,0.86,0.13,1.43,7.04,6.62
KEI,2026-05-27,5446.2,75.0,60.0,0.97,56.4,0.63,0.76,5245.0,5232.6,-3.8,0.94,0.65,0.74,-0.7,RESISTANCE_PROBE,CONFIRMED_BREAKOUT,1,0.0,-3.28,-4.12,-5.14,-0.5,-0.5
KEI,2026-06-01,5174.0,75.0,40.0,0.85,55.3,0.74,0.53,5476.3,5230.0,5.5,0.09,0.35,1.0,-1.1,RESISTANCE_PROBE,UNRESOLVED,3,1.69,0.93,-0.5,5.54,5.37,2.95
KEI,2026-06-04,5296.0,75.0,35.0,0.94,52.6,1.25,0.46,5476.3,5067.5,3.3,0.58,0.64,1.0,4.5,RESISTANCE_PROBE,UNRESOLVED,3,0.75,-2.79,-2.16,6.32,-0.37,-0.09
KEI,2026-06-12,5369.5,75.0,55.0,1.02,52.6,1.21,0.53,5476.3,5118.0,2.0,0.92,0.87,1.0,4.9,RESISTANCE_PROBE,CONFIRMED_BREAKOUT,3,1.69,0.32,4.87,-1.89,-4.1,-8.75
KEI,2026-06-17,5643.5,75.0,75.0,0.93,52.6,1.15,0.56,5673.0,5211.5,0.5,0.89,1.75,1.0,8.3,RESISTANCE_PROBE,UNRESOLVED,3,-0.23,-0.22,-3.98,-7.02,-9.76,-10.03
KEI,2026-06-22,5660.5,75.0,60.0,1.01,55.3,1.02,0.79,5686.0,5410.5,0.4,0.69,0.91,1.0,4.6,RESISTANCE_PROBE,FAILED_BREAKOUT,3,-1.49,-4.27,-3.68,-7.23,-12.93,-6.44
KEI,2026-06-29,5452.0,75.0,60.0,0.94,52.6,1.18,0.76,5708.0,5230.0,4.5,0.67,5.04,1.11,-5.0,RESISTANCE_PROBE,UNRESOLVED,3,-0.45,-3.75,-3.69,-6.24,-10.62,-7.65
KEI,2026-08-05,5577.0,75.0,65.0,1.46,46.2,1.53,2.63,5708.0,4797.5,2.3,0.86,2.13,1.0,16.2,RESISTANCE_PROBE,UNRESOLVED,3,0.32,0.41,3.17,1.87,-7.3,-8.65
KEI,2026-08-10,5659.8,75.0,45.0,1.67,46.2,1.34,2.91,5708.0,5441.8,0.8,0.88,0.74,1.0,4.0,RESISTANCE_PROBE,CONFIRMED_BREAKOUT,3,-0.26,1.66,3.77,-2.93,-16.89,-18.74
KEI,2026-08-13,5789.0,75.0,55.0,1.7,48.7,0.86,0.93,5837.0,5566.2,0.8,0.65,0.83,1.0,4.0,RESISTANCE_PROBE,UNRESOLVED,3,-1.54,1.45,-1.97,-4.37,-19.85,-19.86
KEI,2026-08-18,5790.0,75.0,30.0,1.69,46.2,1.07,0.89,5899.0,5672.2,1.8,0.38,0.61,1.0,2.1,RESISTANCE_PROBE,FAILED_BREAKOUT,3,-1.88,-1.99,-3.49,-7.63,-22.28,-18.59
KPITTECH,2025-02-04,1397.84,25.0,40.0,1.47,47.5,0.98,2.5,1453.55,1357.44,3.8,0.05,0.85,0.56,-0.1,RESISTANCE_PROBE,UNRESOLVED,3,0.81,1.04,-2.78,-6.36,-9.72,-11.47
KPITTECH,2025-02-07,1425.41,50.0,85.0,1.81,52.5,0.69,0.67,1453.55,1386.38,1.9,0.8,0.31,0.59,-0.1,FTF_COILING,FAILED_BREAKOUT,3,-0.68,-4.66,-7.26,-9.51,-13.39,-7.33
KPITTECH,2025-06-11,1360.63,50.0,95.0,1.24,52.5,1.03,0.62,1369.49,1333.45,0.6,0.61,1.38,1.38,2.0,FTF_COILING,CONFIRMED_BREAKOUT,3,-1.5,-2.13,2.88,-6.27,-8.86,-10.4
KPITTECH,2025-06-17,1378.94,50.0,55.0,1.44,50.0,1.36,0.95,1374.41,1338.67,-0.3,0.34,1.85,1.64,-0.5,FTF_COILING,CONFIRMED_BREAKOUT,1,1.51,-0.54,-6.75,-10.95,-7.76,-9.14
KPITTECH,2025-06-20,1372.93,50.0,70.0,1.63,52.5,1.5,1.36,1403.06,1366.24,2.1,0.55,1.51,2.05,0.4,FTF_COILING,FAILED_BREAKOUT,2,-0.3,-6.34,-9.14,-9.37,-8.66,-2.47
KPITTECH,2025-09-03,1203.47,25.0,35.0,0.61,37.5,1.11,0.86,1216.43,1191.7,1.1,0.79,0.82,0.82,1.0,FTF_COILING,CONFIRMED_BREAKOUT,2,0.7,1.36,5.93,6.62,-5.2,-6.47
KPITTECH,2025-09-08,1217.82,25.0,35.0,0.82,40.0,0.79,0.86,1216.43,1191.7,-0.1,0.64,0.56,0.89,1.0,FTF_COILING,CONFIRMED_BREAKOUT,1,0.77,4.68,1.7,2.56,-4.91,-5.64
KPITTECH,2025-09-19,1271.54,50.0,30.0,1.1,42.5,1.01,1.19,1313.89,1280.25,3.2,0.15,0.76,0.76,-0.7,FTF_COILING,FAILED_BREAKOUT,1,-1.77,-2.76,-5.63,-10.0,-10.78,-9.17
KPITTECH,2026-01-16,1174.58,50.0,65.0,1.44,48.7,0.82,0.54,1229.49,1149.06,4.5,0.17,1.23,0.58,0.2,RESISTANCE_PROBE,FAILED_BREAKOUT,2,-2.03,-4.71,-6.12,-15.89,-25.68,-22.01
KPITTECH,2026-05-05,766.03,50.0,35.0,0.9,51.3,0.89,0.82,770.64,750.22,0.6,0.41,0.76,0.76,2.1,FTF_COILING,CONFIRMED_BREAKOUT,1,-3.09,-6.45,-7.83,-3.73,4.76,8.1
KPITTECH,2026-05-26,778.13,50.0,70.0,1.08,59.0,0.87,1.02,788.64,736.28,1.3,0.71,0.78,1.03,-2.6,RESISTANCE_PROBE,UNRESOLVED,3,-1.64,-1.64,3.13,-3.64,-5.55,-3.99
LALPATHLAB,2025-06-12,1468.52,75.0,65.0,1.89,57.5,1.2,0.77,1491.25,1454.88,1.5,0.31,1.35,1.35,0.9,FTF_COILING,UNRESOLVED,3,-0.61,-0.83,-3.09,-7.48,-1.42,0.04
LALPATHLAB,2025-06-17,1447.07,75.0,60.0,1.62,52.5,1.06,1.05,1497.23,1455.57,3.4,0.52,0.52,0.93,0.1,FTF_COILING,FAILED_BREAKOUT,2,-0.57,-1.66,-6.52,-5.27,1.57,3.29
LALPATHLAB,2025-08-20,1708.59,75.0,80.0,1.45,62.5,1.16,0.77,1736.07,1664.33,1.6,0.57,1.34,1.34,2.7,FTF_COILING,UNRESOLVED,3,-1.96,-2.2,-3.7,-3.81,-4.8,-2.22
LALPATHLAB,2025-09-19,1719.78,75.0,100.0,1.26,50.0,1.03,0.77,1794.6,1602.19,4.2,0.75,2.75,1.0,7.3,RESISTANCE_PROBE,UNRESOLVED,3,-2.45,-4.12,-8.03,-8.46,-9.39,-4.75
LALPATHLAB,2025-10-28,1530.75,50.0,20.0,0.67,35.0,0.96,0.85,1582.14,1515.15,3.2,0.13,0.95,0.95,1.0,FTF_COILING,UNRESOLVED,3,-0.07,-0.07,2.01,-0.13,0.43,-0.97
LALPATHLAB,2025-10-31,1552.43,50.0,45.0,0.74,35.0,1.06,0.98,1582.14,1515.15,1.9,0.5,3.93,0.77,1.0,FTF_COILING,CONFIRMED_BREAKOUT,1,3.81,0.58,-1.25,0.95,-2.44,-6.02
LALPATHLAB,2026-01-05,1490.78,75.0,25.0,0.91,45.0,1.23,1.45,1497.63,1449.6,0.5,0.84,0.85,0.85,2.8,FTF_COILING,UNRESOLVED,3,-1.52,-1.88,-8.06,-7.9,-6.41,-3.28
LALPATHLAB,2026-04-21,1429.73,75.0,100.0,1.3,52.5,1.0,1.07,1464.06,1376.4,2.3,0.7,2.61,0.83,1.4,FTF_COILING,UNRESOLVED,3,1.54,-0.42,-1.76,6.94,18.56,20.92
LALPATHLAB,2026-05-19,1695.08,50.0,85.0,2.95,56.4,0.91,0.73,1752.71,1563.25,3.3,0.77,0.65,1.0,8.4,RESISTANCE_PROBE,UNRESOLVED,3,-2.06,-1.34,-5.85,-8.38,-3.62,0.73
LALPATHLAB,2026-06-16,1633.69,75.0,35.0,4.31,50.0,1.41,0.33,1793.88,1547.13,8.9,0.12,13.57,1.0,5.6,RESISTANCE_PROBE,UNRESOLVED,3,0.6,1.27,1.68,0.5,6.51,6.91
LALPATHLAB,2026-07-15,1718.72,75.0,60.0,2.66,50.0,1.03,0.51,1793.88,1668.06,4.2,0.08,0.95,1.0,3.0,RESISTANCE_PROBE,UNRESOLVED,3,0.55,-2.08,-1.41,9.24,13.65,15.66
LALPATHLAB,2026-07-24,1754.53,75.0,95.0,2.52,53.8,1.06,0.38,1793.88,1664.67,2.2,0.77,3.92,1.0,5.4,RESISTANCE_PROBE,CONFIRMED_BREAKOUT,1,3.87,2.61,8.59,10.09,7.96,3.94
LALPATHLAB,2026-07-29,1877.5,75.0,80.0,2.83,56.4,1.54,1.65,1889.87,1788.24,0.7,0.88,2.13,0.85,0.7,FTF_COILING,CONFIRMED_BREAKOUT,1,0.07,1.48,0.51,4.04,3.19,3.11
LALPATHLAB,2026-08-03,1900.4,75.0,75.0,3.03,59.0,1.03,1.67,1889.87,1788.24,-0.6,0.32,1.45,1.23,0.7,FTF_COILING,CONFIRMED_BREAKOUT,1,-0.58,-0.7,2.82,-1.22,1.8,2.39
LALPATHLAB,2026-08-06,1928.0,75.0,70.0,2.89,56.4,1.07,0.91,1941.7,1880.6,0.7,0.7,0.84,0.83,0.3,FTF_COILING,CONFIRMED_BREAKOUT,2,0.19,1.35,2.1,-2.0,-0.15,-1.47
LALPATHLAB,2026-08-11,1949.9,75.0,85.0,2.98,53.8,0.79,0.62,1941.7,1880.6,-0.4,0.86,0.4,0.68,0.3,FTF_COILING,CONFIRMED_BREAKOUT,1,0.17,0.95,-2.49,-1.86,-1.92,-2.09
LALPATHLAB,2026-08-14,1916.3,75.0,60.0,3.09,53.8,0.76,0.43,1941.7,1880.6,1.3,0.14,0.46,0.61,0.3,FTF_COILING,UNRESOLVED,3,-2.04,-0.78,-1.15,0.77,-0.38,1.16
LALPATHLAB,2026-08-19,1887.2,75.0,60.0,3.0,53.8,0.74,0.41,1941.7,1880.6,2.8,0.37,0.31,0.55,-0.2,FTF_COILING,UNRESOLVED,3,0.12,0.37,2.65,1.53,0.45,0.63
LALPATHLAB,2026-08-24,1883.8,75.0,60.0,1.68,55.0,0.67,0.33,1941.7,1880.6,3.0,0.22,0.43,0.51,-0.2,FTF_COILING,UNRESOLVED,3,1.59,2.84,2.7,0.96,1.94,-0.83
LALPATHLAB,2026-08-27,1936.4,75.0,75.0,1.63,57.5,0.92,0.49,1988.9,1875.1,2.6,0.69,0.34,1.0,3.3,RESISTANCE_PROBE,UNRESOLVED,3,-0.27,-0.09,-0.58,-1.02,1.29,2.99
LT,2025-03-26,3379.96,75.0,10.0,0.55,38.5,1.33,1.24,3458.65,3370.68,2.3,0.34,1.18,1.18,0.3,FTF_COILING,UNRESOLVED,3,1.65,1.38,-0.72,-9.55,-3.56,-3.33
LT,2025-04-01,3372.11,75.0,30.0,0.49,35.9,1.02,1.23,3458.65,3370.68,2.5,0.09,1.01,1.2,0.3,FTF_COILING,FAILED_BREAKOUT,3,-0.49,-0.48,-8.02,-5.51,-3.1,2.15
LT,2025-06-13,3552.7,50.0,95.0,1.27,57.5,1.19,0.66,3672.13,3550.32,3.3,0.92,1.2,1.2,0.1,FTF_COILING,UNRESOLVED,3,1.15,0.97,2.08,2.56,-1.3,-1.69
LT,2025-06-18,3566.66,50.0,40.0,1.33,55.0,1.33,0.74,3672.13,3550.32,2.9,0.28,0.47,0.86,0.1,FTF_COILING,UNRESOLVED,3,0.54,1.68,0.51,-0.13,-2.71,-2.23
LT,2025-06-23,3549.04,75.0,70.0,1.64,57.5,0.89,0.7,3672.13,3550.32,3.4,0.11,1.13,0.94,0.1,FTF_COILING,UNRESOLVED,3,0.59,1.01,2.4,-0.06,-2.26,-4.28
LT,2025-06-26,3624.2,75.0,100.0,1.73,60.0,1.05,1.04,3648.37,3562.21,0.7,0.81,1.5,0.83,0.6,FTF_COILING,UNRESOLVED,3,0.54,0.28,-2.1,-2.32,-4.98,-5.16
LT,2025-07-01,3631.23,75.0,70.0,1.65,60.0,0.83,1.13,3695.31,3629.55,1.7,0.64,0.64,0.88,0.1,FTF_COILING,FAILED_BREAKOUT,2,-1.91,-2.29,-1.64,-4.71,-4.67,-2.44
LT,2025-07-08,3571.52,75.0,85.0,1.72,57.5,0.82,0.54,3695.31,3629.55,3.4,0.86,0.94,0.66,-2.3,FTF_COILING,FAILED_BREAKOUT,1,-0.74,-0.88,-3.12,-3.93,1.28,2.04
LT,2025-09-22,3609.25,75.0,20.0,0.97,47.5,1.01,1.14,3669.16,3635.49,1.6,0.18,0.6,0.6,-0.7,FTF_COILING,UNRESOLVED,3,0.36,0.8,1.2,2.34,6.69,6.69
LT,2025-09-25,3609.15,75.0,55.0,1.04,50.0,1.12,0.9,3669.16,3635.49,1.6,0.13,1.39,0.91,-0.7,FTF_COILING,CONFIRMED_BREAKOUT,1,2.34,1.21,2.43,3.83,7.67,5.21
LT,2025-09-30,3623.61,75.0,25.0,1.15,50.0,1.42,1.56,3703.82,3644.01,2.2,0.23,0.96,0.96,-0.6,FTF_COILING,UNRESOLVED,3,0.31,2.03,1.93,4.64,8.98,6.7
LT,2025-10-06,3700.85,75.0,60.0,1.38,52.5,1.1,1.63,3703.82,3644.01,0.1,0.53,0.86,1.06,-0.6,FTF_COILING,CONFIRMED_BREAKOUT,3,-0.2,-0.19,0.87,3.63,5.01,4.12
LT,2025-10-09,3732.74,75.0,70.0,1.52,52.5,0.99,0.99,3703.82,3644.01,-0.8,0.59,0.96,0.95,-0.6,FTF_COILING,CONFIRMED_BREAKOUT,1,0.39,0.01,2.46,3.6,3.96,3.55
LT,2025-10-14,3708.08,75.0,55.0,1.32,50.0,0.81,0.92,3703.82,3644.01,-0.1,0.25,0.71,0.88,-0.6,FTF_COILING,CONFIRMED_BREAKOUT,1,2.25,3.14,3.84,5.71,6.9,4.54
LT,2025-10-23,3880.79,75.0,75.0,1.48,57.5,0.79,0.94,3927.84,3793.05,1.2,0.38,1.46,1.0,2.3,RESISTANCE_PROBE,CONFIRMED_BREAKOUT,3,-0.35,0.13,1.76,-0.92,2.71,1.31
LT,2025-10-29,3919.81,75.0,65.0,1.51,57.5,1.15,1.04,3927.84,3852.37,0.2,0.39,1.48,1.05,0.4,FTF_COILING,CONFIRMED_BREAKOUT,1,0.74,1.84,-1.93,1.12,3.11,2.35
LT,2025-11-03,3942.0,75.0,35.0,1.77,60.0,1.36,1.64,4023.3,3937.14,2.0,0.08,0.62,1.22,1.4,FTF_COILING,FAILED_BREAKOUT,2,-1.41,-2.48,-0.64,0.48,1.26,3.84
LT,2025-11-10,3880.6,75.0,60.0,1.72,62.5,1.16,1.0,4023.3,3794.04,3.5,0.49,0.74,0.93,-2.4,RESISTANCE_PROBE,UNRESOLVED,3,0.93,0.92,2.79,2.42,2.0,-0.14
LT,2025-11-13,3963.78,75.0,80.0,1.86,62.5,0.98,0.84,4023.3,3856.33,1.5,0.79,0.95,0.86,-2.4,RESISTANCE_PROBE,UNRESOLVED,3,0.05,0.63,0.87,1.97,0.03,0.11
LT,2025-11-18,3960.91,75.0,55.0,1.96,60.0,0.8,0.86,4023.3,3887.63,1.6,0.43,0.94,0.86,-2.4,RESISTANCE_PROBE,UNRESOLVED,3,0.5,0.95,-0.07,0.77,1.61,0.97
LT,2025-11-21,3985.97,75.0,55.0,2.09,62.5,0.67,0.81,4023.3,3940.41,0.9,0.23,0.68,0.84,-2.4,RESISTANCE_PROBE,UNRESOLVED,3,-0.29,-0.7,1.11,0.33,1.21,0.28
LT,2025-11-26,4022.71,75.0,90.0,1.93,60.0,0.84,0.76,4035.19,3943.09,0.3,0.84,1.14,1.0,2.0,RESISTANCE_PROBE,CONFIRMED_BREAKOUT,1,0.48,0.19,-1.82,-1.74,-0.21,-0.68
LT,2025-12-01,4033.8,75.0,45.0,1.78,62.5,1.13,0.98,4099.95,3959.33,1.6,0.43,0.8,1.0,1.9,RESISTANCE_PROBE,UNRESOLVED,3,-1.05,-2.09,-1.88,0.47,-0.52,1.72
LT,2025-12-05,3999.14,75.0,75.0,1.69,57.5,1.1,0.69,4099.95,3923.38,2.5,0.87,0.73,1.0,1.9,RESISTANCE_PROBE,UNRESOLVED,3,-1.03,-1.01,0.89,0.87,2.78,3.99
LT,2025-12-12,4034.69,75.0,70.0,1.83,57.5,1.16,0.7,4099.95,3910.9,1.6,0.39,1.55,1.0,3.2,RESISTANCE_PROBE,UNRESOLVED,3,0.45,-0.25,-0.01,-0.87,-1.35,-1.07
LT,2025-12-17,4023.1,75.0,70.0,1.65,55.0,0.9,0.89,4064.1,4012.01,1.0,0.57,0.75,0.75,0.3,FTF_COILING,UNRESOLVED,3,-0.77,0.27,-0.22,1.92,-4.84,-5.07
LT,2025-12-22,4033.01,75.0,55.0,1.47,52.5,0.77,0.84,4064.1,4012.01,0.8,0.13,0.55,0.8,-0.5,FTF_COILING,UNRESOLVED,3,-0.33,-0.46,-0.5,1.67,-6.43,-5.85
LT,2025-12-26,4008.15,75.0,60.0,1.35,47.5,0.73,0.75,4055.39,4014.09,1.2,0.55,0.47,0.76,0.0,FTF_COILING,UNRESOLVED,3,-0.21,0.12,2.87,-0.55,-7.5,-8.32
LT,2025-12-31,4044.0,75.0,70.0,1.33,47.5,0.75,0.75,4055.39,4014.09,0.3,0.76,0.95,0.77,-0.4,FTF_COILING,CONFIRMED_BREAKOUT,2,1.39,1.96,1.8,-5.33,-3.69,-5.54
LT,2026-01-05,4110.25,75.0,45.0,1.31,50.0,1.09,0.76,4055.39,4008.84,-1.4,0.28,0.94,0.85,-0.4,RESISTANCE_PROBE,CONFIRMED_BREAKOUT,1,-0.24,0.16,-3.17,-6.76,-2.69,-2.46
LT,2026-01-08,3989.43,50.0,30.0,1.17,47.5,1.51,0.79,4055.39,4014.09,1.6,0.21,1.81,0.88,-0.4,FTF_COILING,FAILED_BREAKOUT,3,-0.08,-0.23,-4.04,-5.82,0.99,4.65
LT,2026-02-03,3999.73,75.0,20.0,0.77,41.0,1.28,1.65,4154.42,3788.0,3.7,0.09,1.71,1.0,5.6,RESISTANCE_PROBE,UNRESOLVED,3,1.2,0.61,3.22,5.97,-3.87,-4.56
LT,2026-02-06,4028.75,75.0,35.0,0.75,43.6,1.15,1.43,4082.13,3991.61,1.3,0.72,0.75,0.64,0.8,FTF_COILING,CONFIRMED_BREAKOUT,3,1.12,2.48,2.6,7.68,-5.56,-7.87
LT,2026-02-11,4130.06,75.0,35.0,0.9,43.6,0.69,0.98,4082.13,4003.2,-1.2,0.64,0.83,0.75,0.8,RESISTANCE_PROBE,CONFIRMED_BREAKOUT,1,0.37,0.08,3.73,3.07,-10.81,-11.14
LT,2026-02-16,4160.86,75.0,45.0,0.94,48.7,0.72,1.14,4082.13,4094.11,-1.9,0.94,0.4,0.82,0.8,RESISTANCE_PROBE,CONFIRMED_BREAKOUT,1,1.86,2.96,5.16,-3.21,-15.68,-17.22
LT,2026-02-25,4256.92,75.0,50.0,1.02,56.4,1.25,1.34,4397.05,4187.2,3.2,0.49,1.11,1.11,1.7,FTF_COILING,FAILED_BREAKOUT,3,-0.28,-0.47,-6.04,-13.47,-17.09,-12.36
LT,2026-06-01,4010.8,75.0,60.0,1.21,55.3,0.75,0.64,4128.0,4045.0,2.8,0.08,0.56,0.56,-0.8,FTF_COILING,FAILED_BREAKOUT,2,-0.25,-1.44,-3.37,3.96,3.85,5.36
LT,2026-06-12,4049.3,75.0,75.0,1.12,52.6,1.25,0.66,4128.0,3854.4,1.9,0.92,1.63,0.86,-4.5,RESISTANCE_PROBE,CONFIRMED_BREAKOUT,1,2.98,3.39,3.95,4.13,-2.56,-5.37
LT,2026-06-17,4207.7,75.0,50.0,1.14,57.9,1.37,1.07,4235.4,4177.1,0.7,0.84,0.66,0.66,0.7,FTF_COILING,UNRESOLVED,3,-0.42,0.04,-0.62,-2.74,-10.07,-9.94
LT,2026-06-22,4201.3,75.0,55.0,1.26,55.3,0.77,0.9,4235.4,4177.1,0.8,0.25,0.61,0.71,0.3,FTF_COILING,UNRESOLVED,3,-0.52,-0.47,-0.86,-3.82,-8.63,-8.96
LT,2026-06-25,4216.4,75.0,70.0,1.17,57.9,0.77,0.68,4235.4,4177.1,0.4,0.34,1.47,0.76,0.1,FTF_COILING,UNRESOLVED,3,0.0,-1.21,-3.72,-7.84,-10.06,-8.47
LT,2026-06-30,4143.4,75.0,45.0,1.15,55.3,0.77,0.87,4252.0,4157.8,2.6,0.16,0.81,0.81,-0.3,FTF_COILING,FAILED_BREAKOUT,2,-1.23,-2.03,-3.66,-7.11,-7.52,-5.6
LUPIN,2025-04-23,2061.64,75.0,70.0,1.0,56.4,0.91,1.25,2121.33,1896.47,2.8,0.79,0.8,1.35,-7.3,RESISTANCE_PROBE,UNRESOLVED,3,0.7,-3.35,0.29,-3.58,-5.78,-6.49
LUPIN,2025-04-28,2077.32,75.0,70.0,1.06,61.5,0.96,1.0,2121.33,1984.38,2.1,0.87,0.97,1.23,-7.3,RESISTANCE_PROBE,UNRESOLVED,3,-1.82,-0.47,-2.68,-1.95,-6.42,-4.31
LUPIN,2025-05-16,2040.82,75.0,90.0,1.57,64.1,0.86,1.2,2090.64,2036.28,2.4,0.64,1.81,1.81,0.2,FTF_COILING,FAILED_BREAKOUT,2,-1.88,-4.91,-4.33,-5.35,-3.33,1.66
LUPIN,2025-06-13,1972.93,50.0,70.0,1.37,57.5,0.89,0.91,2022.17,1986.55,2.4,0.5,0.49,0.49,-0.7,FTF_COILING,FAILED_BREAKOUT,2,0.57,-2.78,-2.58,-3.22,-5.25,-2.54
LUPIN,2025-10-01,1967.04,75.0,80.0,1.29,55.0,1.46,1.18,2025.31,1944.9,2.9,0.88,2.64,1.77,-2.4,FTF_COILING,UNRESOLVED,3,-0.39,-2.22,-1.2,-1.52,-0.9,2.01
LUPIN,2025-10-13,1958.2,75.0,60.0,1.19,55.0,1.08,1.16,2025.31,1944.9,3.3,0.72,0.58,1.48,-2.7,FTF_COILING,UNRESOLVED,3,-1.78,-1.62,-1.45,-2.72,3.12,4.24
LUPIN,2025-11-04,1982.62,75.0,80.0,1.3,55.0,1.15,1.33,1993.55,1932.59,0.5,0.58,1.46,1.46,2.6,FTF_COILING,UNRESOLVED,3,-2.08,-1.26,1.85,1.42,4.16,4.52
LUPIN,2025-11-10,1975.87,75.0,35.0,1.71,52.5,1.42,2.04,1987.59,1945.89,0.6,0.21,1.75,1.75,1.5,FTF_COILING,CONFIRMED_BREAKOUT,2,-0.72,2.2,3.11,0.47,4.04,1.81
LUPIN,2025-11-13,2038.12,75.0,80.0,1.81,50.0,1.2,2.11,1983.62,1957.41,-2.7,0.56,1.26,1.4,3.2,RESISTANCE_PROBE,CONFIRMED_BREAKOUT,1,0.12,-0.04,-1.08,0.9,1.41,1.29
LUPIN,2026-01-13,2163.31,75.0,50.0,1.1,50.0,1.36,1.06,2232.43,2124.3,3.1,0.45,1.17,1.0,1.8,RESISTANCE_PROBE,UNRESOLVED,3,0.78,0.78,-0.49,-2.27,1.38,1.43
LUPIN,2026-01-16,2162.22,75.0,50.0,0.95,51.3,1.08,0.64,2210.27,2140.88,2.2,0.11,1.34,1.0,1.0,RESISTANCE_PROBE,UNRESOLVED,3,-0.04,-0.44,-1.87,-2.23,2.0,3.77
LUPIN,2026-01-21,2125.29,75.0,45.0,0.78,48.7,0.92,0.75,2201.44,2157.36,3.5,0.11,1.22,1.07,-0.2,FTF_COILING,UNRESOLVED,3,1.05,-0.16,-0.4,3.63,4.11,3.64
LUPIN,2026-01-27,2135.02,75.0,45.0,0.77,48.7,1.07,0.88,2201.44,2157.36,3.0,0.71,1.02,0.97,-1.6,FTF_COILING,FAILED_BREAKOUT,1,-0.98,-0.86,1.65,2.49,4.64,5.67
LUPIN,2026-01-30,2137.3,75.0,70.0,0.86,51.3,0.99,0.84,2201.44,2072.97,2.9,0.68,1.39,0.99,-2.0,RESISTANCE_PROBE,UNRESOLVED,3,-1.09,1.54,0.97,2.16,6.93,4.86
LUPIN,2026-02-04,2179.4,75.0,60.0,1.14,51.3,1.26,1.13,2208.98,2148.12,1.3,0.71,1.18,1.18,1.5,FTF_COILING,UNRESOLVED,3,1.06,-0.98,0.63,1.43,6.27,6.2
LUPIN,2026-02-09,2180.99,75.0,50.0,1.16,51.3,1.18,1.11,2208.98,2148.12,1.3,0.6,0.78,1.07,0.5,FTF_COILING,UNRESOLVED,3,0.33,0.56,1.12,2.03,6.4,5.71
LUPIN,2026-02-12,2195.18,75.0,90.0,1.34,56.4,0.92,0.9,2208.98,2148.12,0.6,0.79,1.03,0.93,0.5,FTF_COILING,CONFIRMED_BREAKOUT,3,-0.53,0.47,0.8,5.07,4.69,3.0
LUPIN,2026-02-17,2231.32,75.0,80.0,1.38,53.8,0.89,1.12,2222.68,2176.12,-0.4,0.56,1.09,1.09,2.5,FTF_COILING,UNRESOLVED,3,-0.93,-0.84,0.12,2.55,2.44,3.74
LUPIN,2026-02-20,2203.42,75.0,55.0,1.32,53.8,0.81,1.1,2222.68,2176.12,0.9,0.29,0.64,0.72,1.6,FTF_COILING,CONFIRMED_BREAKOUT,2,0.99,1.39,3.72,3.77,3.48,2.07
LUPIN,2026-02-25,2275.7,75.0,100.0,1.58,59.0,0.8,0.82,2222.68,2194.49,-2.4,0.83,1.33,0.84,1.3,RESISTANCE_PROBE,CONFIRMED_BREAKOUT,1,1.35,0.42,1.78,2.84,1.86,0.5
LUPIN,2026-03-06,2326.93,75.0,65.0,1.55,59.0,1.13,1.27,2344.6,2293.37,0.8,0.43,1.55,1.55,1.5,FTF_COILING,UNRESOLVED,3,-1.74,-0.27,-1.23,-0.91,-2.12,-2.15
LUPIN,2026-03-11,2327.72,75.0,55.0,1.78,61.5,1.13,1.45,2352.44,2308.06,1.1,0.2,1.05,1.08,-0.9,FTF_COILING,UNRESOLVED,3,0.54,-1.27,-1.8,0.13,-1.26,1.08
LUPIN,2026-03-16,2273.91,75.0,60.0,1.68,60.0,1.18,1.05,2352.44,2308.06,3.3,0.65,0.67,0.97,-0.9,FTF_COILING,FAILED_BREAKOUT,3,0.34,0.52,0.28,-0.68,1.56,3.31
LUPIN,2026-03-20,2305.78,75.0,80.0,1.78,67.5,1.08,0.84,2352.44,2225.46,2.0,0.79,1.16,0.89,-3.2,RESISTANCE_PROBE,UNRESOLVED,3,-1.11,0.4,-0.37,-1.22,0.81,-0.26
LUPIN,2026-03-25,2330.7,75.0,70.0,2.0,67.5,1.12,1.14,2352.44,2248.79,0.9,0.56,1.16,0.97,-3.2,RESISTANCE_PROBE,UNRESOLVED,3,-0.55,-1.44,-2.88,-1.38,-1.91,1.22
LUPIN,2026-04-01,2258.52,75.0,35.0,1.56,62.5,1.06,1.3,2360.48,2278.98,4.3,0.16,1.87,1.0,-0.9,RESISTANCE_PROBE,UNRESOLVED,3,-0.02,0.22,0.89,2.25,1.33,0.3
LUPIN,2026-04-07,2281.76,75.0,60.0,1.78,62.5,1.31,1.41,2342.91,2242.64,2.6,0.82,0.53,0.92,0.7,FTF_COILING,UNRESOLVED,3,-0.18,-0.14,1.77,0.42,6.29,4.67
LUPIN,2026-04-10,2317.0,75.0,90.0,1.76,62.5,1.01,1.33,2342.91,2242.64,1.1,0.94,1.13,1.22,0.7,FTF_COILING,UNRESOLVED,3,-0.8,0.22,-0.22,-0.4,-3.34,-3.06
LUPIN,2026-04-16,2310.25,75.0,70.0,1.64,57.5,0.77,1.4,2342.91,2242.64,1.4,0.57,0.87,1.09,0.7,FTF_COILING,UNRESOLVED,3,-0.04,0.07,0.62,-0.94,-2.96,-2.31
LUPIN,2026-04-21,2294.86,75.0,55.0,1.48,55.0,0.71,0.89,2342.91,2242.64,2.1,0.21,0.47,1.01,0.7,FTF_COILING,UNRESOLVED,3,-0.16,1.29,-0.38,1.38,-1.04,-0.38
LUPIN,2026-04-24,2279.57,75.0,65.0,1.33,55.0,0.99,0.87,2342.91,2242.64,2.7,0.38,1.12,0.96,0.7,FTF_COILING,UNRESOLVED,3,1.24,0.29,0.4,3.63,-0.62,-1.28
LUPIN,2026-04-29,2294.76,75.0,45.0,1.24,52.5,1.12,1.09,2363.86,2244.03,2.9,0.28,0.62,1.0,2.3,RESISTANCE_PROBE,UNRESOLVED,3,-0.27,-0.27,5.69,-4.14,-1.51,-3.08
LUPIN,2026-05-04,2331.89,75.0,100.0,1.2,51.3,0.79,0.79,2363.86,2261.3,1.4,0.77,1.29,1.0,3.1,RESISTANCE_PROBE,CONFIRMED_BREAKOUT,2,-0.23,4.01,-3.96,-4.1,-3.66,-7.37
LUPIN,2026-06-30,2401.59,75.0,65.0,0.89,50.0,1.13,0.71,2476.05,2320.08,3.0,0.61,1.8,1.0,3.5,RESISTANCE_PROBE,UNRESOLVED,3,-0.89,-0.8,2.94,2.08,-0.24,-2.54
LUPIN,2026-07-03,2458.18,75.0,60.0,0.9,50.0,1.43,0.82,2423.23,2365.55,-1.4,0.93,1.21,0.68,0.5,RESISTANCE_PROBE,CONFIRMED_BREAKOUT,1,0.63,0.57,0.82,-0.61,-1.76,-2.37
LUPIN,2026-07-09,2485.28,75.0,45.0,0.93,52.6,1.26,0.71,2508.71,2428.09,0.9,0.71,0.74,0.74,2.4,FTF_COILING,UNRESOLVED,3,-0.28,-0.43,-0.11,-3.58,-4.03,-2.71
LUPIN,2026-07-14,2451.43,75.0,25.0,0.76,47.4,1.09,0.7,2508.71,2428.09,2.3,0.09,1.03,0.79,1.9,FTF_COILING,UNRESOLVED,3,0.96,1.27,2.59,-2.27,-7.04,-6.72
LUPIN,2026-07-17,2443.2,75.0,40.0,0.95,52.6,0.89,0.74,2508.71,2428.09,2.6,0.25,0.9,0.87,1.0,FTF_COILING,UNRESOLVED,3,1.44,2.93,-2.98,-1.15,-8.52,-7.14
LUPIN,2026-07-22,2406.9,75.0,35.0,1.02,52.6,1.24,0.81,2508.71,2424.0,4.1,0.03,1.58,0.9,0.6,RESISTANCE_PROBE,FAILED_BREAKOUT,2,-0.44,-1.51,1.67,-0.79,-7.56,-6.14
LUPIN,2026-07-27,2410.0,75.0,50.0,0.9,53.8,1.21,0.97,2495.0,2404.3,3.4,0.65,1.5,0.87,-1.4,FTF_COILING,UNRESOLVED,3,-0.59,1.54,-0.71,-4.56,-9.21,-9.63
LUPIN,2026-07-30,2421.2,75.0,65.0,1.05,53.8,1.01,1.04,2495.0,2404.3,3.0,0.09,1.33,1.1,-1.4,FTF_COILING,UNRESOLVED,3,-0.26,-1.16,-1.5,-7.06,-10.87,-10.45
LUPIN,2026-08-04,2410.0,75.0,80.0,0.95,51.3,0.97,1.3,2474.8,2416.0,2.6,1.0,1.3,1.61,-1.0,FTF_COILING,FAILED_BREAKOUT,3,-0.91,-1.04,-5.44,-7.39,-10.66,-8.91
MANINDS,2025-05-22,328.05,75.0,50.0,2.02,47.5,0.99,1.03,350.7,318.9,6.5,0.12,1.19,1.2,-2.8,RESISTANCE_PROBE,CONFIRMED_BREAKOUT,2,1.72,7.61,12.28,20.76,11.11,3.26
MANINDS,2025-05-29,368.35,50.0,70.0,2.4,52.5,1.06,1.84,378.55,351.0,2.7,0.77,0.89,0.89,4.9,FTF_COILING,CONFIRMED_BREAKOUT,2,2.09,9.47,7.55,2.67,10.45,0.89
MANINDS,2025-06-25,409.65,75.0,90.0,2.3,50.0,1.08,0.84,418.5,362.3,2.1,0.72,2.12,0.59,-7.3,RESISTANCE_PROBE,CONFIRMED_BREAKOUT,1,-0.68,-0.73,2.23,3.23,7.07,7.8
MANINDS,2025-06-30,412.5,75.0,70.0,2.0,50.0,1.02,1.41,425.0,393.2,2.9,0.55,0.51,0.42,3.4,FTF_COILING,CONFIRMED_BREAKOUT,3,0.76,1.53,2.85,0.02,4.47,-1.95
MANINDS,2025-07-18,436.8,75.0,85.0,2.07,51.3,1.01,0.44,443.9,405.55,1.6,0.92,0.9,1.0,7.7,RESISTANCE_PROBE,UNRESOLVED,3,-0.38,-1.65,-2.46,0.11,-10.46,-10.83
MANINDS,2025-07-23,438.6,75.0,70.0,1.83,48.7,1.01,0.55,446.95,415.4,1.9,0.57,1.12,1.0,5.6,RESISTANCE_PROBE,UNRESOLVED,3,1.14,-2.86,4.71,-1.94,-6.89,-5.23
MANINDS,2025-07-29,454.8,75.0,70.0,1.91,48.7,1.38,0.61,460.9,414.0,1.3,0.79,2.16,1.0,9.9,RESISTANCE_PROBE,CONFIRMED_BREAKOUT,1,0.98,-1.61,-1.88,-12.82,-15.95,-16.77
MANINDS,2025-08-04,455.95,75.0,45.0,1.71,46.2,1.24,0.79,468.0,436.5,2.6,0.87,0.76,1.0,4.5,RESISTANCE_PROBE,FAILED_BREAKOUT,3,-2.13,-5.67,-2.85,-11.91,-9.56,-2.87
MANINDS,2025-09-19,443.1,75.0,100.0,1.68,50.0,0.97,0.72,440.0,425.4,-0.7,0.7,1.38,1.38,4.2,FTF_COILING,CONFIRMED_BREAKOUT,1,-0.84,2.17,-6.68,-12.86,-8.67,-7.9
MANINDS,2025-11-20,464.0,75.0,55.0,1.56,47.5,1.96,2.6,472.4,422.5,1.8,0.63,2.62,1.0,9.8,RESISTANCE_PROBE,UNRESOLVED,3,-2.92,0.89,1.82,-5.2,-14.74,-15.92
MANINDS,2025-11-25,470.5,75.0,60.0,1.64,50.0,1.06,1.27,472.4,449.5,0.4,0.53,0.9,0.85,0.2,FTF_COILING,CONFIRMED_BREAKOUT,1,3.02,0.41,-4.68,-6.22,-14.79,-17.29
MANINDS,2026-02-17,429.25,75.0,45.0,1.69,38.5,1.26,5.99,445.0,420.5,3.5,0.7,0.35,0.36,-1.0,FTF_COILING,UNRESOLVED,3,-2.48,-0.58,-0.43,-5.7,-10.39,-10.19
MANINDS,2026-02-20,428.3,75.0,45.0,1.77,41.0,0.82,0.73,445.0,415.15,3.8,0.41,0.28,0.39,-1.0,RESISTANCE_PROBE,UNRESOLVED,3,2.6,-0.21,7.86,-8.34,-21.28,-22.09
MANINDS,2026-02-25,432.75,75.0,55.0,1.86,46.2,0.89,0.78,445.0,420.5,2.8,0.55,0.2,0.39,-1.0,FTF_COILING,CONFIRMED_BREAKOUT,1,4.06,6.75,-7.51,-5.03,-23.85,-26.82
MANINDS,2026-04-13,468.6,75.0,80.0,2.48,55.0,1.48,1.35,491.0,395.0,4.6,0.7,1.43,1.0,18.6,RESISTANCE_PROBE,CONFIRMED_BREAKOUT,1,2.97,8.43,13.48,13.11,11.13,7.93
MANINDS,2026-04-17,537.1,75.0,80.0,2.73,60.0,1.23,0.82,550.0,440.0,2.3,0.7,1.4,1.0,22.1,RESISTANCE_PROBE,CONFIRMED_BREAKOUT,3,-0.25,-1.0,2.56,-1.95,4.29,0.81
MANINDS,2026-04-22,555.65,100.0,85.0,2.58,60.0,1.02,0.67,563.95,507.05,1.5,0.77,0.73,1.0,9.6,RESISTANCE_PROBE,UNRESOLVED,3,-2.3,-0.86,-6.04,-3.51,6.64,5.8
MANINDS,2026-04-27,560.05,75.0,75.0,2.48,57.5,0.82,0.39,570.0,527.25,1.7,0.46,0.41,1.0,6.2,RESISTANCE_PROBE,UNRESOLVED,3,-5.36,-6.78,-4.45,-4.23,0.01,6.35
MANINDS,2026-05-07,534.5,75.0,70.0,2.01,56.4,0.75,0.46,570.0,514.35,6.2,0.2,1.12,1.0,3.9,RESISTANCE_PROBE,UNRESOLVED,3,-0.88,0.35,3.12,5.21,-8.5,-6.09
MANINDS,2026-05-14,551.15,75.0,95.0,1.75,59.0,1.01,0.54,570.0,510.05,3.3,0.46,2.12,1.0,8.1,RESISTANCE_PROBE,UNRESOLVED,3,1.63,0.5,2.03,-4.09,-7.64,-9.97
MANINDS,2026-05-19,565.45,75.0,90.0,2.52,61.5,1.14,0.87,565.9,538.45,0.1,0.7,2.32,1.52,2.9,FTF_COILING,CONFIRMED_BREAKOUT,1,4.79,-0.55,-3.18,-11.37,1.03,-3.59
MANINDS,2026-05-22,571.2,75.0,70.0,2.23,64.1,1.49,1.99,606.4,533.3,5.8,0.45,2.29,2.29,7.1,RESISTANCE_PROBE,UNRESOLVED,3,-1.94,-4.16,-12.38,-5.89,2.87,11.16
MANINDS,2026-06-15,573.05,75.0,85.0,2.31,50.0,0.93,0.64,606.4,506.6,5.5,0.5,1.02,1.0,13.1,RESISTANCE_PROBE,CONFIRMED_BREAKOUT,3,-0.31,3.41,4.95,0.24,-1.85,-4.43
MANINDS,2026-06-18,588.5,75.0,75.0,1.75,50.0,1.01,0.76,623.7,552.1,5.6,0.11,1.29,1.0,6.6,RESISTANCE_PROBE,UNRESOLVED,3,-0.15,2.19,-3.29,1.46,-7.68,-8.58
MANINDS,2026-06-24,593.5,75.0,40.0,1.36,47.4,0.94,0.86,623.7,575.15,4.8,0.32,0.56,1.0,3.2,RESISTANCE_PROBE,UNRESOLVED,3,-4.1,-4.1,-1.72,-7.42,-13.29,-10.41
MANINDS,2026-08-10,549.5,50.0,35.0,1.63,36.8,1.16,0.55,564.9,548.0,2.7,0.21,1.75,1.75,0.3,FTF_COILING,CONFIRMED_BREAKOUT,2,1.75,8.94,14.71,30.68,49.12,36.87
MANINDS,2026-08-17,630.35,75.0,55.0,2.45,42.1,1.7,4.57,638.7,573.0,1.3,0.89,1.05,1.28,0.5,FTF_COILING,CONFIRMED_BREAKOUT,1,2.35,2.01,13.92,19.45,37.4,34.25
MANINDS,2026-08-24,718.1,75.0,45.0,2.91,48.7,1.29,2.11,735.0,681.3,2.3,0.73,0.47,0.47,5.4,FTF_COILING,CONFIRMED_BREAKOUT,3,-0.92,-2.09,4.85,14.11,19.73,12.03
MARUTI,2025-01-06,11514.14,75.0,0.0,0.73,47.5,1.57,1.21,11802.25,11545.78,2.4,0.22,0.98,0.98,-0.3,FTF_COILING,UNRESOLVED,3,-0.29,0.56,-2.19,2.25,9.87,10.02
MARUTI,2025-01-09,11499.35,75.0,20.0,0.95,45.0,0.87,1.28,11802.25,11545.78,2.6,0.43,0.68,0.85,-0.6,FTF_COILING,FAILED_BREAKOUT,2,-0.93,-2.07,3.0,2.6,11.47,13.82
MARUTI,2025-01-14,11499.94,75.0,70.0,0.88,47.5,0.83,0.66,11802.25,11545.78,2.6,0.83,1.56,0.74,-2.5,FTF_COILING,CONFIRMED_BREAKOUT,2,1.76,2.99,1.21,3.26,9.88,6.69
MARUTI,2025-01-17,11887.02,75.0,60.0,0.99,52.5,1.02,1.1,11941.92,11617.32,0.5,0.71,0.69,1.3,2.0,FTF_COILING,UNRESOLVED,3,-0.96,-2.08,-1.39,1.44,4.41,5.42
MARUTI,2025-01-22,11773.4,75.0,50.0,0.96,52.5,0.79,0.99,11941.92,11617.32,1.4,0.67,0.94,0.83,0.2,FTF_COILING,UNRESOLVED,3,0.21,-0.44,-0.35,9.06,6.37,6.61
MARUTI,2025-01-27,11747.45,50.0,70.0,1.16,52.5,0.83,0.85,11941.92,11617.32,1.6,0.78,0.59,0.87,0.2,FTF_COILING,UNRESOLVED,3,1.08,-0.13,7.69,8.8,2.75,2.7
MARUTI,2025-01-30,11753.47,50.0,55.0,1.31,52.5,1.14,1.16,12067.58,11640.88,2.6,0.41,1.0,1.0,1.0,FTF_COILING,CONFIRMED_BREAKOUT,2,2.59,7.64,9.06,5.46,3.17,-4.15
MARUTI,2025-02-04,12840.62,50.0,60.0,1.62,55.0,1.58,1.82,13184.65,12656.18,2.6,0.48,1.07,1.07,1.5,FTF_COILING,UNRESOLVED,3,-0.18,-0.27,-2.94,-2.47,-11.39,-10.97
MARUTI,2025-02-07,12781.41,75.0,55.0,1.45,50.0,0.84,1.5,13184.65,12656.18,3.1,0.39,0.69,0.81,1.2,FTF_COILING,FAILED_BREAKOUT,3,-1.14,-2.49,-2.83,-5.56,-11.21,-8.45
MARUTI,2025-04-28,11602.63,75.0,35.0,0.74,46.2,1.2,1.39,11798.52,11359.73,1.7,0.92,0.98,0.98,2.1,FTF_COILING,CONFIRMED_BREAKOUT,2,-0.04,3.47,6.2,5.37,4.79,1.28
MARUTI,2025-05-02,12150.15,100.0,20.0,0.91,46.2,1.51,1.59,11798.52,11057.08,-3.0,0.32,1.45,1.32,2.1,RESISTANCE_PROBE,CONFIRMED_BREAKOUT,1,0.43,1.42,-1.25,4.76,-0.69,-1.12
MARUTI,2025-05-07,12373.46,100.0,50.0,0.94,53.8,1.14,1.38,12465.53,11998.33,0.7,0.89,0.64,0.72,1.7,FTF_COILING,UNRESOLVED,3,-1.91,-3.03,0.29,-0.14,-3.72,-3.59
MARUTI,2025-05-12,12356.81,75.0,70.0,1.0,51.3,1.04,0.86,12465.53,11998.33,0.9,0.93,0.42,0.74,0.0,FTF_COILING,CONFIRMED_BREAKOUT,3,-1.06,0.43,2.96,-1.55,0.17,-2.43
MARUTI,2025-05-15,12685.91,75.0,80.0,1.0,53.8,1.11,0.8,12465.53,12156.03,-1.8,0.85,1.23,0.7,0.0,RESISTANCE_PROBE,CONFIRMED_BREAKOUT,1,0.33,0.29,-3.91,-4.32,-4.34,-4.66
MARUTI,2025-06-19,12542.91,75.0,80.0,1.19,50.0,1.05,0.85,12615.39,12292.17,0.6,0.83,1.14,1.14,2.0,FTF_COILING,UNRESOLVED,3,-0.12,-0.84,-0.71,-0.42,-2.58,-1.07
MARUTI,2025-06-24,12351.92,75.0,30.0,0.98,47.5,0.97,1.01,12625.18,12466.51,2.2,0.19,1.04,0.6,-0.2,FTF_COILING,UNRESOLVED,3,1.24,0.82,-1.34,-1.56,-0.94,-1.19
MARUTI,2025-06-27,12382.28,75.0,30.0,0.91,45.0,0.9,1.0,12625.18,12466.51,1.9,0.12,1.03,0.91,-0.9,FTF_COILING,FAILED_BREAKOUT,1,-1.91,-1.58,0.03,-0.54,-1.88,0.03
MARUTI,2025-07-02,12362.69,75.0,65.0,0.92,42.5,1.0,0.93,12414.6,12078.65,0.4,0.93,1.69,0.83,0.9,FTF_COILING,CONFIRMED_BREAKOUT,1,1.03,0.19,-1.2,-0.46,-0.03,-1.05
MARUTI,2025-07-07,12262.79,75.0,30.0,1.03,42.5,0.97,1.21,12414.6,12078.65,1.2,0.25,0.61,1.19,0.9,FTF_COILING,UNRESOLVED,3,-0.85,-0.4,-0.05,-0.92,-0.17,-1.2
MARUTI,2025-07-10,12390.12,75.0,45.0,0.91,42.5,0.91,0.87,12414.6,12078.65,0.2,0.93,0.81,0.94,0.7,FTF_COILING,UNRESOLVED,3,-0.6,-1.08,-1.38,-0.74,0.94,1.86
MARUTI,2025-07-15,12278.46,50.0,35.0,0.77,42.5,0.87,0.71,12414.6,12078.65,1.1,0.47,0.44,0.87,0.7,FTF_COILING,UNRESOLVED,3,0.22,-0.48,-0.35,-0.53,3.53,4.51
MARUTI,2025-07-18,12163.86,50.0,25.0,0.82,42.5,0.79,0.64,12414.6,12078.65,2.0,0.31,0.43,0.8,0.7,FTF_COILING,UNRESOLVED,3,-0.11,0.59,-0.12,0.13,14.5,12.62
MARUTI,2025-08-01,12179.68,50.0,20.0,0.75,45.0,1.46,1.15,12497.86,12207.94,2.5,0.06,1.38,1.38,-0.2,FTF_COILING,UNRESOLVED,3,0.51,1.91,2.34,14.36,20.65,18.51
MARUTI,2025-08-06,12399.47,75.0,0.0,0.82,47.5,1.31,1.16,12651.94,12150.97,2.0,0.3,0.6,0.97,0.7,FTF_COILING,UNRESOLVED,3,0.86,0.53,2.48,14.02,18.93,18.24
MARUTI,2025-08-11,12471.75,75.0,40.0,0.95,47.5,0.95,0.71,12651.94,12150.97,1.4,0.46,0.76,0.85,0.7,FTF_COILING,CONFIRMED_BREAKOUT,1,1.93,1.88,13.12,16.81,19.93,17.66
MARUTI,2025-08-14,12807.38,75.0,55.0,0.98,45.0,0.98,0.91,12651.94,12357.89,-1.2,0.85,1.17,0.98,0.7,RESISTANCE_PROBE,CONFIRMED_BREAKOUT,1,8.75,10.16,10.92,15.08,18.0,8.51
MARUTI,2025-08-26,14567.7,75.0,100.0,1.68,57.5,0.82,1.42,14677.59,14015.24,0.7,0.74,2.0,1.0,3.9,RESISTANCE_PROBE,UNRESOLVED,3,0.26,0.52,1.45,2.68,10.43,9.15
MARUTI,2025-09-01,14738.98,75.0,90.0,2.03,57.5,0.94,1.59,14789.47,14247.91,0.3,0.82,1.12,1.0,3.4,RESISTANCE_PROBE,CONFIRMED_BREAKOUT,3,-0.3,0.27,2.49,2.54,7.37,9.02
MARUTI,2025-09-04,14516.21,75.0,75.0,1.88,60.0,0.99,1.41,15088.47,14508.29,3.8,0.05,1.4,1.0,0.1,RESISTANCE_PROBE,UNRESOLVED,3,1.59,4.06,2.95,7.88,7.8,2.87
MARUTI,2025-09-09,15212.22,75.0,70.0,2.57,62.5,1.15,1.4,15088.47,14484.53,-0.8,0.9,0.98,0.99,1.8,FTF_COILING,UNRESOLVED,3,-1.67,-1.76,1.35,4.76,4.21,4.48
MARUTI,2025-09-12,15172.62,75.0,80.0,1.98,60.0,0.9,1.4,15088.47,14484.53,-0.6,0.78,0.65,0.95,1.8,FTF_COILING,CONFIRMED_BREAKOUT,2,-0.39,1.62,3.52,6.27,6.51,4.82
MARUTI,2025-09-17,15643.89,75.0,90.0,2.3,65.0,0.86,1.01,15088.47,15002.33,-3.7,0.93,1.16,0.79,1.8,RESISTANCE_PROBE,CONFIRMED_BREAKOUT,1,0.1,0.4,2.84,1.04,3.15,3.04
MARUTI,2025-09-24,16087.43,75.0,70.0,2.72,70.0,1.08,1.35,16162.68,15871.6,0.5,0.6,1.18,1.18,1.4,FTF_COILING,UNRESOLVED,3,0.12,0.23,-1.75,-1.62,0.15,1.81
MARUTI,2025-09-29,15825.07,75.0,55.0,2.71,70.0,1.19,1.17,16162.68,15871.6,2.1,0.09,1.14,0.99,1.4,FTF_COILING,UNRESOLVED,3,0.28,-0.12,0.78,1.73,0.96,2.1
MARUTI,2025-10-03,15648.84,75.0,55.0,2.44,67.5,0.94,0.98,16162.68,15871.6,3.2,0.24,0.89,0.93,-0.4,FTF_COILING,UNRESOLVED,3,1.21,1.91,2.9,3.76,-0.98,-2.25
MARUTI,2025-10-08,15852.79,75.0,55.0,2.67,70.0,0.99,0.76,16162.68,15871.6,1.9,0.13,0.63,0.85,-1.4,FTF_COILING,UNRESOLVED,3,-0.17,1.58,1.25,2.38,-3.33,-5.17
MARUTI,2025-10-13,16160.7,75.0,75.0,2.89,70.0,0.94,0.65,16162.68,15871.6,0.0,0.49,0.74,0.82,-1.4,FTF_COILING,UNRESOLVED,3,-0.38,-0.68,0.62,-0.07,-3.84,-3.69
MARUTI,2025-10-16,16135.95,75.0,85.0,2.75,65.0,0.87,0.66,16271.58,15960.71,0.8,0.74,0.6,1.0,1.1,RESISTANCE_PROBE,UNRESOLVED,3,0.63,0.77,-0.15,-0.69,-2.58,-3.16
MARUTI,2025-10-21,16232.97,75.0,75.0,3.02,65.0,0.66,0.65,16384.45,16038.92,0.9,0.45,0.07,1.0,1.2,RESISTANCE_PROBE,UNRESOLVED,3,-0.02,-0.74,-1.57,-5.76,-3.63,-3.58
MARUTI,2025-10-27,16225.05,75.0,85.0,2.75,60.0,0.82,0.6,16494.35,16038.92,1.6,0.84,0.61,1.0,1.2,RESISTANCE_PROBE,UNRESOLVED,3,-0.47,-1.53,-4.5,-4.53,-3.04,-1.96
MARUTI,2025-10-30,16044.86,75.0,75.0,2.07,57.5,0.99,0.66,16494.35,15886.45,2.7,0.65,0.74,1.0,1.0,RESISTANCE_PROBE,FAILED_BREAKOUT,2,-0.12,-3.42,-4.49,-3.22,-1.89,1.59
MARUTI,2025-11-18,15771.61,75.0,95.0,1.45,57.5,0.76,0.59,16351.78,15417.16,3.5,0.72,1.1,1.06,-3.6,RESISTANCE_PROBE,UNRESOLVED,3,-1.02,-0.81,-0.26,1.94,2.66,2.36
MARUTI,2025-11-21,15818.14,75.0,95.0,1.43,57.5,0.99,0.73,16351.78,15462.71,3.3,0.58,1.59,1.01,-3.6,RESISTANCE_PROBE,UNRESOLVED,3,-0.12,-0.55,-0.48,1.91,2.74,1.6
MARUTI,2025-12-02,16077.53,75.0,70.0,1.15,55.0,1.11,0.85,16494.35,15692.4,2.5,0.87,1.1,1.0,2.5,RESISTANCE_PROBE,UNRESOLVED,3,-0.97,-1.51,-1.35,0.71,2.82,2.55
MARUTI,2025-12-05,16120.11,75.0,60.0,0.99,52.5,1.11,0.91,16494.35,15729.03,2.3,0.84,1.03,1.0,2.5,RESISTANCE_PROBE,UNRESOLVED,3,-0.58,-1.61,1.47,0.81,5.36,7.09
MARUTI,2025-12-11,16086.44,75.0,60.0,0.85,50.0,1.04,0.8,16494.35,15766.65,2.5,0.85,0.82,1.0,2.0,RESISTANCE_PROBE,UNRESOLVED,3,1.69,1.03,0.5,2.14,1.56,0.9
MARUTI,2025-12-16,16191.39,75.0,20.0,0.92,47.5,0.89,0.88,16494.35,15824.08,1.8,0.26,0.49,1.0,2.3,RESISTANCE_PROBE,UNRESOLVED,3,0.27,-0.15,1.41,2.1,-1.24,-1.6
MARUTI,2025-12-19,16250.79,75.0,60.0,0.99,50.0,0.73,0.76,16494.35,16059.71,1.5,0.58,1.18,1.0,1.2,RESISTANCE_PROBE,UNRESOLVED,3,1.43,1.04,0.78,4.51,-1.45,-3.16
MARUTI,2025-12-24,16536.92,75.0,60.0,0.98,52.5,0.91,0.81,16553.75,16166.64,0.1,0.9,0.89,1.0,2.3,RESISTANCE_PROBE,UNRESOLVED,3,-0.64,-0.96,0.03,-0.23,-5.62,-5.3
MARUTI,2025-12-30,16481.48,75.0,85.0,1.0,52.5,0.95,0.71,16650.78,16334.95,1.0,0.49,3.42,1.0,0.9,RESISTANCE_PROBE,CONFIRMED_BREAKOUT,3,0.3,0.37,3.87,-1.33,-10.63,-12.28
MARUTI,2026-01-02,16791.36,75.0,80.0,1.13,57.5,1.08,1.18,16650.78,16318.12,-0.8,0.86,1.26,0.8,1.3,FTF_COILING,CONFIRMED_BREAKOUT,1,1.15,1.96,-2.71,-6.49,-15.19,-16.15
MARUTI,2026-01-08,16498.31,75.0,40.0,1.19,52.5,1.5,0.88,17077.49,16359.7,3.4,0.46,0.77,0.77,0.8,FTF_COILING,UNRESOLVED,3,-0.98,-0.49,-3.07,-5.39,-10.0,-8.7
MARUTI,2026-04-30,13181.62,25.0,80.0,1.12,52.5,1.04,1.07,13413.29,12959.84,1.7,0.88,1.07,1.07,1.7,FTF_COILING,CONFIRMED_BREAKOUT,2,0.0,2.0,3.42,-1.8,0.38,-1.59
MARUTI,2026-05-08,13589.52,50.0,60.0,1.19,59.0,1.02,0.82,13732.09,13536.06,1.0,0.61,0.5,0.5,0.4,FTF_COILING,FAILED_BREAKOUT,2,-1.77,-4.04,-3.68,-5.38,-4.92,-0.93
MARUTI,2026-06-16,13554.87,50.0,45.0,1.2,50.0,1.1,0.92,13822.18,13385.57,1.9,0.14,0.73,0.73,1.3,FTF_COILING,UNRESOLVED,3,-0.45,-1.51,-1.75,3.1,-1.48,0.7
MARUTI,2026-06-25,13608.33,50.0,90.0,1.07,50.0,0.99,0.97,13822.18,13385.57,1.5,0.71,2.12,0.92,-2.0,FTF_COILING,CONFIRMED_BREAKOUT,3,0.0,-2.42,4.39,-0.12,-2.49,-5.04
MARUTI,2026-08-05,14048.91,75.0,60.0,1.51,61.5,1.14,1.33,14112.27,13875.65,0.4,0.63,0.7,0.7,1.2,FTF_COILING,UNRESOLVED,3,-0.78,-0.08,-1.24,-2.55,-8.54,-8.85
MARUTI,2026-08-10,14097.0,75.0,80.0,1.67,59.0,0.76,1.06,14112.27,13875.65,0.1,0.87,0.71,0.74,0.5,FTF_COILING,UNRESOLVED,3,-0.76,-1.57,-2.39,-3.38,-9.48,-8.23
MARUTI,2026-08-13,13905.0,75.0,85.0,1.51,61.5,0.7,0.7,14112.27,13875.65,1.5,0.71,0.54,0.76,-0.0,FTF_COILING,UNRESOLVED,3,-0.51,-1.04,-0.69,-3.34,-9.46,-8.04
MARUTI,2026-08-18,13691.0,50.0,60.0,1.45,56.4,0.73,0.57,14112.27,13875.65,3.0,0.0,0.69,0.68,-0.8,FTF_COILING,FAILED_BREAKOUT,3,-0.01,0.86,-0.09,-5.41,-10.66,-9.83
MARUTI,2026-08-24,13620.0,25.0,75.0,1.32,57.5,0.82,0.47,14112.27,13875.65,3.5,0.61,0.62,0.64,-2.2,FTF_COILING,FAILED_BREAKOUT,2,0.43,-0.73,-0.54,-6.31,-10.77,-10.11
MAXHEALTH,2024-12-30,1158.7,75.0,55.0,1.57,60.0,1.27,0.69,1196.49,1117.22,3.2,0.57,0.94,0.36,-2.9,RESISTANCE_PROBE,UNRESOLVED,3,-2.92,-1.94,-0.77,-6.85,-11.37,-11.16
MAXHEALTH,2025-01-02,1155.96,75.0,65.0,1.6,60.0,1.21,0.49,1196.49,1096.88,3.4,0.81,0.28,0.43,-2.9,RESISTANCE_PROBE,UNRESOLVED,3,1.64,-0.53,4.25,-9.44,-9.96,-12.89
MAXHEALTH,2025-01-07,1194.85,75.0,95.0,1.82,60.0,0.89,0.55,1196.49,1132.78,0.1,0.87,1.02,0.51,-2.9,RESISTANCE_PROBE,CONFIRMED_BREAKOUT,1,0.4,0.86,-9.47,-10.03,-4.45,-4.84
MAXHEALTH,2025-01-10,1146.54,75.0,45.0,1.87,60.0,1.15,1.02,1224.36,1152.27,6.4,0.08,0.6,1.01,1.6,RESISTANCE_PROBE,FAILED_BREAKOUT,1,-5.87,-5.65,-10.72,-8.19,-2.1,4.0
MAXHEALTH,2025-02-05,1166.28,75.0,55.0,2.08,57.5,1.02,1.31,1224.36,1064.13,4.7,0.15,0.74,1.0,9.6,RESISTANCE_PROBE,UNRESOLVED,3,-3.76,-2.27,-14.1,-12.84,-14.52,-6.71
MAXHEALTH,2025-05-07,1148.63,75.0,70.0,1.23,56.4,1.02,1.02,1167.58,1130.19,1.6,0.64,0.52,0.52,1.6,FTF_COILING,UNRESOLVED,3,-3.49,-2.11,2.14,-0.86,-0.3,-0.97
MAXHEALTH,2025-05-12,1156.51,75.0,80.0,1.31,59.0,1.07,1.07,1167.58,1086.81,0.9,0.79,1.0,0.68,-1.9,RESISTANCE_PROBE,CONFIRMED_BREAKOUT,3,1.04,1.44,2.42,1.22,2.99,0.68
MAXHEALTH,2025-05-15,1183.03,75.0,80.0,1.54,61.5,0.86,0.74,1167.58,1127.69,-1.3,0.4,1.65,0.71,-1.9,RESISTANCE_PROBE,CONFIRMED_BREAKOUT,1,-1.64,0.13,-3.23,-4.32,1.32,3.01
MAXHEALTH,2025-05-20,1161.29,75.0,90.0,1.58,57.5,0.86,0.8,1200.48,1171.46,3.3,0.53,1.65,0.7,-0.7,FTF_COILING,FAILED_BREAKOUT,1,-1.94,-1.42,-0.46,-2.22,5.33,7.42
MAXHEALTH,2025-05-23,1173.66,75.0,80.0,1.63,55.0,1.0,0.88,1200.48,1115.03,2.2,0.91,0.57,0.92,-2.8,RESISTANCE_PROBE,UNRESOLVED,3,-0.25,-1.5,-4.41,-0.76,3.12,5.64
MAXHEALTH,2025-06-10,1179.04,75.0,50.0,1.11,50.0,0.88,0.6,1224.36,1123.7,3.7,0.25,0.56,1.0,4.9,RESISTANCE_PROBE,CONFIRMED_BREAKOUT,3,0.39,1.67,3.75,1.34,9.7,5.22
MAXHEALTH,2025-06-16,1243.15,75.0,90.0,1.34,55.0,1.01,0.97,1215.14,1174.85,-2.3,0.89,1.05,1.62,4.0,RESISTANCE_PROBE,CONFIRMED_BREAKOUT,1,-1.6,-5.22,-4.54,2.34,0.34,1.98
MAXHEALTH,2025-06-30,1272.27,75.0,55.0,1.82,55.0,1.02,1.75,1293.01,1251.43,1.6,0.19,0.81,0.81,1.7,FTF_COILING,UNRESOLVED,3,0.29,0.69,1.97,-1.96,-1.34,-3.27
MAXHEALTH,2025-07-03,1297.59,75.0,90.0,1.92,60.0,0.93,1.8,1293.01,1251.43,-0.4,0.76,1.06,0.77,1.7,FTF_COILING,UNRESOLVED,3,-0.13,-0.02,-3.72,-4.33,-4.15,-3.84
MAXHEALTH,2025-07-08,1293.4,75.0,60.0,1.85,55.0,0.79,0.75,1293.01,1251.43,-0.0,0.36,0.55,0.68,1.7,FTF_COILING,FAILED_BREAKOUT,3,-3.73,-3.4,-2.67,-5.94,-1.68,4.49
MAXHEALTH,2025-07-14,1247.38,75.0,70.0,1.68,52.5,1.0,0.77,1293.01,1213.34,3.5,0.69,0.84,0.72,-2.7,RESISTANCE_PROBE,UNRESOLVED,3,0.92,1.33,-2.51,0.62,1.1,1.58
MAXHEALTH,2025-07-17,1241.39,75.0,55.0,1.76,55.0,0.92,0.83,1293.01,1217.84,4.0,0.13,0.55,0.69,-2.7,RESISTANCE_PROBE,UNRESOLVED,3,-2.24,-2.04,1.91,0.19,-1.84,0.16
MAXHEALTH,2025-07-24,1265.15,75.0,65.0,1.64,62.5,1.01,0.86,1311.97,1198.87,3.6,0.29,1.13,1.0,5.5,RESISTANCE_PROBE,UNRESOLVED,3,1.03,-0.79,-1.69,-0.12,-2.58,-3.11
MAXHEALTH,2025-08-06,1268.84,75.0,60.0,1.91,61.5,0.95,0.65,1311.97,1233.11,3.3,0.44,0.64,1.0,2.9,RESISTANCE_PROBE,UNRESOLVED,3,-0.41,-2.03,-0.31,-1.65,-7.95,-7.39
MAXHEALTH,2025-08-13,1264.85,75.0,80.0,2.09,59.0,0.98,0.57,1311.97,1240.1,3.6,0.31,1.93,1.0,2.0,RESISTANCE_PROBE,FAILED_BREAKOUT,2,-3.66,-4.38,-1.34,-8.9,-6.54,-2.26
MAXHEALTH,2026-03-02,1081.68,75.0,70.0,0.89,51.3,0.85,1.1,1107.03,1085.67,2.3,0.85,1.16,1.16,-0.4,FTF_COILING,FAILED_BREAKOUT,1,-2.76,-2.34,-3.74,-9.89,-12.83,-10.35
MAZDOCK,2025-03-19,2601.38,100.0,90.0,1.2,46.2,0.99,0.46,2650.18,2215.57,1.8,0.92,3.7,1.0,17.4,RESISTANCE_PROBE,CONFIRMED_BREAKOUT,1,0.3,-1.29,0.68,4.28,5.08,4.76
MAZDOCK,2025-03-24,2630.66,75.0,55.0,1.35,48.7,1.36,1.37,2737.77,2353.4,3.9,0.46,1.49,1.01,1.6,RESISTANCE_PROBE,UNRESOLVED,3,-1.52,-0.44,-2.87,-11.15,0.35,-1.16
MAZDOCK,2025-03-27,2670.84,75.0,75.0,1.42,48.7,0.96,1.32,2697.25,2577.35,1.0,0.75,1.19,1.19,3.6,FTF_COILING,UNRESOLVED,3,-1.91,-4.33,-5.68,-1.26,13.57,17.55
MAZDOCK,2025-04-03,2712.65,75.0,90.0,1.41,51.3,1.09,0.91,2697.25,2577.35,-0.6,0.92,1.25,0.75,-0.9,FTF_COILING,FAILED_BREAKOUT,1,-7.14,-15.35,-11.14,0.77,2.99,10.9
MAZDOCK,2025-04-15,2637.1,75.0,80.0,1.42,56.4,1.31,0.83,2697.25,2267.19,2.2,0.84,1.8,0.86,-10.9,RESISTANCE_PROBE,CONFIRMED_BREAKOUT,2,2.77,1.97,4.05,15.02,19.72,17.41
MAZDOCK,2025-04-23,2743.84,75.0,70.0,1.61,59.0,0.78,1.13,2806.44,2673.51,2.2,0.46,0.59,1.0,2.6,RESISTANCE_PROBE,UNRESOLVED,3,-1.74,-3.79,10.55,1.95,26.54,25.61
MAZDOCK,2025-04-28,2764.08,75.0,100.0,1.87,59.0,0.92,0.7,2827.27,2564.38,2.2,0.83,1.39,1.0,7.8,RESISTANCE_PROBE,CONFIRMED_BREAKOUT,1,8.67,9.74,6.69,7.76,30.03,19.66
MAZDOCK,2025-05-02,2982.82,75.0,55.0,2.0,61.5,1.22,1.7,3124.88,2624.99,4.5,0.11,1.49,1.49,1.8,RESISTANCE_PROBE,UNRESOLVED,3,3.08,-1.14,-2.82,17.15,15.68,23.51
MAZDOCK,2025-05-14,3053.65,75.0,35.0,2.36,61.5,0.97,1.52,3146.7,2754.35,3.0,0.21,1.88,1.2,-5.7,RESISTANCE_PROBE,CONFIRMED_BREAKOUT,2,3.39,14.43,10.83,19.03,7.68,-5.9
MAZDOCK,2025-11-14,2768.46,50.0,75.0,1.07,42.5,1.03,0.82,2861.41,2693.83,3.2,0.78,1.24,1.05,-4.7,RESISTANCE_PROBE,UNRESOLVED,3,0.66,0.62,-1.33,-3.68,-11.62,-11.67
MAZDOCK,2025-11-19,2769.76,50.0,45.0,1.16,40.0,0.82,0.81,2861.41,2714.53,3.2,0.56,0.47,1.05,-4.7,RESISTANCE_PROBE,UNRESOLVED,3,1.66,-1.37,-3.12,-5.97,-15.33,-12.27
MAZDOCK,2026-01-12,2508.84,25.0,65.0,1.32,45.0,1.08,1.44,2594.22,2476.8,3.3,0.91,1.08,1.08,1.3,FTF_COILING,UNRESOLVED,3,-1.58,-2.0,-3.35,-7.38,-3.26,-1.28
MAZDOCK,2026-01-29,2504.86,25.0,45.0,1.08,46.2,1.25,1.12,2594.22,2272.11,3.4,0.72,1.16,0.78,-7.5,RESISTANCE_PROBE,UNRESOLVED,3,2.21,-3.57,-4.72,-4.06,-10.27,-7.82
MAZDOCK,2026-03-10,2477.63,50.0,65.0,1.76,43.6,1.81,3.44,2555.39,2365.83,3.0,0.88,1.97,1.72,0.7,FTF_COILING,UNRESOLVED,3,-1.85,-1.56,-4.83,-9.23,-0.48,6.11
MAZDOCK,2026-04-30,2728.27,50.0,70.0,2.37,60.0,0.83,1.03,2804.94,2705.42,2.7,0.54,0.77,0.77,0.8,FTF_COILING,FAILED_BREAKOUT,2,0.0,-4.45,-1.83,-7.7,-10.17,-5.99
MAZDOCK,2026-05-07,2678.46,50.0,80.0,2.17,64.1,0.85,0.77,2754.03,2580.64,2.7,0.82,0.71,0.65,1.9,FTF_COILING,FAILED_BREAKOUT,3,-0.97,-4.38,-5.98,-8.52,-8.87,0.06
MAZDOCK,2026-06-30,2492.1,25.0,60.0,0.84,47.4,1.0,0.7,2513.46,2432.11,0.8,0.51,1.95,1.95,2.5,FTF_COILING,CONFIRMED_BREAKOUT,2,1.57,2.34,1.07,-5.48,-8.04,-10.14
MAZDOCK,2026-07-03,2539.02,50.0,20.0,0.97,47.4,1.08,0.84,2534.92,2447.58,-0.2,0.12,1.1,1.0,3.4,FTF_COILING,CONFIRMED_BREAKOUT,1,1.19,-0.8,-4.86,-7.89,-6.36,-7.46
MAZDOCK,2026-07-08,2446.28,25.0,20.0,0.86,47.4,0.94,0.84,2534.92,2447.58,3.5,0.16,0.92,1.0,2.9,FTF_COILING,FAILED_BREAKOUT,1,-3.18,-1.25,-3.32,-5.85,-2.86,0.32
MAZDOCK,2026-08-11,2549.4,75.0,10.0,1.09,43.6,1.68,1.89,2553.39,2492.4,0.2,0.29,0.77,1.79,3.1,FTF_COILING,CONFIRMED_BREAKOUT,3,-0.08,0.67,1.29,2.38,-3.26,-4.23
MAZDOCK,2026-08-14,2575.35,75.0,55.0,1.19,46.2,1.09,1.16,2553.39,2492.4,-0.9,0.52,1.25,1.12,2.2,FTF_COILING,CONFIRMED_BREAKOUT,1,-0.4,0.27,-0.91,-0.79,-9.18,-8.81
MAZDOCK,2026-08-19,2559.18,75.0,40.0,1.25,46.2,0.92,1.08,2613.48,2551.49,2.1,0.39,0.55,0.55,0.3,FTF_COILING,UNRESOLVED,3,0.42,-0.28,2.57,-3.91,-12.79,-12.13
MAZDOCK,2026-08-24,2540.0,75.0,30.0,1.13,47.5,0.84,0.8,2613.48,2551.49,2.8,0.34,0.4,0.52,0.0,FTF_COILING,CONFIRMED_BREAKOUT,2,2.76,3.35,-2.36,-3.38,-12.13,-14.97
MAZDOCK,2026-08-27,2588.0,50.0,40.0,1.31,45.0,0.99,1.1,2656.8,2579.4,2.6,0.1,0.5,0.5,0.3,FTF_COILING,FAILED_BREAKOUT,2,-1.28,-4.17,-4.4,-7.91,-14.91,-11.21
METROPOLIS,2025-06-05,418.5,50.0,35.0,0.77,55.0,1.04,0.85,434.24,411.33,3.6,0.1,0.68,0.68,1.3,RESISTANCE_PROBE,UNRESOLVED,3,-1.7,2.2,3.9,0.14,3.4,2.25
METROPOLIS,2025-06-10,423.19,50.0,35.0,0.82,52.5,1.23,1.24,434.24,413.33,2.5,0.32,1.78,1.23,-0.5,FTF_COILING,CONFIRMED_BREAKOUT,2,-0.64,2.75,-0.15,-0.19,9.79,6.85
METROPOLIS,2025-06-13,423.21,50.0,20.0,0.85,47.5,1.21,1.7,431.25,419.48,1.9,0.14,1.53,1.71,0.2,FTF_COILING,UNRESOLVED,3,0.75,-0.16,1.44,-0.57,10.92,10.9
METROPOLIS,2025-06-18,423.29,50.0,55.0,0.87,47.5,1.09,1.11,433.22,421.64,2.3,0.71,2.48,0.41,0.2,FTF_COILING,UNRESOLVED,3,-0.99,1.42,0.48,1.51,16.42,16.36
METROPOLIS,2025-06-23,423.53,50.0,35.0,0.85,47.5,0.87,0.91,433.22,421.64,2.2,0.65,0.7,0.86,-0.6,FTF_COILING,UNRESOLVED,3,-0.27,0.42,0.31,9.31,13.98,14.57
METROPOLIS,2025-06-26,421.37,50.0,35.0,0.71,50.0,0.76,0.46,433.22,421.64,2.7,0.35,0.25,0.67,-0.6,FTF_COILING,UNRESOLVED,3,-0.14,0.82,2.69,16.69,20.2,18.93
METROPOLIS,2025-07-01,425.85,50.0,35.0,0.63,52.5,0.6,0.89,433.22,421.64,1.7,0.6,0.26,0.78,-0.6,FTF_COILING,CONFIRMED_BREAKOUT,3,0.89,1.61,9.1,9.4,14.03,9.98
METROPOLIS,2025-07-04,441.54,50.0,60.0,0.69,55.0,0.86,0.94,433.22,421.07,-1.9,0.7,0.98,0.68,-0.6,RESISTANCE_PROBE,CONFIRMED_BREAKOUT,1,4.86,5.23,6.32,9.33,14.91,9.59
METROPOLIS,2025-08-14,528.19,75.0,60.0,2.39,57.5,1.01,0.53,537.87,517.9,1.8,0.41,0.69,0.69,2.0,FTF_COILING,UNRESOLVED,3,2.17,1.05,2.27,1.29,-4.42,-6.79
METROPOLIS,2025-08-20,541.61,75.0,75.0,2.61,60.0,1.08,0.44,537.87,517.9,-0.7,0.75,0.89,0.7,2.0,FTF_COILING,CONFIRMED_BREAKOUT,3,-0.91,-0.26,0.56,2.83,-5.88,-6.4
METROPOLIS,2025-08-25,544.57,75.0,75.0,2.65,62.5,0.83,0.29,537.87,529.11,-1.2,0.57,0.5,0.63,2.0,RESISTANCE_PROBE,CONFIRMED_BREAKOUT,1,-1.25,0.01,-0.48,-2.57,-6.26,-5.08
METROPOLIS,2025-08-29,544.92,75.0,85.0,2.65,60.0,0.93,0.2,537.87,524.4,-1.3,0.73,0.7,0.59,2.0,RESISTANCE_PROBE,CONFIRMED_BREAKOUT,1,-1.82,-0.55,0.8,-5.73,-7.95,-6.24
METROPOLIS,2025-09-03,549.92,75.0,85.0,2.76,57.5,1.17,0.22,537.87,526.74,-2.2,0.5,2.42,0.59,2.0,RESISTANCE_PROBE,CONFIRMED_BREAKOUT,1,1.27,-0.12,-2.49,-7.16,-7.58,-8.75
METROPOLIS,2025-09-08,535.98,75.0,50.0,3.17,55.0,1.13,0.4,562.7,536.3,4.7,0.14,0.51,0.4,-0.6,RESISTANCE_PROBE,UNRESOLVED,3,-1.0,0.05,-5.81,-3.4,-2.1,-0.82
METROPOLIS,2026-02-06,495.75,100.0,50.0,1.41,48.7,1.15,2.42,509.99,476.31,2.8,0.38,1.4,1.4,4.1,FTF_COILING,UNRESOLVED,3,0.63,0.94,-1.97,-6.38,-10.26,-10.81
METROPOLIS,2026-02-11,498.77,100.0,70.0,1.46,51.3,0.91,2.59,505.85,489.56,1.4,0.47,0.22,0.48,1.9,FTF_COILING,UNRESOLVED,3,-0.58,-2.56,-3.55,-5.63,-8.76,-5.87
METROPOLIS,2026-05-06,505.4,75.0,35.0,0.93,51.3,0.87,0.89,515.18,491.63,1.9,0.39,0.88,0.88,2.8,FTF_COILING,CONFIRMED_BREAKOUT,2,-0.16,8.51,8.21,2.55,6.08,-2.24
METROPOLIS,2026-05-11,558.8,75.0,60.0,2.45,53.8,1.57,4.79,573.77,509.99,2.6,0.64,1.13,1.13,9.6,FTF_COILING,CONFIRMED_BREAKOUT,3,-2.11,-2.13,-9.38,-6.14,-5.22,-1.85
METROPOLIS,2026-05-14,539.63,50.0,35.0,1.51,51.3,2.13,4.38,573.77,513.99,5.9,0.13,3.53,0.92,7.2,RESISTANCE_PROBE,UNRESOLVED,3,-2.19,-6.16,-2.01,-0.65,-3.61,2.31
METROPOLIS,2026-06-17,545.6,75.0,70.0,2.38,50.0,1.16,0.45,556.6,524.9,2.0,0.35,1.88,1.88,3.9,FTF_COILING,UNRESOLVED,3,-0.57,1.31,1.39,-0.73,4.77,5.76
METROPOLIS,2026-06-22,540.5,75.0,60.0,2.19,50.0,1.29,0.7,559.85,538.0,3.5,0.44,2.17,1.19,0.8,FTF_COILING,UNRESOLVED,3,0.51,2.35,-3.09,6.11,6.15,5.59
METROPOLIS,2026-06-25,543.35,75.0,60.0,2.2,52.6,1.0,0.55,558.8,526.0,2.8,0.12,0.94,0.82,3.3,FTF_COILING,UNRESOLVED,3,0.0,-3.6,0.17,3.07,4.44,5.05
METROPOLIS,2026-06-30,540.15,75.0,95.0,1.94,50.0,1.05,0.67,554.6,516.25,2.6,0.66,1.74,1.74,4.6,FTF_COILING,UNRESOLVED,3,0.27,0.77,4.81,3.53,8.4,5.31
METROPOLIS,2026-07-03,556.0,75.0,80.0,2.03,52.6,1.1,0.76,554.6,516.25,-0.3,0.79,1.14,1.03,4.6,FTF_COILING,CONFIRMED_BREAKOUT,1,3.16,1.83,2.15,-1.92,4.76,1.55
METROPOLIS,2026-07-16,578.45,75.0,55.0,0.95,55.3,0.89,0.47,585.4,559.7,1.2,0.54,0.49,0.49,3.4,FTF_COILING,FAILED_BREAKOUT,1,-5.73,-0.81,-1.9,1.17,-3.45,2.42
METROPOLIS,2026-07-21,568.8,75.0,30.0,0.98,52.6,1.28,1.09,585.4,540.05,2.8,0.6,0.3,0.9,-2.6,RESISTANCE_PROBE,UNRESOLVED,3,0.23,-0.24,2.94,2.76,-2.96,-3.21
METROPOLIS,2026-07-24,570.25,75.0,80.0,1.83,53.8,0.87,0.86,585.4,560.5,2.6,0.48,1.0,0.67,-2.6,RESISTANCE_PROBE,CONFIRMED_BREAKOUT,2,1.25,2.67,2.14,-1.24,-2.33,-4.88
METROPOLIS,2026-07-29,591.6,75.0,90.0,1.89,59.0,0.83,1.03,585.4,565.85,-1.1,0.54,1.58,0.84,-2.6,RESISTANCE_PROBE,CONFIRMED_BREAKOUT,1,-1.08,-1.55,-2.51,-6.63,-3.6,-2.55
METROPOLIS,2026-08-03,596.45,75.0,70.0,1.56,59.0,1.03,1.47,609.05,581.6,2.1,0.58,0.68,1.04,0.1,FTF_COILING,FAILED_BREAKOUT,3,-2.0,-3.3,-3.99,-7.66,-2.36,3.14
METROPOLIS,2026-08-28,588.45,75.0,75.0,1.52,57.5,0.71,0.88,609.05,563.0,3.4,0.35,2.65,1.0,4.5,RESISTANCE_PROBE,UNRESOLVED,3,-1.04,-1.05,0.04,-0.5,-0.99,0.07
METROPOLIS,2026-09-02,582.2,75.0,55.0,1.29,55.0,1.03,1.33,602.0,581.25,3.3,0.23,0.49,1.44,0.2,FTF_COILING,UNRESOLVED,3,1.67,1.12,3.42,-0.23,-6.96,-6.24
MOTHERSON,2025-05-12,96.02,50.0,60.0,0.87,53.8,1.46,1.19,97.5,92.67,1.5,0.86,1.3,1.09,-1.5,FTF_COILING,UNRESOLVED,3,-1.8,-2.74,1.78,3.4,10.99,12.05
MOTHERSON,2025-05-15,95.11,50.0,60.0,0.97,53.8,1.03,1.15,97.5,92.67,2.5,0.74,0.6,0.84,-1.5,FTF_COILING,CONFIRMED_BREAKOUT,2,2.33,2.75,3.14,5.85,8.04,5.15
MOTHERSON,2025-05-20,96.59,50.0,50.0,1.08,57.5,0.72,0.6,97.5,92.67,0.9,0.11,0.76,0.76,-1.5,FTF_COILING,UNRESOLVED,3,1.58,1.56,1.64,3.07,3.34,1.73
MOTHERSON,2025-05-23,98.11,50.0,75.0,1.05,57.5,0.65,0.65,97.5,92.67,-0.6,0.79,0.83,0.72,-1.5,FTF_COILING,CONFIRMED_BREAKOUT,1,1.19,0.07,3.3,6.25,1.33,0.14
MOTHERSON,2025-05-28,98.43,50.0,60.0,1.11,57.5,0.76,0.84,101.48,97.35,3.0,0.56,0.88,0.88,1.1,FTF_COILING,CONFIRMED_BREAKOUT,2,2.28,2.97,2.7,7.31,3.37,0.39
MOTHERSON,2025-06-05,103.01,50.0,70.0,1.34,62.5,0.98,1.35,105.02,100.97,1.9,0.65,0.79,0.71,-1.4,FTF_COILING,CONFIRMED_BREAKOUT,2,1.2,3.45,-0.25,-5.07,-0.64,-3.95
MOTHERSON,2025-06-10,105.13,50.0,60.0,1.34,65.0,0.98,0.65,105.02,100.97,-0.1,0.09,0.7,0.74,-1.4,FTF_COILING,UNRESOLVED,3,0.47,-2.26,-5.06,-4.42,-2.79,0.25
MOTHERSON,2025-06-13,101.94,50.0,85.0,1.49,60.0,1.05,0.6,105.02,100.97,2.9,0.94,0.42,0.7,-1.4,FTF_COILING,UNRESOLVED,3,-0.54,-2.08,-2.47,0.31,-1.89,0.86
MOTHERSON,2025-07-16,102.29,25.0,45.0,1.46,52.5,1.1,0.79,105.44,101.75,3.0,0.25,0.59,0.59,0.5,FTF_COILING,UNRESOLVED,3,-0.2,-1.77,-3.85,-3.76,-9.14,-7.36
MOTHERSON,2025-07-24,102.55,50.0,70.0,1.47,47.5,1.31,0.66,105.44,96.51,2.7,0.85,2.34,0.82,-4.9,RESISTANCE_PROBE,UNRESOLVED,3,-2.63,-1.14,-5.71,-8.67,-7.66,-7.24
MOTHERSON,2025-07-29,102.1,50.0,70.0,1.47,50.0,1.17,1.0,105.44,98.62,3.2,0.94,0.41,1.03,-4.9,RESISTANCE_PROBE,FAILED_BREAKOUT,3,-3.58,-5.28,-5.08,-12.01,-10.22,-3.59
MOTHERSON,2025-09-11,100.18,75.0,40.0,1.33,40.0,1.0,1.84,101.71,98.43,1.5,0.27,0.93,0.93,1.8,FTF_COILING,CONFIRMED_BREAKOUT,1,3.99,7.09,8.25,4.68,3.41,-0.56
MOTHERSON,2025-11-17,109.49,75.0,50.0,3.03,56.4,1.49,1.77,112.92,108.28,3.0,0.59,0.77,0.77,1.1,FTF_COILING,UNRESOLVED,3,-0.96,1.95,-0.73,5.94,9.35,7.42
MOTHERSON,2025-11-20,111.46,75.0,55.0,2.5,53.8,1.01,1.74,112.92,108.28,1.3,0.31,0.81,1.08,0.1,FTF_COILING,UNRESOLVED,3,-1.96,-2.48,3.69,4.96,4.6,6.3
MOTHERSON,2025-11-25,109.68,75.0,70.0,1.71,53.8,0.92,1.33,112.92,108.28,2.9,0.67,0.66,1.28,0.1,FTF_COILING,CONFIRMED_BREAKOUT,2,1.45,5.37,8.21,5.93,9.1,3.54
MOTHERSON,2025-12-08,114.74,75.0,55.0,1.88,56.4,0.89,1.03,119.02,115.43,3.6,0.25,0.36,1.0,-0.6,RESISTANCE_PROBE,CONFIRMED_BREAKOUT,3,1.26,0.85,4.35,5.04,4.8,0.86
MOTHERSON,2025-12-11,119.22,75.0,100.0,1.96,55.0,1.03,0.62,119.58,112.58,0.3,0.91,1.31,1.0,5.9,RESISTANCE_PROBE,UNRESOLVED,3,1.25,0.43,-2.21,-0.43,-3.47,-3.29
MOTHERSON,2025-12-16,118.99,75.0,55.0,1.91,55.0,0.78,0.86,120.89,115.72,1.6,0.34,0.29,1.0,2.8,RESISTANCE_PROBE,UNRESOLVED,3,-0.01,-2.02,0.56,0.31,-5.03,-6.14
MOTHERSON,2025-12-19,120.4,75.0,95.0,1.99,52.5,0.99,0.58,120.89,115.04,0.4,0.94,1.12,1.0,4.7,RESISTANCE_PROBE,UNRESOLVED,3,0.11,-0.61,-1.11,0.69,-7.15,-6.02
MOTHERSON,2025-12-24,118.95,75.0,50.0,1.8,50.0,1.07,0.75,122.21,116.68,2.7,0.16,0.48,1.0,1.9,RESISTANCE_PROBE,UNRESOLVED,3,-0.2,0.09,2.5,-1.19,-6.86,-7.03
MOTHERSON,2025-12-30,119.17,75.0,60.0,1.91,52.5,0.84,0.63,122.21,117.83,2.5,0.4,0.73,1.0,1.1,RESISTANCE_PROBE,CONFIRMED_BREAKOUT,3,0.16,2.31,0.9,-4.03,-6.95,-8.69
MOTHERSON,2026-01-02,121.45,75.0,35.0,1.73,55.0,0.84,0.61,124.11,118.57,2.1,0.12,1.67,1.0,2.4,RESISTANCE_PROBE,UNRESOLVED,3,-0.19,-0.99,-5.24,-5.94,-6.51,-4.41
MOTHERSON,2026-01-07,118.77,75.0,45.0,1.51,52.5,1.15,0.88,122.36,119.36,2.9,0.24,0.72,0.72,-0.5,FTF_COILING,FAILED_BREAKOUT,2,-1.04,-3.11,-4.86,-8.11,1.37,4.63
MOTHERSON,2026-02-03,120.73,75.0,40.0,1.31,43.6,1.43,0.8,124.88,109.09,3.3,0.33,2.48,1.0,10.7,RESISTANCE_PROBE,UNRESOLVED,3,1.07,-0.27,6.68,9.35,1.29,4.05
MOTHERSON,2026-02-09,123.81,75.0,55.0,1.04,43.6,1.44,1.18,124.88,118.71,0.9,0.93,1.42,0.91,-1.0,FTF_COILING,CONFIRMED_BREAKOUT,1,4.04,4.63,6.35,5.15,-0.8,-4.65
MOTHERSON,2026-02-12,132.1,75.0,65.0,1.45,48.7,1.36,2.0,135.17,129.06,2.3,0.78,1.76,1.76,2.4,FTF_COILING,UNRESOLVED,3,-1.11,-0.32,-2.15,1.94,-14.25,-14.2
MOTHERSON,2026-02-17,132.02,75.0,70.0,1.48,51.3,0.86,2.25,135.17,129.06,2.3,0.52,0.84,1.07,1.2,FTF_COILING,UNRESOLVED,3,0.95,-2.1,-0.83,-7.37,-11.22,-8.99
MOTHERSON,2026-02-24,130.93,75.0,70.0,1.38,53.8,0.75,0.87,135.17,129.06,3.1,0.67,0.71,0.82,-0.2,FTF_COILING,UNRESOLVED,3,1.28,2.85,-6.6,-7.73,-14.01,-15.16
MOTHERSON,2026-02-27,132.7,75.0,70.0,1.48,51.3,0.61,0.74,135.17,129.06,1.8,0.14,1.1,0.77,-0.2,FTF_COILING,FAILED_BREAKOUT,2,-3.52,-7.84,-11.52,-15.01,-19.04,-12.15
MOTHERSON,2026-05-19,131.26,75.0,65.0,1.03,48.7,0.99,0.8,135.49,124.93,3.1,0.67,1.35,1.0,5.1,RESISTANCE_PROBE,CONFIRMED_BREAKOUT,2,0.52,4.19,3.29,10.19,12.25,7.74
MOTHERSON,2026-05-22,135.94,75.0,55.0,1.2,53.8,1.23,1.59,135.76,129.29,-0.1,0.4,1.58,3.19,5.8,FTF_COILING,CONFIRMED_BREAKOUT,1,-0.2,-0.26,7.02,5.42,6.87,7.09
MOTHERSON,2026-05-28,142.16,75.0,80.0,1.48,52.6,1.05,1.55,146.45,134.42,2.9,0.5,0.0,0.0,5.8,FTF_COILING,CONFIRMED_BREAKOUT,1,2.34,-0.45,1.33,-1.17,6.53,4.1
MOTHERSON,2026-06-15,147.86,75.0,75.0,1.64,50.0,0.91,0.67,151.51,139.84,2.4,0.53,0.78,0.69,-0.8,FTF_COILING,UNRESOLVED,3,-0.35,-2.04,-1.53,1.65,-2.74,-0.43
MOTHERSON,2026-06-25,151.45,75.0,95.0,1.74,52.6,1.02,0.68,154.98,141.51,2.3,0.68,3.08,1.0,7.0,RESISTANCE_PROBE,UNRESOLVED,3,0.0,-0.76,-2.72,-5.87,-3.88,-1.54
MOTHERSON,2026-07-31,150.75,75.0,80.0,1.1,48.7,1.05,0.58,154.98,143.86,2.7,0.72,1.47,1.0,4.8,RESISTANCE_PROBE,UNRESOLVED,3,2.83,0.17,11.77,11.64,9.85,7.29
MOTHERSON,2026-08-05,154.35,75.0,60.0,1.05,51.3,1.32,0.91,155.87,148.34,1.0,0.63,1.35,1.35,4.1,FTF_COILING,CONFIRMED_BREAKOUT,2,0.42,9.17,9.82,10.33,5.8,-3.09
MOTHERSON,2026-08-11,169.26,75.0,50.0,1.16,53.8,1.45,2.19,172.0,167.16,1.6,0.7,0.74,0.74,1.3,FTF_COILING,UNRESOLVED,3,0.14,-1.1,0.67,-1.66,-3.2,-2.64
MOTHERSON,2026-08-14,168.3,75.0,70.0,1.3,56.4,0.73,1.81,172.0,167.16,2.2,0.62,0.47,0.65,0.1,FTF_COILING,UNRESOLVED,3,-0.14,1.25,0.64,-1.6,-2.29,-3.43
MOTHERSON,2026-08-19,170.29,75.0,60.0,1.32,53.8,0.64,0.57,172.0,167.16,1.0,0.25,0.69,0.56,0.1,FTF_COILING,UNRESOLVED,3,-0.42,-0.53,-3.11,-4.1,-7.06,-6.35
MOTHERSON,2026-08-24,169.0,75.0,85.0,1.2,50.0,0.68,0.54,172.0,167.16,1.7,0.94,0.25,0.55,0.1,FTF_COILING,UNRESOLVED,3,-1.51,-2.37,0.99,-4.14,-3.6,-1.86
MOTHERSON,2026-08-27,166.0,75.0,60.0,1.23,50.0,0.67,0.43,172.0,167.16,3.5,0.39,0.59,0.5,-1.3,FTF_COILING,UNRESOLVED,3,-0.24,2.82,-2.41,-1.69,-2.11,-1.87
MOTHERSON,2026-09-01,165.6,75.0,60.0,1.2,52.5,1.01,0.6,173.27,163.74,4.4,0.34,0.71,1.0,1.1,RESISTANCE_PROBE,UNRESOLVED,3,-1.39,-2.17,-1.06,-4.5,-4.25,-1.33
MPHASIS,2025-01-28,2753.44,75.0,45.0,2.05,50.0,1.65,2.43,2906.4,2630.08,5.3,0.12,1.16,1.16,-1.5,RESISTANCE_PROBE,UNRESOLVED,3,4.35,-0.56,-2.29,-3.36,-13.73,-13.25
MPHASIS,2025-03-27,2413.95,25.0,45.0,1.04,43.6,1.14,1.35,2456.06,2391.9,1.7,0.78,0.78,0.78,0.9,FTF_COILING,FAILED_BREAKOUT,2,-1.11,-3.22,-11.83,-10.22,-2.34,0.91
MPHASIS,2025-06-12,2543.9,75.0,75.0,1.34,52.5,1.03,1.16,2581.05,2535.02,1.4,0.33,1.3,1.3,0.4,FTF_COILING,UNRESOLVED,3,-0.75,1.62,-0.6,5.19,9.53,8.35
MPHASIS,2025-06-17,2571.69,75.0,60.0,1.37,50.0,1.07,1.04,2581.05,2535.02,0.4,0.45,0.72,0.79,-0.4,FTF_COILING,UNRESOLVED,3,-0.22,-1.67,-0.39,6.98,9.25,9.14
MPHASIS,2025-06-20,2574.27,75.0,70.0,1.42,47.5,1.01,0.52,2581.05,2535.02,0.3,0.83,0.71,0.69,-0.4,FTF_COILING,CONFIRMED_BREAKOUT,3,-0.85,-0.49,3.85,8.46,7.17,4.97
MPHASIS,2025-06-25,2628.21,75.0,70.0,1.5,47.5,0.92,0.53,2581.05,2527.58,-1.8,0.86,0.86,0.66,-0.4,RESISTANCE_PROBE,CONFIRMED_BREAKOUT,1,1.81,1.72,4.94,6.12,1.4,-0.41
MPHASIS,2025-06-30,2716.82,75.0,60.0,1.36,52.5,1.08,0.84,2752.72,2665.83,1.3,0.63,0.75,0.75,1.9,FTF_COILING,CONFIRMED_BREAKOUT,2,1.27,1.51,1.03,1.43,-3.08,-4.52
MPHASIS,2025-07-03,2752.53,75.0,55.0,1.35,55.0,0.91,1.04,2799.51,2745.08,1.7,0.09,0.36,0.36,0.3,FTF_COILING,UNRESOLVED,3,1.44,-0.28,1.23,0.63,-1.28,-2.19
MPHASIS,2025-07-08,2778.12,50.0,65.0,1.16,55.0,0.92,0.75,2799.51,2745.08,0.8,0.63,0.97,0.49,-0.0,FTF_COILING,UNRESOLVED,3,0.4,0.3,1.13,-2.64,-5.17,-4.71
MPHASIS,2025-07-11,2764.68,50.0,60.0,1.23,52.5,1.06,0.73,2799.51,2745.08,1.2,0.34,1.17,0.73,-0.0,FTF_COILING,UNRESOLVED,3,-0.33,1.62,-0.21,-7.53,-5.03,-6.29
MPHASIS,2025-07-16,2801.69,50.0,55.0,1.26,52.5,1.01,0.82,2799.51,2745.08,-0.1,0.36,0.71,0.8,-0.0,FTF_COILING,UNRESOLVED,3,-1.14,-1.53,-4.88,-2.44,-6.31,-3.84
MPHASIS,2025-07-21,2729.72,50.0,50.0,1.12,50.0,1.0,0.64,2799.51,2745.08,2.5,0.42,0.47,0.77,-0.0,FTF_COILING,FAILED_BREAKOUT,2,-0.92,-2.37,-3.54,-1.98,-2.15,0.23
MPHASIS,2025-07-31,2717.35,75.0,25.0,1.09,47.5,1.45,2.03,2782.4,2699.62,2.3,0.6,0.99,0.99,0.7,FTF_COILING,FAILED_BREAKOUT,3,-1.18,-1.54,-3.14,-2.51,4.71,8.0
MPHASIS,2025-08-20,2761.47,75.0,50.0,0.81,42.5,0.89,0.63,2782.4,2603.79,0.8,0.96,0.91,0.62,-4.3,RESISTANCE_PROBE,CONFIRMED_BREAKOUT,3,0.67,0.46,-0.13,0.91,5.82,2.84
MPHASIS,2025-08-26,2798.18,75.0,30.0,0.94,40.0,1.18,1.08,2890.12,2824.28,3.2,0.12,1.69,1.69,-0.9,FTF_COILING,FAILED_BREAKOUT,1,-1.44,-2.97,0.69,3.31,-4.6,-3.21
MPHASIS,2025-09-01,2845.22,75.0,55.0,0.96,37.5,1.2,1.18,2853.5,2790.59,0.3,0.91,1.66,0.72,-2.7,FTF_COILING,UNRESOLVED,3,-0.65,-0.98,-4.6,0.61,-8.33,-6.4
MPHASIS,2025-09-04,2786.5,75.0,10.0,0.85,32.5,1.14,0.83,2853.5,2790.59,2.3,0.17,0.67,0.97,-2.7,FTF_COILING,FAILED_BREAKOUT,1,-2.23,-2.59,2.25,4.87,-4.34,-2.16
MPHASIS,2025-09-09,2778.8,75.0,35.0,0.8,32.5,1.1,0.82,2853.5,2688.52,2.6,0.74,0.92,0.97,-2.7,RESISTANCE_PROBE,CONFIRMED_BREAKOUT,1,4.03,2.53,3.41,-3.04,-1.88,-5.68
MPHASIS,2025-09-12,2828.37,75.0,10.0,0.77,32.5,1.08,1.2,2853.5,2714.82,0.9,0.16,0.59,1.08,-2.7,RESISTANCE_PROBE,CONFIRMED_BREAKOUT,3,1.21,1.6,3.09,-9.01,-5.3,-7.65
MPHASIS,2025-09-17,2900.34,75.0,45.0,0.84,40.0,0.72,1.03,2853.5,2803.25,-1.6,0.47,1.19,1.0,-2.7,RESISTANCE_PROBE,CONFIRMED_BREAKOUT,1,0.76,0.53,-7.96,-9.64,-6.53,-7.23
MPHASIS,2026-01-09,2764.1,75.0,75.0,1.12,55.0,1.1,0.49,2815.52,2728.26,1.8,0.75,1.02,1.02,1.3,FTF_COILING,UNRESOLVED,3,-0.21,1.25,1.7,-3.01,-7.86,-6.23
MPHASIS,2026-01-14,2715.99,50.0,40.0,1.19,57.5,1.23,0.58,2815.52,2728.26,3.5,0.14,1.12,0.9,1.1,FTF_COILING,UNRESOLVED,3,0.0,3.5,0.36,-0.57,-11.65,-14.73
MPHASIS,2026-01-19,2814.35,75.0,75.0,1.27,56.4,1.2,0.72,2815.52,2728.26,0.0,0.77,0.79,1.2,-0.4,FTF_COILING,UNRESOLVED,3,-2.56,-3.15,-2.9,-2.44,-14.69,-12.27
MPHASIS,2026-01-22,2736.73,50.0,25.0,1.08,51.3,1.48,1.1,2815.52,2728.26,2.8,0.27,0.94,1.45,-0.4,FTF_COILING,UNRESOLVED,3,-2.04,-0.14,-1.82,-7.1,-15.53,-16.23
MPHASIS,2026-01-28,2759.71,50.0,50.0,1.68,51.3,1.31,1.4,2803.83,2660.77,1.6,0.5,0.51,1.14,2.7,FTF_COILING,UNRESOLVED,3,-2.15,-2.64,-5.14,-8.66,-20.33,-18.24
MPHASIS,2026-02-03,2745.69,50.0,30.0,1.05,46.2,1.12,0.95,2803.83,2660.77,2.1,0.05,1.19,0.94,1.0,FTF_COILING,FAILED_BREAKOUT,2,-4.65,-6.05,-7.28,-12.56,-19.58,-14.4
MPHASIS,2026-04-15,2346.39,50.0,55.0,0.91,47.5,1.07,1.15,2352.04,2216.77,0.2,0.92,1.44,0.34,1.8,FTF_COILING,CONFIRMED_BREAKOUT,1,1.35,2.2,-3.25,-6.58,-10.96,-12.15
MPHASIS,2026-07-06,2246.96,50.0,70.0,1.45,55.3,1.16,1.31,2270.14,2208.78,1.0,0.71,0.92,0.92,1.7,FTF_COILING,CONFIRMED_BREAKOUT,1,2.92,-0.23,6.38,7.41,8.1,5.03
MPHASIS,2026-07-29,2361.3,50.0,45.0,2.13,59.0,1.25,1.76,2449.9,2192.1,3.6,0.13,1.14,1.14,-0.3,RESISTANCE_PROBE,UNRESOLVED,3,-0.62,-0.8,4.18,7.47,1.64,-1.19
MPHASIS,2026-08-03,2429.0,75.0,60.0,1.89,53.8,1.21,1.47,2449.9,2368.5,0.9,1.0,0.6,1.09,-1.1,FTF_COILING,CONFIRMED_BREAKOUT,2,-2.02,1.28,3.25,3.33,-0.07,-1.33
MPHASIS,2026-08-06,2421.9,75.0,55.0,1.81,53.8,1.02,0.98,2449.9,2368.5,1.1,0.42,0.27,0.92,-1.1,FTF_COILING,CONFIRMED_BREAKOUT,1,2.19,3.56,4.92,0.33,2.03,-0.16
MUTHOOTFIN,2025-01-06,2141.27,75.0,45.0,2.56,62.5,1.2,1.64,2228.65,2087.58,3.9,0.23,0.71,0.71,-1.9,RESISTANCE_PROBE,UNRESOLVED,3,1.07,-0.3,-4.09,-1.99,-0.15,2.22
MUTHOOTFIN,2025-01-09,2091.6,75.0,45.0,2.44,62.5,1.12,1.18,2228.65,2116.14,6.1,0.05,0.43,0.58,-2.2,RESISTANCE_PROBE,FAILED_BREAKOUT,2,0.07,-1.81,2.1,2.81,6.14,8.09
MUTHOOTFIN,2025-01-22,2152.68,75.0,100.0,2.89,60.0,0.82,0.45,2228.65,2086.6,3.4,0.89,1.33,0.59,-5.9,RESISTANCE_PROBE,UNRESOLVED,3,-0.11,-1.09,0.6,1.89,2.14,4.93
MUTHOOTFIN,2025-01-29,2165.56,75.0,90.0,2.02,57.5,1.05,0.86,2228.65,2055.26,2.8,0.87,1.17,1.0,5.4,RESISTANCE_PROBE,UNRESOLVED,3,-0.04,2.18,1.28,-1.01,-1.24,0.04
MUTHOOTFIN,2025-02-01,2137.99,75.0,35.0,1.72,55.0,1.28,0.85,2228.65,2081.8,4.1,0.23,0.56,1.0,2.7,RESISTANCE_PROBE,UNRESOLVED,3,-0.46,2.59,2.85,3.32,-1.66,-5.29
MUTHOOTFIN,2025-02-05,2219.98,75.0,55.0,1.82,52.5,1.23,0.79,2261.91,2089.0,1.9,0.39,1.42,1.0,6.3,RESISTANCE_PROBE,UNRESOLVED,3,-1.44,-0.95,-3.68,-0.09,-3.94,-1.14
MUTHOOTFIN,2025-02-10,2156.99,75.0,55.0,1.68,50.0,0.99,0.95,2218.32,2180.55,2.8,0.13,0.83,0.83,-1.1,FTF_COILING,CONFIRMED_BREAKOUT,3,-0.62,-0.86,1.91,-0.6,-0.78,-5.75
MUTHOOTFIN,2025-02-19,2218.07,75.0,70.0,1.35,50.0,1.18,2.46,2283.41,2165.07,2.9,0.86,0.78,0.86,1.5,FTF_COILING,UNRESOLVED,3,0.53,-2.3,-2.45,-3.86,4.08,7.68
MUTHOOTFIN,2025-03-17,2243.54,75.0,85.0,1.58,48.7,0.94,0.78,2287.23,2110.95,1.9,0.77,2.41,1.0,6.3,RESISTANCE_PROBE,CONFIRMED_BREAKOUT,2,0.0,5.51,2.72,2.12,-7.8,-12.62
MUTHOOTFIN,2025-03-20,2326.37,75.0,35.0,1.59,47.4,1.16,1.24,2385.78,2186.53,2.5,0.1,1.52,1.0,6.4,RESISTANCE_PROBE,UNRESOLVED,3,-0.76,-0.93,-1.55,-1.11,-7.72,-6.57
MUTHOOTFIN,2025-03-25,2297.67,75.0,20.0,1.36,47.4,1.23,1.19,2385.78,2294.19,3.7,0.43,0.67,1.01,-0.7,RESISTANCE_PROBE,UNRESOLVED,3,-1.36,-0.32,-0.11,-8.76,-7.93,-9.37
MUTHOOTFIN,2025-03-28,2334.35,75.0,100.0,1.45,50.0,1.03,1.04,2385.78,2319.76,2.2,0.74,1.42,0.98,-2.3,FTF_COILING,UNRESOLVED,3,-1.85,-1.68,-5.4,-12.68,-7.85,-7.35
MUTHOOTFIN,2025-04-03,2321.96,75.0,80.0,1.45,52.6,1.06,1.05,2385.78,2319.76,2.7,0.72,1.07,0.98,-2.3,FTF_COILING,FAILED_BREAKOUT,2,-0.93,-4.89,-14.9,-4.12,-1.42,3.65
MUTHOOTFIN,2025-06-06,2425.69,75.0,90.0,1.2,65.0,1.08,1.26,2449.29,2192.46,1.0,0.87,1.93,1.0,10.6,RESISTANCE_PROBE,CONFIRMED_BREAKOUT,1,3.83,4.39,6.23,6.55,8.85,4.84
MUTHOOTFIN,2025-06-11,2517.31,75.0,35.0,1.27,67.5,1.21,1.03,2551.33,2263.86,1.3,0.38,0.32,1.0,11.2,RESISTANCE_PROBE,CONFIRMED_BREAKOUT,3,0.65,2.37,3.77,1.39,4.21,0.47
MUTHOOTFIN,2025-06-16,2611.22,75.0,80.0,1.35,67.5,0.92,0.82,2623.02,2481.42,0.4,0.75,0.9,1.0,5.2,RESISTANCE_PROBE,UNRESOLVED,3,0.47,0.04,-1.2,-0.36,1.22,1.07
MUTHOOTFIN,2025-06-19,2614.99,75.0,60.0,1.42,67.5,0.9,0.66,2647.51,2570.86,1.2,0.26,0.88,1.0,1.7,RESISTANCE_PROBE,UNRESOLVED,3,-1.16,-1.34,-2.04,-0.08,0.87,3.66
MUTHOOTFIN,2025-06-24,2544.49,75.0,60.0,2.07,65.0,0.84,0.58,2647.51,2554.4,3.9,0.34,0.8,1.0,-0.4,RESISTANCE_PROBE,UNRESOLVED,3,0.31,0.67,2.96,3.27,4.22,4.03
MUTHOOTFIN,2025-06-30,2601.9,75.0,60.0,1.63,65.0,1.09,0.82,2647.51,2494.9,1.7,0.64,0.73,1.0,4.3,RESISTANCE_PROBE,UNRESOLVED,3,0.69,0.06,1.4,1.58,0.92,0.49
MUTHOOTFIN,2025-07-03,2613.01,75.0,55.0,1.76,65.0,0.93,0.82,2647.51,2544.19,1.3,0.44,0.47,1.0,2.7,RESISTANCE_PROBE,UNRESOLVED,3,1.05,0.97,0.37,0.94,-0.87,-1.42
MUTHOOTFIN,2025-07-08,2627.58,75.0,75.0,1.68,62.5,0.8,0.44,2669.03,2594.17,1.6,0.49,0.73,1.0,1.3,RESISTANCE_PROBE,UNRESOLVED,3,-0.16,-0.19,0.22,0.92,-0.31,0.03
MUTHOOTFIN,2025-07-11,2618.46,75.0,85.0,1.59,57.5,0.84,0.43,2669.03,2598.23,1.9,0.77,0.67,1.0,0.8,RESISTANCE_PROBE,UNRESOLVED,3,0.94,0.56,0.73,0.76,-0.86,-1.22
MUTHOOTFIN,2025-07-16,2627.98,75.0,85.0,1.49,57.5,0.86,0.41,2669.03,2566.5,1.5,0.78,0.47,1.0,2.4,RESISTANCE_PROBE,UNRESOLVED,3,0.37,0.37,1.5,-0.64,-5.29,-6.46
MUTHOOTFIN,2025-07-21,2660.7,75.0,75.0,1.58,59.0,0.7,0.33,2680.24,2605.17,0.7,0.66,0.83,1.0,2.1,RESISTANCE_PROBE,UNRESOLVED,3,-0.33,0.25,-1.31,-0.65,2.39,3.19
MUTHOOTFIN,2025-07-24,2639.88,75.0,60.0,2.08,59.0,0.96,0.4,2695.21,2622.82,2.1,0.24,0.77,1.0,0.7,RESISTANCE_PROBE,UNRESOLVED,3,-0.06,-0.53,-1.87,-1.04,0.69,2.43
MUTHOOTFIN,2025-08-04,2643.45,75.0,70.0,2.25,46.2,1.26,0.63,2695.21,2560.75,1.9,0.96,2.76,1.0,3.2,RESISTANCE_PROBE,UNRESOLVED,3,-0.91,-1.54,-2.85,3.05,4.42,5.66
MUTHOOTFIN,2025-08-07,2612.51,75.0,35.0,1.69,43.6,1.21,0.77,2695.21,2526.64,3.1,0.66,0.53,1.0,3.4,RESISTANCE_PROBE,UNRESOLVED,3,-0.64,-1.7,4.66,1.75,10.11,14.52
MUTHOOTFIN,2025-08-14,2734.28,75.0,60.0,1.85,35.9,1.61,0.45,2776.52,2455.83,1.5,0.67,10.97,1.0,11.3,RESISTANCE_PROBE,UNRESOLVED,3,0.4,-0.37,-2.79,-1.72,6.51,9.43
MUTHOOTFIN,2025-08-20,2661.4,75.0,20.0,1.61,38.5,1.51,3.26,2783.46,2648.9,4.4,0.28,0.75,1.0,0.5,RESISTANCE_PROBE,UNRESOLVED,3,-0.3,-0.12,-1.46,5.31,10.2,9.8
MUTHOOTFIN,2025-09-02,2676.07,75.0,40.0,1.33,30.8,0.89,0.96,2783.46,2582.36,3.9,0.15,0.55,1.0,3.6,RESISTANCE_PROBE,CONFIRMED_BREAKOUT,3,3.15,4.73,9.03,10.73,14.02,8.43
MUTHOOTFIN,2025-09-05,2814.11,75.0,40.0,1.54,38.5,0.98,1.35,2850.79,2663.97,1.3,0.18,0.49,1.0,5.6,RESISTANCE_PROBE,CONFIRMED_BREAKOUT,1,2.22,3.68,3.11,3.42,13.74,11.27
MUTHOOTFIN,2025-09-10,2873.8,75.0,40.0,1.75,41.0,0.83,1.16,2929.93,2806.27,1.9,0.28,0.4,1.0,2.4,RESISTANCE_PROBE,UNRESOLVED,3,-0.71,0.97,1.52,6.56,12.13,10.64
MUTHOOTFIN,2025-09-15,2912.37,75.0,70.0,1.74,43.6,0.86,0.67,2929.93,2846.93,0.6,0.79,0.31,1.0,2.3,RESISTANCE_PROBE,UNRESOLVED,3,1.75,0.17,3.77,4.35,9.58,8.81
MUTHOOTFIN,2025-09-18,2932.8,75.0,70.0,1.98,45.0,0.87,0.46,2971.77,2881.63,1.3,0.9,0.6,1.0,1.8,RESISTANCE_PROBE,CONFIRMED_BREAKOUT,2,-0.77,3.04,3.18,7.1,12.74,9.41
MUTHOOTFIN,2025-09-23,3035.14,75.0,55.0,2.13,47.5,1.07,0.76,3052.29,2891.05,0.6,0.63,1.08,1.0,5.0,RESISTANCE_PROBE,UNRESOLVED,3,0.9,-0.3,0.53,6.61,3.96,5.36
MUTHOOTFIN,2025-09-26,2994.98,75.0,30.0,2.09,47.5,1.06,0.94,3074.8,3005.69,2.6,0.27,0.84,1.0,-0.4,RESISTANCE_PROBE,CONFIRMED_BREAKOUT,3,1.47,1.88,6.87,6.41,5.35,1.19
MUTHOOTFIN,2025-10-01,3118.13,75.0,80.0,2.26,52.5,1.03,0.79,3121.21,2976.83,0.1,0.96,0.84,1.0,4.7,RESISTANCE_PROBE,CONFIRMED_BREAKOUT,2,0.73,2.65,3.34,3.94,1.09,-1.52
MUTHOOTFIN,2025-10-07,3215.41,75.0,75.0,2.53,57.5,1.07,0.75,3230.58,3050.21,0.5,0.68,1.02,1.0,5.4,RESISTANCE_PROBE,UNRESOLVED,3,0.63,0.21,-0.75,0.99,-1.81,0.85
MUTHOOTFIN,2025-10-10,3130.43,75.0,80.0,2.4,60.0,1.0,0.64,3246.65,3183.09,3.6,0.07,1.23,1.0,-1.7,RESISTANCE_PROBE,UNRESOLVED,3,1.81,1.94,5.63,-0.35,7.36,3.96
MUTHOOTFIN,2025-10-15,3232.96,75.0,75.0,2.68,62.5,1.06,0.64,3257.46,3106.53,0.8,0.62,1.11,1.0,4.1,RESISTANCE_PROBE,CONFIRMED_BREAKOUT,2,0.25,2.28,-2.4,-2.11,14.27,11.73
MUTHOOTFIN,2025-10-20,3294.34,75.0,70.0,2.9,67.5,0.98,0.84,3349.58,3250.42,1.6,0.66,0.74,0.74,1.4,FTF_COILING,FAILED_BREAKOUT,2,-1.43,-4.22,-4.22,-4.03,11.42,16.33
MUTHOOTFIN,2025-11-10,3300.29,75.0,80.0,1.88,62.5,0.92,0.81,3349.58,3118.83,1.5,0.94,0.8,1.07,-4.0,RESISTANCE_PROBE,UNRESOLVED,3,1.84,-0.1,12.99,8.6,13.45,11.28
MUTHOOTFIN,2025-11-13,3364.65,75.0,70.0,1.98,62.5,1.2,0.8,3378.24,3193.3,0.4,0.86,0.91,1.0,5.4,RESISTANCE_PROBE,CONFIRMED_BREAKOUT,1,9.8,10.83,8.97,10.83,10.05,0.23
MUTHOOTFIN,2025-11-18,3664.91,75.0,35.0,2.25,62.5,1.47,2.45,3736.21,3279.47,1.9,0.23,0.67,1.0,11.8,RESISTANCE_PROBE,UNRESOLVED,3,0.16,0.04,-0.39,2.27,4.09,5.8
MUTHOOTFIN,2025-11-21,3605.51,75.0,55.0,2.11,60.0,0.65,2.44,3736.21,3645.67,3.5,0.08,0.4,1.0,-1.1,RESISTANCE_PROBE,UNRESOLVED,3,-0.59,1.25,2.98,4.51,3.99,1.49
MUTHOOTFIN,2025-11-26,3694.36,75.0,85.0,2.13,62.5,0.72,0.69,3736.21,3564.26,1.1,0.79,0.49,1.0,3.7,RESISTANCE_PROBE,CONFIRMED_BREAKOUT,3,0.94,0.5,1.01,0.54,2.12,-0.17
MUTHOOTFIN,2025-12-01,3779.15,75.0,75.0,2.16,60.0,0.77,0.74,3800.86,3659.06,0.6,0.65,0.67,1.0,3.3,RESISTANCE_PROBE,UNRESOLVED,3,-0.82,-1.25,-0.93,1.19,-0.31,2.62
MUTHOOTFIN,2025-12-04,3670.96,75.0,60.0,1.89,52.5,0.85,0.63,3800.86,3678.1,3.4,0.15,0.5,1.0,-0.2,RESISTANCE_PROBE,UNRESOLVED,3,2.65,1.99,0.87,1.29,3.21,2.1
MUTHOOTFIN,2025-12-09,3710.72,75.0,85.0,1.83,52.5,0.98,0.6,3800.86,3657.38,2.4,0.54,1.01,1.0,1.5,RESISTANCE_PROBE,UNRESOLVED,3,0.1,-0.21,2.8,1.77,5.83,3.19
MUTHOOTFIN,2025-12-12,3805.42,75.0,85.0,1.71,50.0,1.06,0.68,3815.84,3680.88,0.3,0.89,1.01,1.0,3.4,RESISTANCE_PROBE,UNRESOLVED,3,0.49,0.24,-1.47,-2.63,1.86,3.78
MUTHOOTFIN,2025-12-17,3734.92,75.0,35.0,1.54,47.5,1.11,0.5,3835.57,3719.65,2.6,0.09,0.77,1.0,0.4,RESISTANCE_PROBE,UNRESOLVED,3,-0.44,0.39,1.01,1.92,4.56,3.9
MUTHOOTFIN,2025-12-22,3758.62,75.0,85.0,1.66,52.5,0.93,0.55,3835.57,3690.79,2.0,0.82,0.76,1.0,1.8,RESISTANCE_PROBE,UNRESOLVED,3,0.47,0.38,0.23,3.97,3.69,3.51
MUTHOOTFIN,2025-12-26,3765.16,75.0,60.0,1.44,50.0,0.91,0.71,3857.38,3758.22,2.4,0.2,0.62,0.62,0.2,FTF_COILING,UNRESOLVED,3,-1.59,0.06,0.63,0.63,0.15,-0.23
MUTHOOTFIN,2025-12-31,3779.74,75.0,35.0,1.52,50.0,1.21,1.09,3857.38,3758.22,2.0,0.4,0.82,1.8,-1.4,FTF_COILING,CONFIRMED_BREAKOUT,3,0.72,0.24,3.89,3.32,7.35,4.35
MUTHOOTFIN,2026-01-06,3907.66,75.0,65.0,2.18,52.5,1.11,1.27,3857.38,3734.92,-1.3,0.32,1.41,1.37,-1.4,RESISTANCE_PROBE,CONFIRMED_BREAKOUT,1,0.49,-2.21,-0.37,-0.26,-5.56,-6.02
MUTHOOTFIN,2026-01-09,3788.96,75.0,45.0,1.77,50.0,1.2,1.12,3921.54,3774.78,3.4,0.29,0.94,0.94,0.4,FTF_COILING,UNRESOLVED,3,2.3,2.76,3.01,-0.48,-1.08,-4.02
MUTHOOTFIN,2026-01-14,3905.08,75.0,70.0,2.1,52.5,1.1,0.89,3921.54,3774.78,0.4,0.76,0.62,0.91,0.4,FTF_COILING,UNRESOLVED,3,0.0,-0.05,-0.8,3.9,3.27,3.04
MUTHOOTFIN,2026-01-19,3913.81,75.0,75.0,2.06,53.8,0.6,0.54,3921.54,3774.78,0.2,0.58,0.7,0.65,0.4,FTF_COILING,CONFIRMED_BREAKOUT,2,-0.42,-1.02,-2.01,-8.18,-11.43,-10.51
MUTHOOTFIN,2026-01-28,3922.33,75.0,35.0,1.09,48.7,1.46,1.52,3994.52,3722.82,1.8,0.66,1.0,1.11,-2.4,RESISTANCE_PROBE,CONFIRMED_BREAKOUT,1,3.44,-3.18,-5.91,-0.56,-11.4,-14.35
MUTHOOTFIN,2026-02-12,4032.8,75.0,100.0,1.36,59.0,0.95,1.21,4114.71,3691.19,2.0,0.92,1.4,1.36,-11.5,RESISTANCE_PROBE,FAILED_BREAKOUT,1,-11.82,-13.98,-16.13,-15.52,-18.04,-7.05
MUTHOOTFIN,2026-05-13,3506.4,75.0,75.0,1.04,51.3,1.24,0.72,3594.0,3339.3,2.4,0.82,2.49,1.04,-4.6,RESISTANCE_PROBE,UNRESOLVED,3,0.7,-5.56,-5.62,-5.69,-17.33,-11.91
NBCC,2025-02-01,93.46,50.0,35.0,1.26,38.5,1.29,1.22,96.9,85.57,3.6,0.13,2.17,0.91,-8.0,RESISTANCE_PROBE,UNRESOLVED,3,-4.79,-2.38,-2.99,-13.87,-22.21,-22.02
NBCC,2025-03-28,80.8,25.0,20.0,0.93,46.2,1.13,1.28,83.57,80.92,3.3,0.23,1.17,1.17,-0.1,FTF_COILING,UNRESOLVED,3,-0.34,1.22,-2.97,16.99,14.29,10.88
NBCC,2025-04-03,83.29,50.0,35.0,0.96,48.7,1.06,1.23,83.57,80.92,0.3,0.89,0.86,0.79,-0.5,FTF_COILING,FAILED_BREAKOUT,2,-1.99,-5.86,5.56,18.71,13.61,20.69
NBCC,2025-04-08,81.97,25.0,55.0,1.04,46.2,1.38,0.79,83.57,74.0,1.9,0.7,1.55,0.92,-3.1,RESISTANCE_PROBE,CONFIRMED_BREAKOUT,1,4.74,7.26,18.45,14.95,20.15,14.71
NBCC,2025-04-21,98.65,75.0,80.0,1.94,59.0,1.01,2.51,98.57,94.72,-0.1,0.85,0.95,0.95,4.2,FTF_COILING,CONFIRMED_BREAKOUT,1,0.22,0.83,-1.34,-7.4,10.91,10.67
NBCC,2025-05-28,114.06,75.0,60.0,2.52,60.0,0.69,0.74,118.75,109.48,3.9,0.26,0.86,1.0,4.2,RESISTANCE_PROBE,CONFIRMED_BREAKOUT,2,0.52,6.71,8.03,7.53,8.04,1.25
NBCC,2025-06-02,123.14,75.0,75.0,3.08,65.0,1.05,1.39,125.8,112.43,2.1,0.4,1.38,1.0,9.5,RESISTANCE_PROBE,UNRESOLVED,3,-1.11,0.06,3.13,-2.04,-1.67,-3.4
NBCC,2025-06-05,125.35,75.0,50.0,3.07,65.0,1.26,1.59,125.8,121.37,0.4,0.47,0.96,0.7,0.3,FTF_COILING,CONFIRMED_BREAKOUT,1,0.54,1.31,-5.0,-10.04,-7.5,-7.99
NBCC,2025-09-12,105.43,50.0,30.0,0.67,37.5,1.16,1.23,108.32,104.95,2.7,0.1,3.52,3.52,0.5,FTF_COILING,CONFIRMED_BREAKOUT,2,1.1,2.91,4.06,-1.23,6.39,3.38
NBCC,2025-09-17,108.92,75.0,25.0,0.82,42.5,1.08,2.15,109.37,104.98,0.4,0.59,0.81,1.28,1.5,FTF_COILING,CONFIRMED_BREAKOUT,3,-0.19,0.73,0.05,-0.48,2.14,-2.25
NBCC,2025-09-23,111.72,75.0,30.0,1.03,47.5,1.0,1.68,116.04,108.23,3.7,0.17,0.81,0.81,1.8,RESISTANCE_PROBE,FAILED_BREAKOUT,3,-2.46,-3.23,-5.1,-1.59,-1.21,5.99
NBCC,2025-10-03,112.0,75.0,70.0,1.08,50.0,1.18,0.93,116.04,103.92,3.5,0.89,1.09,0.75,-5.1,RESISTANCE_PROBE,UNRESOLVED,3,-1.57,-0.44,-0.41,-1.51,4.0,5.93
NBCC,2025-10-09,112.52,75.0,70.0,1.18,52.5,0.98,1.02,116.04,109.4,3.0,0.85,0.89,0.74,-5.1,RESISTANCE_PROBE,UNRESOLVED,3,-0.87,-0.32,-1.14,-1.72,-0.4,3.05
NBCC,2025-11-21,111.69,75.0,40.0,1.64,45.0,0.96,2.04,116.59,111.64,4.2,0.1,0.82,0.82,-1.0,RESISTANCE_PROBE,UNRESOLVED,3,3.43,4.42,3.62,-0.49,0.97,-4.06
NBCC,2025-11-26,117.55,75.0,70.0,2.2,52.5,1.04,2.23,117.93,111.74,0.3,0.63,0.75,0.81,4.4,FTF_COILING,UNRESOLVED,3,-0.92,-1.54,-4.47,-9.97,-1.98,-1.57
NBCC,2025-12-01,117.05,75.0,80.0,2.05,50.0,0.7,1.69,117.93,111.74,0.7,0.79,0.5,0.64,3.6,FTF_COILING,UNRESOLVED,3,-2.33,-4.07,-8.5,-2.22,3.31,8.35
NBCC,2025-12-15,114.45,75.0,75.0,1.9,45.0,1.1,0.76,117.93,105.29,2.9,0.89,2.44,0.56,-5.3,RESISTANCE_PROBE,UNRESOLVED,3,-3.22,-5.05,0.84,5.66,-8.74,-2.72
NBCC,2025-12-30,120.93,75.0,55.0,2.08,45.0,0.87,1.64,124.83,120.71,3.1,0.67,0.76,0.76,0.2,FTF_COILING,UNRESOLVED,3,-0.12,0.15,-2.77,-13.62,-18.36,-18.86
NBCC,2026-01-02,121.67,75.0,55.0,2.14,47.5,0.7,1.62,124.83,120.71,2.5,0.6,0.62,0.63,0.1,FTF_COILING,FAILED_BREAKOUT,2,-2.46,-3.37,-10.98,-15.45,-20.96,-18.2
NBCC,2026-05-25,96.13,50.0,80.0,1.6,56.4,0.93,0.62,99.78,90.98,3.7,0.34,2.75,0.79,-4.0,RESISTANCE_PROBE,UNRESOLVED,3,-1.28,2.39,7.86,6.89,13.63,10.98
NBCC,2026-05-28,98.42,50.0,70.0,1.62,57.9,1.13,1.72,99.78,93.65,1.4,0.5,0.0,1.16,-4.0,RESISTANCE_PROBE,CONFIRMED_BREAKOUT,1,1.17,5.35,5.03,1.43,8.14,6.89
NBCC,2026-06-04,103.37,75.0,50.0,1.63,55.3,1.25,1.96,106.13,101.33,2.6,0.58,0.92,0.88,0.2,FTF_COILING,UNRESOLVED,3,2.19,-0.6,-3.42,5.83,-0.98,-2.62
NBCC,2026-06-09,105.1,75.0,70.0,1.67,57.9,1.09,1.71,106.99,103.44,1.8,0.85,0.61,0.8,-0.7,FTF_COILING,FAILED_BREAKOUT,2,-2.67,-5.02,3.13,3.03,-6.89,-1.97
NBCC,2026-06-12,104.44,75.0,70.0,1.55,52.6,1.16,1.13,106.99,98.86,2.4,0.9,0.8,0.72,-3.5,RESISTANCE_PROBE,CONFIRMED_BREAKOUT,2,2.09,3.78,5.98,1.91,-4.93,-8.39
NBCC,2026-06-17,112.06,75.0,100.0,1.75,57.9,1.03,1.09,106.99,101.66,-4.7,0.92,1.28,0.81,-3.5,RESISTANCE_PROBE,CONFIRMED_BREAKOUT,1,-2.38,-1.22,-3.5,-7.44,-13.3,-11.19
NHPC,2025-02-20,77.7,75.0,70.0,0.67,42.5,0.99,0.75,78.91,69.23,1.5,0.89,2.88,0.98,-4.1,RESISTANCE_PROBE,UNRESOLVED,3,0.11,-3.21,-8.65,-3.47,4.79,10.01
NHPC,2025-03-24,81.42,75.0,40.0,1.19,48.7,0.91,0.99,81.88,77.92,0.6,0.24,1.13,1.13,4.5,FTF_COILING,UNRESOLVED,3,-2.76,-3.2,-1.77,-0.05,2.93,5.89
NHPC,2025-03-27,79.14,75.0,45.0,1.19,48.7,1.25,1.33,81.88,77.92,3.3,0.56,4.27,1.18,1.1,FTF_COILING,CONFIRMED_BREAKOUT,1,1.13,1.06,2.17,5.09,5.55,4.37
NHPC,2025-04-03,82.31,75.0,60.0,1.47,51.3,1.25,2.2,84.65,79.84,2.8,0.85,0.69,0.89,0.2,FTF_COILING,UNRESOLVED,3,-1.76,-2.31,-0.39,6.33,-1.32,-0.2
NHPC,2025-04-09,82.18,50.0,60.0,1.48,51.3,1.23,1.0,84.65,79.84,2.9,0.7,0.96,0.89,0.2,FTF_COILING,UNRESOLVED,3,-0.24,1.21,3.92,2.81,-1.03,-2.1
NHPC,2025-04-16,83.08,50.0,55.0,1.26,53.8,0.81,1.07,84.65,79.84,1.9,0.34,0.82,0.89,0.2,FTF_COILING,CONFIRMED_BREAKOUT,2,-0.4,2.8,4.41,-0.5,5.15,2.28
NHPC,2025-04-22,87.52,50.0,100.0,1.46,56.4,0.75,0.97,84.65,82.61,-3.4,0.72,1.23,0.86,0.2,RESISTANCE_PROBE,CONFIRMED_BREAKOUT,1,0.55,-0.89,-3.74,-7.2,-2.51,-3.04
NHPC,2025-06-09,88.54,75.0,70.0,1.6,52.5,1.15,0.65,91.28,82.45,3.0,0.35,1.58,1.0,7.4,RESISTANCE_PROBE,UNRESOLVED,3,-1.34,-0.71,-4.87,-6.29,-7.14,-3.63
NHPC,2025-06-12,85.32,75.0,45.0,1.24,50.0,1.09,0.97,89.91,87.08,5.1,0.1,0.64,0.71,-0.5,RESISTANCE_PROBE,FAILED_BREAKOUT,1,-1.78,-1.28,-7.7,-2.56,-0.11,1.7
NHPC,2025-09-22,85.94,100.0,45.0,1.21,50.0,1.06,1.95,87.4,85.52,1.7,0.4,0.72,0.72,0.5,FTF_COILING,UNRESOLVED,3,-1.25,-1.64,-2.12,-1.45,-1.57,-0.09
NHPC,2025-09-25,84.66,75.0,40.0,1.13,47.5,0.97,1.35,87.4,85.52,3.1,0.09,1.09,0.79,-1.2,FTF_COILING,FAILED_BREAKOUT,1,-3.23,-0.65,0.58,0.59,-1.63,1.65
NHPC,2025-09-30,84.56,75.0,80.0,1.3,50.0,1.02,1.17,87.4,81.8,3.3,0.8,0.72,0.91,-4.2,RESISTANCE_PROBE,UNRESOLVED,3,0.06,0.71,-1.02,0.83,-0.2,-0.53
NHPC,2025-10-06,84.84,75.0,70.0,1.38,50.0,0.74,0.96,87.4,83.85,2.9,0.53,0.44,0.81,-4.2,RESISTANCE_PROBE,UNRESOLVED,3,-0.17,-1.35,-0.18,-0.06,-2.83,-2.9
NHPC,2025-10-09,84.9,75.0,75.0,1.33,50.0,0.87,0.72,87.4,83.25,2.9,0.5,0.88,0.75,-4.2,RESISTANCE_PROBE,UNRESOLVED,3,0.31,-0.25,0.32,-2.17,-5.03,-3.57
NHPC,2025-10-15,85.26,75.0,45.0,1.26,47.5,1.3,1.08,85.89,83.36,0.7,0.72,0.97,0.97,2.3,FTF_COILING,UNRESOLVED,3,-0.1,-0.34,-1.4,-1.02,-7.74,-7.23
NHPC,2025-10-20,84.79,75.0,40.0,1.05,45.0,1.04,1.42,85.71,84.15,1.1,0.15,1.06,1.06,0.8,FTF_COILING,UNRESOLVED,3,-0.24,-0.85,-2.23,-2.77,-7.52,-5.59
NHPC,2025-10-24,83.06,75.0,40.0,0.91,42.5,0.85,1.14,85.51,83.73,2.9,0.08,1.34,1.34,-0.8,FTF_COILING,UNRESOLVED,3,0.27,-0.19,0.06,-2.92,-9.23,-11.49
NHPC,2025-10-30,84.39,75.0,20.0,0.95,42.5,0.94,1.06,85.03,82.88,0.8,0.29,0.62,0.91,0.0,FTF_COILING,UNRESOLVED,3,-1.52,-0.95,-5.42,-6.79,-10.92,-8.82
NHPC,2025-11-04,82.44,50.0,20.0,0.93,45.0,0.96,0.78,85.03,82.88,3.0,0.2,0.68,0.77,0.0,FTF_COILING,FAILED_BREAKOUT,1,-1.56,-3.18,-2.59,-4.88,-8.71,-7.27
NHPC,2026-01-01,77.94,50.0,25.0,0.77,50.0,1.2,1.08,78.27,76.72,0.4,0.43,0.89,0.89,1.6,FTF_COILING,CONFIRMED_BREAKOUT,1,5.1,5.15,3.28,2.17,-1.71,-6.48
NHPC,2026-01-06,81.82,75.0,50.0,1.02,52.5,1.23,1.74,82.95,81.22,1.4,0.64,1.16,1.16,0.7,FTF_COILING,UNRESOLVED,3,0.16,-1.63,-2.53,-7.14,-6.05,-4.79
NHPC,2026-01-09,80.75,75.0,35.0,1.12,55.0,1.03,1.71,82.95,81.22,2.7,0.24,1.95,1.17,-0.9,FTF_COILING,UNRESOLVED,3,0.45,-1.23,-2.68,-8.71,-4.28,-2.94
NHPC,2026-01-14,79.63,75.0,40.0,1.14,55.0,1.25,1.37,81.98,80.35,2.9,0.46,0.78,1.17,-0.7,FTF_COILING,FAILED_BREAKOUT,2,0.0,-1.32,-6.36,-2.6,-4.19,-2.91
NHPC,2026-03-16,75.06,50.0,45.0,0.73,41.0,1.13,1.08,76.27,74.15,1.6,0.58,1.62,1.62,1.2,FTF_COILING,CONFIRMED_BREAKOUT,1,2.15,2.78,0.01,0.16,11.01,8.67
NHPC,2026-03-19,76.03,50.0,20.0,0.76,46.2,0.96,1.45,77.99,76.33,2.5,0.14,0.97,0.97,-0.4,FTF_COILING,UNRESOLVED,3,0.73,-1.26,0.46,-0.75,8.38,7.96
NHPC,2026-03-24,76.33,75.0,35.0,0.75,48.7,1.02,1.21,77.99,76.33,2.1,0.87,0.52,0.89,-1.6,FTF_COILING,FAILED_BREAKOUT,3,0.86,0.07,-1.58,0.72,8.74,12.9
NHPC,2026-04-06,75.95,75.0,35.0,0.95,48.7,1.17,0.92,77.99,72.8,2.6,0.92,0.47,0.8,-3.7,RESISTANCE_PROBE,UNRESOLVED,3,-0.64,0.71,1.97,8.5,9.2,7.86
NHPC,2026-04-09,76.9,75.0,35.0,1.09,51.3,0.89,0.61,77.99,74.02,1.4,0.25,1.87,0.73,-3.7,RESISTANCE_PROBE,CONFIRMED_BREAKOUT,3,-0.03,0.71,8.36,4.6,4.75,0.24
NHPC,2026-04-15,80.36,75.0,90.0,1.21,53.8,1.12,1.0,78.33,74.94,-2.6,0.72,1.37,0.95,0.6,RESISTANCE_PROBE,CONFIRMED_BREAKOUT,1,0.99,3.7,2.54,4.36,-3.03,-3.98
NHPC,2026-04-20,82.87,75.0,50.0,1.39,56.4,1.33,1.47,85.55,81.07,3.1,0.49,0.94,0.94,2.2,FTF_COILING,UNRESOLVED,3,-0.57,-0.57,0.16,0.22,-6.49,-4.6
NHPC,2026-04-27,83.0,75.0,80.0,1.5,57.9,0.92,0.8,85.55,81.07,3.0,0.95,0.99,0.78,-0.8,FTF_COILING,UNRESOLVED,3,2.58,1.03,0.06,-4.85,-5.06,-5.02
NHPC,2026-07-22,80.06,50.0,40.0,1.12,42.1,1.07,0.65,82.77,79.74,3.3,0.6,0.58,0.58,0.4,FTF_COILING,UNRESOLVED,3,-0.04,-1.11,-2.96,-2.09,-4.86,-4.19
NHPC,2026-07-27,79.5,50.0,45.0,1.01,43.6,1.11,0.9,81.37,78.78,2.3,0.72,0.47,0.46,0.5,FTF_COILING,UNRESOLVED,3,-1.81,-2.28,-0.59,-3.16,-3.59,-1.55
NHPC,2026-07-31,78.52,50.0,50.0,0.99,43.6,0.83,0.29,81.37,78.78,3.5,0.86,0.42,0.55,-1.4,FTF_COILING,UNRESOLVED,3,0.66,2.25,-2.3,-2.06,-4.71,-4.55
NHPC,2026-08-05,78.39,50.0,25.0,0.99,46.2,1.3,0.4,81.37,77.7,3.7,0.16,1.81,0.71,-1.4,RESISTANCE_PROBE,UNRESOLVED,3,-1.4,-2.14,-1.96,-2.83,-3.49,-1.74
NMDC,2025-03-20,63.64,75.0,75.0,1.24,53.8,0.85,0.92,63.37,59.31,-0.4,0.36,1.78,0.98,-2.4,RESISTANCE_PROBE,CONFIRMED_BREAKOUT,1,1.53,4.57,3.1,-2.21,2.44,0.89
NMDC,2025-04-21,64.92,75.0,80.0,1.69,66.7,0.74,0.99,67.03,60.83,3.1,0.86,0.52,1.0,-5.2,RESISTANCE_PROBE,UNRESOLVED,3,0.19,0.41,-3.13,-5.12,2.14,1.85
NMDC,2025-04-24,65.1,75.0,55.0,1.76,64.1,0.71,0.79,67.03,63.08,2.9,0.27,0.92,0.93,-5.2,RESISTANCE_PROBE,UNRESOLVED,3,-4.51,-3.4,-4.15,-5.48,6.57,10.55
NMDC,2025-05-29,69.19,50.0,70.0,1.85,65.0,0.83,1.17,69.15,67.49,-0.1,0.64,0.84,0.84,2.5,FTF_COILING,UNRESOLVED,3,-1.55,-2.1,-2.06,0.18,-2.41,-0.2
NMDC,2025-06-03,67.66,50.0,55.0,1.43,57.5,0.97,0.98,69.61,67.1,2.8,0.06,0.99,0.8,0.9,FTF_COILING,UNRESOLVED,3,-0.48,0.16,5.15,-2.91,-3.88,-6.26
NMDC,2025-06-06,69.38,50.0,90.0,1.23,60.0,0.85,1.01,69.61,67.1,0.3,0.81,1.12,0.91,0.3,FTF_COILING,CONFIRMED_BREAKOUT,1,2.08,2.54,-2.92,-6.28,-5.12,-7.05
NMDC,2025-08-19,68.63,75.0,80.0,1.34,56.4,1.14,0.94,70.16,66.96,2.2,0.94,1.14,0.72,0.8,FTF_COILING,UNRESOLVED,3,1.56,0.9,-1.19,5.05,7.03,7.88
NMDC,2025-08-22,68.09,75.0,55.0,1.55,53.8,0.89,1.07,70.16,66.96,3.0,0.08,0.49,1.1,0.8,FTF_COILING,UNRESOLVED,3,0.74,-0.4,-0.77,6.2,9.55,11.83
NMDC,2025-09-18,74.47,75.0,80.0,2.3,55.0,0.89,0.84,76.63,72.81,2.8,0.77,0.84,1.0,2.3,RESISTANCE_PROBE,UNRESOLVED,3,-0.26,0.17,-0.46,0.48,-2.37,-4.08
NMDC,2025-09-24,74.92,75.0,65.0,2.08,57.5,1.02,1.05,75.44,74.15,0.7,0.26,1.17,1.24,0.6,FTF_COILING,UNRESOLVED,3,-1.06,-2.86,-1.35,2.07,-3.9,-1.12
NMDC,2025-09-29,72.82,75.0,45.0,1.58,55.0,1.07,1.2,75.44,74.15,3.5,0.3,0.68,1.12,-1.9,FTF_COILING,UNRESOLVED,3,1.76,1.51,1.41,1.47,2.23,-0.52
NMDC,2025-10-03,74.83,75.0,80.0,1.45,55.0,1.13,1.09,75.44,74.15,0.8,0.53,1.4,1.06,-1.9,FTF_COILING,UNRESOLVED,3,-1.35,-1.31,0.04,-2.84,-1.53,-0.41
NMDC,2025-10-08,73.98,75.0,55.0,1.73,60.0,1.12,1.08,75.68,73.85,2.2,0.25,1.03,0.57,-0.0,FTF_COILING,CONFIRMED_BREAKOUT,1,3.37,1.18,0.63,-2.68,-2.61,-5.79
NMDC,2025-10-13,74.87,75.0,70.0,1.76,60.0,1.12,1.05,75.68,73.85,1.1,0.8,0.5,0.97,-0.0,FTF_COILING,UNRESOLVED,3,-1.32,-0.57,-2.48,-3.27,0.04,1.71
NMDC,2025-10-16,73.64,75.0,55.0,1.64,57.5,0.94,1.04,75.68,73.85,2.7,0.18,0.38,0.87,-0.0,FTF_COILING,UNRESOLVED,3,-1.28,-0.84,-2.23,-0.12,0.87,1.23
NMDC,2025-10-21,73.38,75.0,60.0,1.77,60.0,0.75,0.64,75.68,73.85,3.0,0.34,0.17,0.76,-1.6,FTF_COILING,FAILED_BREAKOUT,1,-1.88,-1.88,1.44,-3.29,-1.52,0.36
NMDC,2025-10-29,74.44,75.0,85.0,1.91,61.5,1.07,0.64,76.9,71.71,3.2,0.68,2.19,1.0,3.8,RESISTANCE_PROBE,UNRESOLVED,3,-1.06,-1.19,-4.67,0.9,-3.25,-2.25
NMDC,2025-11-12,74.9,75.0,90.0,2.06,56.4,1.14,0.93,76.9,70.27,2.6,0.83,2.29,1.0,6.6,RESISTANCE_PROBE,UNRESOLVED,3,0.27,-0.82,-2.49,-3.74,-3.59,-2.78
NMDC,2025-11-17,74.28,75.0,55.0,1.86,56.4,0.93,1.51,76.32,74.81,2.7,0.19,0.84,0.78,-0.7,FTF_COILING,FAILED_BREAKOUT,2,-1.07,-1.67,-5.23,-1.5,2.63,4.37
NMDC,2025-12-02,73.85,75.0,65.0,1.45,51.3,1.06,0.79,76.32,71.33,3.2,0.4,1.55,0.87,-5.9,RESISTANCE_PROBE,UNRESOLVED,3,-0.05,-0.16,-1.66,1.39,9.3,8.78
NMDC,2025-12-12,75.64,75.0,70.0,1.5,48.7,1.23,0.63,76.9,71.06,1.6,0.96,1.4,1.0,6.4,RESISTANCE_PROBE,UNRESOLVED,3,0.78,-1.01,-2.1,3.72,4.9,5.8
NMDC,2025-12-17,75.0,75.0,70.0,1.46,51.3,1.04,0.79,76.9,73.27,2.5,0.46,0.54,1.0,2.4,RESISTANCE_PROBE,UNRESOLVED,3,-1.0,-1.27,5.37,8.26,8.5,6.79
NMDC,2025-12-22,76.2,75.0,95.0,1.37,50.0,0.95,0.72,76.9,73.49,0.9,0.92,1.18,1.0,3.7,RESISTANCE_PROBE,CONFIRMED_BREAKOUT,1,3.83,3.71,6.23,6.81,0.41,-3.3
NMDC,2025-12-26,80.17,75.0,65.0,1.55,47.5,1.2,1.56,80.06,78.68,-0.1,0.66,1.37,1.37,1.9,FTF_COILING,CONFIRMED_BREAKOUT,1,-2.14,0.97,2.32,-2.58,-7.57,-5.54
NMDC,2025-12-31,80.72,75.0,40.0,1.38,47.5,1.25,2.24,81.67,77.96,1.2,0.16,1.45,1.87,3.8,FTF_COILING,CONFIRMED_BREAKOUT,2,0.59,1.64,3.6,0.82,1.72,0.08
NMDC,2026-01-05,81.43,75.0,65.0,1.46,50.0,1.02,1.62,82.14,80.45,0.9,0.34,1.17,1.01,0.9,FTF_COILING,CONFIRMED_BREAKOUT,2,-0.05,2.68,-2.56,-3.0,-2.69,-5.23
NMDC,2026-01-08,79.18,75.0,35.0,1.2,45.0,1.21,1.2,82.14,80.65,3.6,0.05,1.87,1.13,0.9,RESISTANCE_PROBE,FAILED_BREAKOUT,1,-1.36,0.21,2.77,-4.12,3.05,4.47
NMDC,2026-01-14,81.38,75.0,60.0,1.25,50.0,1.35,1.63,84.16,78.9,3.3,0.88,0.95,1.08,-1.0,FTF_COILING,UNRESOLVED,3,0.0,-1.32,-6.21,0.89,1.06,4.12
NMDC,2026-01-29,82.1,75.0,65.0,1.11,48.7,1.19,1.01,84.16,73.81,2.4,0.86,2.57,0.81,-6.1,RESISTANCE_PROBE,UNRESOLVED,3,-4.01,-3.74,0.0,0.17,0.56,4.19
NMDC,2026-02-04,83.35,75.0,80.0,1.38,53.8,1.35,1.59,84.16,76.11,1.0,0.89,2.32,1.0,9.5,RESISTANCE_PROBE,UNRESOLVED,3,-1.49,-2.1,-0.49,-3.91,-5.89,-4.32
NMDC,2026-02-09,81.98,75.0,45.0,1.31,51.3,1.11,1.45,84.16,79.24,2.6,0.37,0.93,1.0,3.5,RESISTANCE_PROBE,UNRESOLVED,3,0.71,1.17,-1.85,-3.74,-2.82,-3.12
NMDC,2026-02-12,82.24,75.0,55.0,1.32,51.3,0.72,1.28,84.16,80.8,2.3,0.2,0.93,1.0,1.8,RESISTANCE_PROBE,FAILED_BREAKOUT,3,-3.42,-2.16,-3.67,0.39,-4.44,-0.56
NMDC,2026-02-25,81.86,75.0,85.0,1.3,51.3,0.88,0.75,84.16,78.1,2.7,0.84,0.83,1.0,4.8,RESISTANCE_PROBE,UNRESOLVED,3,0.86,-0.15,-4.18,-1.21,-5.69,-5.0
NMDC,2026-03-02,81.26,75.0,65.0,1.29,48.7,1.0,0.81,84.16,80.4,3.4,0.72,0.79,1.0,1.1,RESISTANCE_PROBE,FAILED_BREAKOUT,1,-5.6,-3.47,-1.96,-2.51,-3.91,1.79
NMDC,2026-04-06,81.4,75.0,100.0,1.5,55.0,1.02,0.88,84.16,75.61,3.3,0.79,2.08,1.0,7.7,RESISTANCE_PROBE,UNRESOLVED,3,0.42,1.86,5.42,8.69,9.13,5.2
NMDC,2026-04-09,84.44,75.0,90.0,1.81,60.0,1.02,1.04,85.0,78.02,0.7,0.78,1.04,1.0,8.2,RESISTANCE_PROBE,CONFIRMED_BREAKOUT,1,0.75,1.62,6.32,5.74,5.16,4.38
NMDC,2026-04-15,87.17,75.0,55.0,1.69,60.0,0.97,0.83,87.97,82.51,0.9,0.4,0.85,1.0,5.6,RESISTANCE_PROBE,CONFIRMED_BREAKOUT,2,-0.01,2.99,1.63,5.23,4.52,1.48
NMDC,2026-04-20,88.9,75.0,65.0,1.58,60.0,1.0,1.14,88.66,85.85,-0.3,0.38,1.09,1.5,4.6,FTF_COILING,UNRESOLVED,3,-0.48,-0.35,1.71,0.21,1.39,3.24
NMDC,2026-04-23,87.31,75.0,55.0,1.52,60.0,0.87,1.2,88.66,85.85,1.5,0.36,0.91,1.02,3.1,FTF_COILING,CONFIRMED_BREAKOUT,1,2.27,3.56,3.5,3.24,0.97,-1.27
NMDC,2026-04-28,90.9,75.0,65.0,1.5,62.5,0.85,1.09,91.2,89.81,0.3,0.27,1.03,1.03,1.2,FTF_COILING,CONFIRMED_BREAKOUT,1,0.91,-0.58,-2.28,-4.71,-0.25,-1.16
NMDC,2026-05-01,90.37,75.0,80.0,1.65,61.5,0.72,1.23,91.2,89.81,0.9,0.5,0.0,0.93,0.6,FTF_COILING,UNRESOLVED,3,-1.42,-1.7,-1.74,1.15,-2.63,-1.33
NMDC,2026-05-06,89.18,75.0,60.0,1.65,61.5,0.84,0.67,91.2,89.81,2.2,0.29,0.58,0.67,-1.1,FTF_COILING,FAILED_BREAKOUT,3,1.08,-0.43,2.16,-0.78,7.69,10.66
NMDC,2026-05-13,91.11,75.0,95.0,1.46,56.4,1.14,0.61,91.2,86.38,0.1,0.87,1.75,0.65,-3.6,RESISTANCE_PROBE,CONFIRMED_BREAKOUT,1,2.3,0.33,-2.89,1.28,-2.92,-5.11
NMDC,2026-05-27,92.28,75.0,100.0,1.51,53.8,0.8,0.66,94.25,87.29,2.1,0.7,1.32,1.0,5.7,RESISTANCE_PROBE,UNRESOLVED,3,0.0,-4.65,4.07,-4.15,-7.13,-7.22
NMDC,2026-06-01,92.37,75.0,90.0,1.48,55.3,1.2,0.86,93.05,87.39,0.7,0.79,3.3,3.3,5.7,FTF_COILING,CONFIRMED_BREAKOUT,1,3.18,3.97,-3.01,-4.22,-7.49,-10.35
NMDC,2026-06-04,94.7,75.0,45.0,1.8,52.6,1.58,2.04,97.49,95.07,2.9,0.12,1.06,1.06,-0.4,FTF_COILING,FAILED_BREAKOUT,1,-1.9,-5.4,-6.58,-6.52,-9.64,-7.89
NMDC,2026-08-07,84.92,50.0,10.0,0.95,41.0,1.08,0.81,87.19,85.66,2.6,0.02,0.54,0.54,-0.9,FTF_COILING,UNRESOLVED,3,0.66,0.62,-0.61,-0.37,-0.26,-1.4
NMDC,2026-08-12,85.9,50.0,55.0,0.78,46.2,0.97,0.88,87.19,85.66,1.5,0.86,1.08,0.88,-0.9,FTF_COILING,UNRESOLVED,3,-1.05,-1.75,-2.97,2.69,-0.12,0.35
NMDC,2026-08-17,85.5,50.0,45.0,0.85,46.2,1.21,0.83,87.19,85.66,1.9,1.0,2.33,0.91,-1.5,FTF_COILING,FAILED_BREAKOUT,2,-1.53,-2.51,0.47,3.16,-3.63,-1.14
NMDC,2026-08-21,84.61,50.0,25.0,0.88,47.5,1.3,1.17,87.19,82.86,3.0,0.58,1.02,1.09,-2.7,RESISTANCE_PROBE,CONFIRMED_BREAKOUT,3,1.52,1.57,2.54,0.11,-6.45,-10.27
NMDC,2026-08-26,88.21,75.0,90.0,1.08,52.5,1.05,1.02,87.19,83.49,-1.2,0.78,1.35,1.1,-2.7,RESISTANCE_PROBE,CONFIRMED_BREAKOUT,1,-2.82,-1.64,-2.79,-2.73,-7.04,-4.34
NTPC,2025-03-26,341.84,75.0,55.0,1.64,57.9,1.24,1.96,358.03,329.4,4.5,0.09,1.27,1.27,-2.6,RESISTANCE_PROBE,UNRESOLVED,3,1.69,0.83,1.2,1.54,0.65,1.36
NTPC,2025-04-03,345.93,75.0,80.0,1.54,55.3,1.02,1.48,358.03,334.51,3.4,0.74,0.63,1.26,-3.4,RESISTANCE_PROBE,UNRESOLVED,3,-2.37,-2.54,0.33,0.38,-4.69,-3.09
NTPC,2025-04-11,347.09,75.0,60.0,1.56,52.6,1.29,0.94,358.03,312.3,3.1,0.87,0.69,1.03,-4.1,RESISTANCE_PROBE,UNRESOLVED,3,0.67,-0.22,0.04,-0.87,-5.98,-6.99
NTPC,2025-04-17,350.85,75.0,80.0,1.58,52.6,0.79,0.95,358.03,338.32,2.0,0.82,0.71,0.98,-4.1,RESISTANCE_PROBE,UNRESOLVED,3,0.15,-1.03,-2.07,-4.23,-5.18,-5.13
NTPC,2025-07-31,322.18,25.0,30.0,0.75,52.5,1.53,0.59,329.93,320.49,2.4,0.18,1.08,1.08,0.5,FTF_COILING,UNRESOLVED,3,-1.0,-0.67,-1.35,1.53,-1.06,-0.87
NTPC,2025-08-05,321.55,25.0,65.0,0.84,50.0,1.28,0.64,329.93,320.49,2.5,0.75,1.21,0.98,-0.5,FTF_COILING,UNRESOLVED,3,-0.45,-1.15,1.95,2.52,-0.06,-0.41
NTPC,2025-08-08,322.66,25.0,75.0,0.99,52.5,0.98,0.71,329.93,320.49,2.2,0.65,1.37,1.14,-0.8,FTF_COILING,UNRESOLVED,3,0.42,1.6,0.39,0.93,-2.2,-3.7
NTPC,2025-08-13,327.67,50.0,45.0,1.08,52.5,1.03,0.83,326.85,321.89,-0.3,0.21,0.67,0.89,1.8,FTF_COILING,UNRESOLVED,3,-0.18,-1.15,-0.34,-3.65,-1.44,0.0
NTPC,2025-08-19,322.95,25.0,60.0,0.87,50.0,0.97,0.6,326.85,321.89,1.2,0.14,1.24,0.77,0.6,FTF_COILING,CONFIRMED_BREAKOUT,1,2.07,1.12,-0.55,-0.24,1.42,-0.64
NTPC,2025-08-22,324.83,50.0,15.0,0.95,47.5,1.09,0.72,326.85,321.89,0.6,0.44,0.96,0.97,0.3,FTF_COILING,UNRESOLVED,3,0.25,-1.13,-1.87,-2.07,1.67,3.58
NTPC,2025-08-28,318.85,25.0,45.0,0.91,47.5,0.92,0.82,326.85,321.89,2.4,0.5,1.11,1.0,-0.2,FTF_COILING,UNRESOLVED,3,-0.98,-0.03,0.78,1.09,3.97,2.27
NTPC,2025-09-02,324.15,25.0,45.0,0.93,45.0,1.0,0.82,326.85,321.89,0.8,0.73,0.98,1.01,-1.9,FTF_COILING,UNRESOLVED,3,-0.61,-0.86,-2.65,0.64,2.26,3.57
NTPC,2025-09-29,331.96,50.0,50.0,0.98,50.0,1.33,1.19,341.55,331.04,2.8,0.51,1.88,0.75,-0.6,FTF_COILING,UNRESOLVED,3,-0.15,-0.21,-0.87,-1.26,1.92,1.61
NTPC,2025-10-03,332.98,50.0,35.0,0.97,47.5,0.94,1.14,341.55,331.04,2.5,0.68,0.97,1.06,-0.6,FTF_COILING,UNRESOLVED,3,-0.85,-1.17,-0.67,-0.29,-1.99,0.42
NTPC,2025-10-10,330.74,75.0,25.0,0.89,45.0,1.12,1.14,341.55,331.04,3.2,0.63,0.94,1.11,-1.8,FTF_COILING,UNRESOLVED,3,0.59,-0.9,0.38,0.6,-3.03,-2.9
NTPC,2025-10-15,330.31,75.0,40.0,0.95,50.0,1.1,0.94,341.55,331.04,3.3,0.5,0.84,1.03,-1.8,FTF_COILING,UNRESOLVED,3,0.66,0.52,1.0,1.74,-2.36,-3.13
NTPC,2025-10-30,336.05,75.0,35.0,1.04,55.0,1.14,1.15,333.86,328.41,-0.7,0.31,0.79,1.8,3.0,FTF_COILING,UNRESOLVED,3,-2.38,-2.88,-4.72,-4.03,-4.61,-0.42
NTPC,2025-11-17,324.22,50.0,60.0,1.1,55.0,0.72,0.79,335.9,319.66,3.5,0.57,0.72,0.95,-2.7,RESISTANCE_PROBE,UNRESOLVED,3,-0.53,-1.09,-2.04,-0.94,-1.89,-0.81
NTPC,2025-12-16,315.19,50.0,35.0,0.89,55.3,0.99,0.82,319.41,315.73,1.3,0.41,0.73,0.73,-0.2,FTF_COILING,UNRESOLVED,3,0.08,-0.78,0.7,2.66,8.75,9.13
NTPC,2025-12-19,314.11,50.0,90.0,1.06,52.6,0.95,0.78,319.41,315.73,1.7,0.77,1.48,0.74,-0.9,FTF_COILING,UNRESOLVED,3,0.25,1.05,1.75,9.6,7.33,6.45
NTPC,2025-12-24,316.71,50.0,45.0,1.07,55.3,1.02,0.94,319.41,315.73,0.8,0.07,0.82,0.97,-0.9,FTF_COILING,CONFIRMED_BREAKOUT,2,0.48,0.91,4.26,6.77,6.17,5.21
NTPC,2025-12-30,319.02,50.0,80.0,1.08,57.9,0.85,0.99,319.41,315.73,0.1,0.7,1.13,1.03,-0.9,FTF_COILING,CONFIRMED_BREAKOUT,1,1.43,3.51,7.97,4.0,7.13,5.61
NTPC,2026-01-06,344.45,75.0,40.0,1.17,65.8,1.73,1.58,348.38,342.09,1.1,0.58,0.98,0.98,0.7,FTF_COILING,FAILED_BREAKOUT,3,-0.56,-1.82,-3.68,-3.44,4.69,9.3
NTPC,2026-01-14,342.78,75.0,80.0,1.56,63.2,1.35,0.98,348.38,327.66,1.6,0.89,2.05,0.92,-3.6,RESISTANCE_PROBE,UNRESOLVED,3,0.0,-0.79,-2.98,2.59,6.28,8.06
NTPC,2026-01-19,337.14,50.0,55.0,1.43,60.5,1.0,1.2,347.64,339.15,3.0,0.22,0.99,0.99,-0.6,FTF_COILING,UNRESOLVED,3,-1.34,-1.35,0.39,4.43,8.11,8.39
NTPC,2026-01-22,336.25,50.0,70.0,1.33,57.9,1.06,0.93,347.64,339.15,3.3,0.88,0.58,0.82,-1.9,FTF_COILING,FAILED_BREAKOUT,1,-1.68,0.66,3.96,7.4,9.73,11.6
NTPC,2026-01-28,341.75,50.0,75.0,1.36,57.9,0.99,1.0,347.64,339.15,1.7,0.39,1.29,0.87,-2.5,FTF_COILING,CONFIRMED_BREAKOUT,1,2.9,2.28,5.52,6.66,11.42,8.28
NTPC,2026-02-02,344.01,50.0,70.0,1.24,56.4,1.41,1.7,347.64,339.15,1.0,0.84,1.12,1.14,-2.5,FTF_COILING,CONFIRMED_BREAKOUT,1,2.34,4.82,4.08,6.15,8.58,6.09
NTPC,2026-02-06,361.15,75.0,60.0,1.27,56.4,1.27,1.67,363.99,358.39,0.8,0.82,0.62,0.62,0.8,FTF_COILING,UNRESOLVED,3,-0.86,0.51,-0.56,2.16,3.07,2.12
NTPC,2026-02-11,364.51,75.0,80.0,1.29,56.4,0.66,1.2,363.99,358.39,-0.1,0.82,0.5,0.68,-0.1,FTF_COILING,UNRESOLVED,3,-0.05,-1.48,-0.01,4.46,6.0,5.81
NTPC,2026-02-16,365.16,75.0,85.0,1.25,56.4,0.67,0.74,363.99,358.39,-0.3,0.92,0.58,0.63,-0.1,FTF_COILING,UNRESOLVED,3,-0.19,-0.19,1.72,2.29,3.86,5.55
NTPC,2026-02-19,359.32,75.0,50.0,1.18,50.0,0.71,0.62,363.99,358.39,1.3,0.11,0.52,0.58,-0.1,FTF_COILING,CONFIRMED_BREAKOUT,1,2.68,3.37,5.15,4.79,4.89,2.15
NTPC,2026-02-27,377.82,75.0,65.0,1.49,51.4,0.9,1.46,384.4,369.56,1.7,0.35,1.09,1.0,2.2,RESISTANCE_PROBE,FAILED_BREAKOUT,2,-1.14,-4.22,-1.48,0.13,-4.52,-0.31
NTPC,2026-03-05,374.01,75.0,65.0,1.28,48.6,1.51,1.12,384.4,360.21,2.7,0.86,1.51,1.0,3.8,RESISTANCE_PROBE,UNRESOLVED,3,0.67,-0.48,3.31,-1.06,-2.43,-2.24
NTPC,2026-03-10,373.27,75.0,45.0,1.28,54.1,1.42,1.21,381.43,370.65,2.1,0.23,1.0,1.05,0.4,FTF_COILING,CONFIRMED_BREAKOUT,2,0.69,3.51,1.6,-0.46,0.76,-2.66
NTPC,2026-03-13,380.34,75.0,35.0,1.24,51.4,1.2,1.19,381.43,370.65,0.3,0.11,2.11,1.25,0.4,FTF_COILING,UNRESOLVED,3,-0.53,-0.29,-0.91,-3.59,1.65,3.25
NTPC,2026-03-20,376.88,75.0,100.0,1.22,55.3,0.91,1.25,390.28,379.1,3.4,0.7,1.41,0.88,-2.4,FTF_COILING,FAILED_BREAKOUT,1,-2.24,-1.42,-2.7,-1.79,5.59,8.02
NTPC,2026-04-13,382.12,75.0,80.0,1.27,55.3,0.98,1.15,390.28,364.31,2.1,0.87,0.97,1.0,4.9,RESISTANCE_PROBE,UNRESOLVED,3,1.64,1.18,2.58,5.33,1.67,-0.23
NTPC,2026-04-17,389.39,75.0,70.0,1.41,57.9,1.07,1.02,393.0,370.35,0.9,0.66,1.1,1.0,5.1,RESISTANCE_PROBE,CONFIRMED_BREAKOUT,3,1.12,0.66,2.1,1.41,0.42,-2.5
NTPC,2026-04-22,401.07,75.0,90.0,1.46,59.0,0.98,0.81,402.9,384.3,0.5,0.87,1.16,1.0,4.4,RESISTANCE_PROBE,CONFIRMED_BREAKOUT,3,-0.78,-0.88,-1.01,-2.6,-3.19,-4.33
NTPC,2026-04-27,405.82,75.0,70.0,1.4,56.4,0.93,0.8,409.97,389.0,1.0,0.64,0.97,1.0,4.3,RESISTANCE_PROBE,UNRESOLVED,3,-0.82,-2.17,-2.47,-4.21,-4.91,-2.28
NTPC,2026-05-04,395.77,75.0,60.0,1.33,53.8,0.78,0.63,409.97,388.95,3.5,0.37,0.57,1.0,1.8,RESISTANCE_PROBE,UNRESOLVED,3,-0.35,-1.3,-1.77,-2.94,-5.34,-5.41
NTPC,2026-05-08,397.85,75.0,75.0,1.21,53.8,0.98,0.53,409.97,387.46,3.0,0.63,0.49,1.0,2.7,RESISTANCE_PROBE,UNRESOLVED,3,-2.29,-2.35,-1.72,-3.36,-10.07,-7.38
NTPC,2026-05-28,393.89,75.0,70.0,1.02,50.0,0.73,1.03,398.79,386.18,1.2,0.5,0.0,0.0,2.0,FTF_COILING,FAILED_BREAKOUT,2,-2.83,-4.89,-7.97,-11.63,-11.58,-7.04
OBEROIRLTY,2024-12-30,2246.64,75.0,80.0,2.39,55.0,0.97,0.53,2324.19,2222.69,3.3,0.12,1.26,1.0,1.1,RESISTANCE_PROBE,UNRESOLVED,3,2.03,0.42,-2.47,-11.13,-25.54,-26.09
OBEROIRLTY,2025-01-02,2263.3,75.0,85.0,2.42,55.0,1.03,0.48,2324.19,2236.97,2.6,0.81,0.64,1.0,1.2,RESISTANCE_PROBE,FAILED_BREAKOUT,2,-1.19,-3.19,-1.57,-13.91,-22.99,-20.45
OBEROIRLTY,2025-01-07,2249.57,75.0,75.0,2.31,50.0,1.08,0.35,2324.19,2169.89,3.2,0.75,0.84,1.0,3.7,RESISTANCE_PROBE,FAILED_BREAKOUT,3,0.62,-0.97,-12.92,-18.09,-20.39,-15.15
OBEROIRLTY,2025-03-24,1662.97,25.0,40.0,0.64,51.3,0.93,0.72,1691.96,1624.35,1.7,0.39,0.9,0.9,2.4,FTF_COILING,UNRESOLVED,3,-2.62,-3.3,-6.04,-8.77,-4.11,-2.24
OBEROIRLTY,2025-03-27,1631.2,25.0,50.0,0.65,51.3,1.1,0.85,1691.96,1600.42,3.6,0.5,1.0,0.86,-1.0,RESISTANCE_PROBE,FAILED_BREAKOUT,2,-0.34,-4.21,-5.63,-1.12,-0.09,4.3
OBEROIRLTY,2025-04-24,1666.79,50.0,40.0,0.82,48.7,0.94,1.04,1719.51,1664.01,3.1,0.32,1.5,1.5,0.2,FTF_COILING,FAILED_BREAKOUT,1,-4.33,-1.32,-4.48,-8.5,3.67,8.36
OBEROIRLTY,2025-04-30,1629.76,50.0,55.0,0.88,48.7,1.05,1.36,1695.68,1572.58,3.9,0.52,2.08,1.51,-3.5,RESISTANCE_PROBE,UNRESOLVED,3,-2.31,-0.88,-5.18,-0.37,6.18,11.65
OBEROIRLTY,2025-05-16,1666.19,50.0,80.0,1.25,53.8,0.98,1.05,1695.68,1563.61,1.7,0.95,0.73,1.08,-7.7,RESISTANCE_PROBE,CONFIRMED_BREAKOUT,1,3.48,1.37,3.7,4.18,13.54,9.71
OBEROIRLTY,2025-05-21,1721.56,50.0,70.0,1.16,55.0,0.98,1.19,1751.38,1682.29,1.7,0.72,0.79,0.79,2.3,FTF_COILING,UNRESOLVED,3,-0.23,0.37,-0.35,2.62,9.49,8.89
OBEROIRLTY,2025-05-26,1731.0,50.0,55.0,1.29,52.5,0.73,1.08,1751.38,1682.29,1.2,0.3,0.56,0.54,2.1,FTF_COILING,UNRESOLVED,3,0.56,-0.89,1.53,9.29,11.17,11.21
OBEROIRLTY,2025-05-29,1730.5,50.0,100.0,1.36,55.0,0.79,0.67,1751.38,1682.29,1.2,0.81,1.59,0.66,2.0,FTF_COILING,CONFIRMED_BREAKOUT,3,0.31,1.56,3.44,8.58,13.87,10.29
OBEROIRLTY,2025-06-04,1766.69,50.0,55.0,1.54,60.0,1.09,1.72,1803.96,1761.81,2.1,0.29,1.18,1.18,0.3,FTF_COILING,CONFIRMED_BREAKOUT,2,1.32,7.37,6.96,6.69,6.79,-0.54
OBEROIRLTY,2025-09-08,1615.45,25.0,35.0,0.42,42.5,0.96,0.54,1659.44,1603.91,2.7,0.09,1.04,1.04,0.7,FTF_COILING,UNRESOLVED,3,-0.36,-0.71,1.03,3.12,0.82,2.05
OBEROIRLTY,2025-09-15,1632.07,25.0,65.0,0.4,40.0,0.98,1.13,1659.44,1603.91,1.6,0.77,1.2,1.69,-0.6,FTF_COILING,UNRESOLVED,3,0.18,1.02,2.07,-2.39,-4.21,-5.26
OBEROIRLTY,2025-09-18,1650.18,25.0,40.0,0.45,47.5,0.93,0.98,1659.44,1603.91,0.6,0.15,1.2,1.36,-0.6,FTF_COILING,CONFIRMED_BREAKOUT,2,0.72,0.95,-3.52,-3.18,2.55,1.59
OBEROIRLTY,2025-09-23,1657.95,25.0,35.0,0.5,52.5,0.93,0.78,1689.49,1639.34,1.9,0.54,0.82,0.82,1.1,FTF_COILING,FAILED_BREAKOUT,2,-2.76,-3.97,-5.04,-5.31,0.6,4.75
OBEROIRLTY,2025-10-06,1614.46,25.0,35.0,0.6,57.5,0.96,1.04,1661.63,1599.93,2.8,0.92,0.26,1.32,-1.9,FTF_COILING,UNRESOLVED,3,0.88,-2.76,-2.11,4.86,9.92,12.05
OBEROIRLTY,2025-10-20,1692.98,50.0,40.0,1.03,55.0,1.22,1.84,1716.56,1672.87,1.4,0.58,0.47,0.47,1.2,FTF_COILING,UNRESOLVED,3,-0.01,-1.48,0.52,4.82,0.56,0.52
OBEROIRLTY,2025-10-24,1693.67,50.0,70.0,1.02,55.0,0.83,1.75,1716.56,1672.87,1.3,0.73,0.73,0.47,-0.3,FTF_COILING,CONFIRMED_BREAKOUT,1,2.12,0.48,4.61,5.14,-5.46,-7.43
OBEROIRLTY,2025-10-29,1707.12,50.0,60.0,1.06,57.5,0.9,0.95,1716.56,1672.87,0.5,0.49,0.32,0.78,-0.3,FTF_COILING,CONFIRMED_BREAKOUT,1,2.15,3.79,3.91,1.8,-3.02,-5.07
OBEROIRLTY,2025-11-03,1800.88,50.0,80.0,1.25,57.5,0.96,1.51,1788.33,1752.56,-0.7,0.75,0.68,0.68,2.8,FTF_COILING,CONFIRMED_BREAKOUT,1,-1.46,-1.5,-2.48,-5.37,-9.68,-8.34
OBEROIRLTY,2025-11-07,1786.33,50.0,70.0,1.26,60.0,1.07,1.36,1788.33,1752.56,0.1,0.82,0.47,0.6,1.2,FTF_COILING,UNRESOLVED,3,-0.32,-1.68,-2.26,-7.67,-7.54,-4.66
OBEROIRLTY,2025-11-12,1732.33,25.0,60.0,1.26,60.0,0.94,0.59,1788.33,1752.56,3.1,0.15,0.4,0.54,0.2,FTF_COILING,UNRESOLVED,3,0.32,0.79,-1.73,-4.37,-6.46,-6.81
OBEROIRLTY,2025-11-17,1738.81,25.0,60.0,1.21,57.5,1.0,0.47,1788.33,1752.56,2.8,0.13,0.32,0.49,-1.2,FTF_COILING,FAILED_BREAKOUT,1,-1.99,-2.09,-7.91,-7.24,-5.12,-3.19
OBEROIRLTY,2026-01-09,1680.72,25.0,40.0,0.99,45.0,1.04,0.86,1740.5,1701.64,3.4,0.32,2.6,2.6,-1.2,FTF_COILING,FAILED_BREAKOUT,1,-1.74,-1.77,-1.33,-13.7,-7.14,-5.5
OBEROIRLTY,2026-04-22,1729.59,75.0,60.0,1.17,56.4,0.72,1.43,1749.94,1706.34,1.2,0.52,0.61,0.61,1.4,FTF_COILING,UNRESOLVED,3,-1.49,-2.69,-1.92,-3.38,-4.45,-3.88
OBEROIRLTY,2026-04-27,1719.31,75.0,70.0,1.19,56.4,0.81,1.07,1749.94,1706.34,1.8,0.74,0.99,0.55,-1.4,FTF_COILING,FAILED_BREAKOUT,3,-0.75,-1.33,-3.31,-5.61,-1.6,1.57
OBEROIRLTY,2026-05-04,1689.78,50.0,60.0,1.12,53.8,0.76,0.84,1749.94,1654.26,3.4,0.65,0.36,0.64,-2.4,RESISTANCE_PROBE,UNRESOLVED,3,-1.62,-1.2,-3.48,-5.37,-2.5,-1.41
OBEROIRLTY,2026-05-08,1699.06,50.0,85.0,1.21,59.0,0.84,0.47,1749.94,1651.77,2.9,0.75,0.82,0.55,-2.6,RESISTANCE_PROBE,FAILED_BREAKOUT,3,-4.01,-4.48,-4.92,-2.43,-3.97,1.03
OBEROIRLTY,2026-06-01,1647.62,75.0,55.0,1.66,61.5,0.84,0.97,1742.12,1679.28,5.4,0.12,0.76,0.76,-2.1,RESISTANCE_PROBE,FAILED_BREAKOUT,2,1.53,-0.73,-2.97,1.21,6.35,7.13
OBEROIRLTY,2026-06-16,1702.96,75.0,90.0,2.36,51.3,1.08,1.0,1742.12,1573.4,2.2,0.83,1.83,0.95,-6.0,RESISTANCE_PROBE,UNRESOLVED,3,-0.59,-0.62,-0.02,3.78,12.42,13.84
OBEROIRLTY,2026-06-19,1681.68,75.0,55.0,1.74,46.2,1.05,1.45,1742.12,1648.82,3.5,0.63,0.39,1.03,-6.0,RESISTANCE_PROBE,CONFIRMED_BREAKOUT,3,0.45,1.24,3.9,14.9,12.55,8.08
OBEROIRLTY,2026-06-25,1747.31,75.0,35.0,1.48,51.3,0.95,1.11,1737.92,1681.18,-0.5,0.25,1.57,2.02,4.2,FTF_COILING,CONFIRMED_BREAKOUT,2,0.0,0.28,6.6,7.09,4.05,3.76
OBEROIRLTY,2026-06-30,1767.29,75.0,90.0,1.56,55.3,0.94,1.44,1782.07,1735.72,0.8,0.6,1.99,0.64,0.7,FTF_COILING,CONFIRMED_BREAKOUT,1,2.0,5.4,7.75,8.33,3.52,1.49
OBEROIRLTY,2026-07-07,1904.34,75.0,55.0,1.98,57.9,1.34,2.11,1983.95,1810.94,4.0,0.06,1.36,1.36,-2.0,RESISTANCE_PROBE,UNRESOLVED,3,-1.9,-1.74,0.53,-1.13,-6.59,-7.49
OBEROIRLTY,2026-07-10,1922.72,75.0,60.0,2.34,60.5,1.37,2.15,1966.27,1818.73,2.2,0.89,0.95,1.51,-1.7,RESISTANCE_PROBE,UNRESOLVED,3,0.02,-0.43,-1.56,-5.28,-7.68,-5.87
OBEROIRLTY,2026-07-15,1885.66,75.0,35.0,2.11,57.9,1.27,1.54,1966.27,1844.01,4.1,0.05,0.41,1.1,-1.7,RESISTANCE_PROBE,UNRESOLVED,3,-1.4,0.38,-1.92,-2.61,-4.55,-4.29
OBEROIRLTY,2026-08-17,1931.0,75.0,85.0,2.56,63.2,1.26,0.59,1983.95,1764.5,2.7,0.87,4.96,1.0,9.4,RESISTANCE_PROBE,UNRESOLVED,3,-3.78,-3.17,-3.16,-3.26,-9.83,-8.59
OBEROIRLTY,2026-08-20,1904.7,75.0,70.0,2.26,63.2,1.46,1.75,1960.7,1858.0,2.9,0.79,1.09,1.37,0.6,FTF_COILING,UNRESOLVED,3,-0.98,-1.82,-1.67,-0.14,-8.61,-7.41
OFSS,2024-12-30,12007.84,75.0,90.0,1.86,57.5,0.96,1.26,12262.5,11195.84,2.1,0.57,1.87,1.0,7.3,RESISTANCE_PROBE,UNRESOLVED,3,-1.21,-2.43,-7.29,-16.21,-28.17,-26.48
OFSS,2025-04-22,7590.32,50.0,35.0,0.8,46.2,0.87,1.23,7709.51,7383.94,1.5,0.73,0.55,0.55,2.8,FTF_COILING,CONFIRMED_BREAKOUT,1,5.31,7.12,8.0,4.26,5.73,0.4
OFSS,2025-04-25,7980.83,50.0,30.0,0.86,48.7,1.19,1.58,8180.26,8047.15,2.4,0.36,1.44,1.44,-0.8,FTF_COILING,UNRESOLVED,3,1.76,2.71,0.35,4.53,1.38,0.01
OFSS,2025-04-30,8089.82,50.0,35.0,0.98,53.8,0.98,1.52,8222.92,7847.26,1.6,0.26,0.78,1.03,3.5,FTF_COILING,UNRESOLVED,3,-0.52,-1.0,-3.49,1.19,0.58,4.63
OFSS,2025-05-06,7776.76,50.0,35.0,0.93,51.3,0.89,0.96,8222.92,7949.29,5.4,0.05,0.88,0.9,2.1,RESISTANCE_PROBE,FAILED_BREAKOUT,3,1.76,0.4,4.36,3.85,3.03,4.7
OFSS,2025-05-12,8341.97,50.0,70.0,1.05,53.8,1.36,0.86,8222.92,7594.8,-1.4,0.95,1.39,0.87,-2.5,RESISTANCE_PROBE,UNRESOLVED,3,-2.71,-2.41,-1.07,-3.01,5.14,7.14
OFSS,2025-05-15,8185.93,50.0,60.0,1.13,56.4,1.08,0.88,8222.92,7829.82,0.4,0.82,0.47,0.88,-2.5,RESISTANCE_PROBE,CONFIRMED_BREAKOUT,1,1.7,0.82,-3.01,-0.6,10.01,8.17
OFSS,2025-06-06,8410.9,50.0,80.0,1.2,55.0,0.96,1.08,8505.67,8274.01,1.1,0.83,0.72,0.72,1.7,FTF_COILING,CONFIRMED_BREAKOUT,1,4.27,8.04,7.88,6.94,3.68,-0.57
OFSS,2025-06-12,9005.39,50.0,55.0,1.35,52.5,1.31,1.5,9206.42,8903.91,2.2,0.37,1.41,1.41,1.1,FTF_COILING,CONFIRMED_BREAKOUT,2,0.76,2.93,-0.85,-3.53,-6.7,-9.36
OFSS,2025-06-17,9316.99,50.0,60.0,1.65,52.5,1.24,1.61,9271.52,8829.24,-0.5,0.7,0.91,1.32,5.0,FTF_COILING,UNRESOLVED,3,-0.79,-4.17,-5.91,-7.96,-9.84,-6.6
OFSS,2025-06-20,8994.38,50.0,55.0,1.69,47.5,0.94,1.13,9271.52,8829.24,3.0,0.65,0.79,0.93,1.1,FTF_COILING,UNRESOLVED,3,-2.51,-2.54,-4.31,-3.05,-6.44,-4.22
OFSS,2025-08-26,8166.31,25.0,0.0,0.72,47.5,1.29,0.9,8550.67,8242.42,4.5,0.1,0.96,0.96,-1.6,RESISTANCE_PROBE,FAILED_BREAKOUT,1,-1.88,-2.78,-1.38,8.6,6.22,8.26
OFSS,2025-10-14,8567.9,25.0,20.0,0.89,42.5,1.01,1.03,8878.07,8689.0,3.5,0.08,0.91,0.91,-1.4,FTF_COILING,FAILED_BREAKOUT,1,-2.16,-1.72,-3.68,-3.25,-5.79,-3.71
OFSS,2026-01-22,7677.06,50.0,20.0,0.82,41.0,1.67,1.45,7784.97,7328.55,1.4,0.32,2.46,1.36,-1.5,RESISTANCE_PROBE,UNRESOLVED,3,0.75,1.38,-1.73,-8.02,-15.89,-17.1
OFSS,2026-01-28,7789.34,75.0,15.0,0.97,46.2,1.24,1.57,7790.32,7622.62,0.0,0.56,0.62,1.12,1.5,FTF_COILING,UNRESOLVED,3,-2.18,-3.15,-6.18,-9.92,-17.48,-14.51
OFSS,2026-02-02,7519.09,25.0,35.0,0.81,43.6,0.93,1.01,7790.32,7622.62,3.5,0.46,0.7,0.9,-1.0,FTF_COILING,FAILED_BREAKOUT,2,1.19,-2.81,-6.01,-13.39,-11.46,-8.91
OFSS,2026-04-01,6691.3,25.0,0.0,0.93,37.5,1.25,1.86,6865.32,6610.61,2.5,0.25,0.82,1.41,-1.0,FTF_COILING,CONFIRMED_BREAKOUT,3,1.59,1.95,4.86,16.12,41.31,35.24
OFSS,2026-04-07,6991.7,50.0,45.0,1.07,42.5,1.06,1.87,6865.32,6518.26,-1.8,0.93,0.8,0.89,-1.0,RESISTANCE_PROBE,CONFIRMED_BREAKOUT,1,-0.17,0.35,4.87,12.99,34.8,35.02
OFSS,2026-04-28,9303.47,75.0,80.0,2.63,57.5,1.43,3.5,9525.21,8030.92,2.3,0.78,1.39,1.0,15.8,RESISTANCE_PROBE,UNRESOLVED,3,1.23,1.64,1.43,-3.15,6.22,4.51
OFSS,2026-05-01,9455.61,75.0,80.0,3.6,56.4,0.91,2.12,9551.37,9118.76,1.0,0.5,0.0,1.0,3.7,RESISTANCE_PROBE,UNRESOLVED,3,0.04,-0.2,-1.16,-4.66,5.38,5.72
OFSS,2026-05-06,9424.5,50.0,55.0,3.41,59.0,0.61,1.04,9622.33,9376.38,2.1,0.29,0.6,1.0,0.5,RESISTANCE_PROBE,UNRESOLVED,3,0.79,-0.84,-5.26,2.96,6.08,8.2
OFSS,2026-05-11,9239.5,50.0,55.0,3.44,59.0,0.72,0.96,9622.33,9301.0,4.0,0.23,0.3,1.0,-0.7,RESISTANCE_PROBE,FAILED_BREAKOUT,1,-2.48,-3.37,1.83,5.02,5.59,8.27
OFSS,2026-05-18,9408.5,50.0,75.0,3.21,64.1,1.11,0.62,9622.33,8646.5,2.2,0.89,0.76,1.0,8.8,RESISTANCE_PROBE,CONFIRMED_BREAKOUT,1,2.52,3.14,3.13,8.32,-0.38,-2.83
OFSS,2026-05-21,9730.5,75.0,50.0,3.81,66.7,1.41,1.06,9999.0,8949.5,2.7,0.47,0.43,1.0,8.7,RESISTANCE_PROBE,UNRESOLVED,3,-2.11,-0.28,5.85,3.78,-3.4,-4.88
OFSS,2026-05-26,9882.0,75.0,80.0,4.0,69.2,1.11,0.85,9999.0,9454.5,1.2,0.89,1.05,1.0,4.5,RESISTANCE_PROBE,CONFIRMED_BREAKOUT,1,4.22,4.22,4.68,-2.45,-0.2,-4.24
OFSS,2026-05-29,9964.0,75.0,35.0,3.78,68.4,1.23,0.69,10584.5,9594.0,5.9,0.09,2.6,1.0,3.9,RESISTANCE_PROBE,UNRESOLVED,3,2.28,3.82,-0.28,-6.39,10.14,9.77
OFSS,2026-06-03,9997.5,75.0,45.0,3.75,65.8,1.07,1.24,10475.5,9900.0,4.6,0.17,0.85,0.85,-1.8,RESISTANCE_PROBE,UNRESOLVED,3,1.01,-0.61,-5.28,-5.53,8.66,11.35
OFSS,2026-06-24,10468.5,75.0,95.0,3.16,55.3,1.15,0.61,10584.5,9127.5,1.1,0.93,2.69,1.0,14.7,RESISTANCE_PROBE,CONFIRMED_BREAKOUT,1,4.83,4.83,3.77,5.1,3.65,-1.13
OFSS,2026-06-29,10874.5,75.0,65.0,3.12,52.6,1.14,1.31,11055.0,9874.5,1.6,0.37,1.56,1.0,10.1,RESISTANCE_PROBE,CONFIRMED_BREAKOUT,3,-0.91,-0.11,1.81,8.01,1.97,0.94
OFSS,2026-07-02,10986.0,75.0,75.0,2.27,55.3,0.91,1.37,11055.0,10770.0,0.6,0.11,1.21,0.99,0.1,FTF_COILING,CONFIRMED_BREAKOUT,1,2.38,0.77,1.35,6.33,1.37,-1.0
OFSS,2026-07-14,11646.0,75.0,45.0,2.05,60.5,1.11,1.07,11958.0,11549.0,2.6,0.14,0.76,0.76,0.8,FTF_COILING,UNRESOLVED,3,-0.18,0.3,-0.12,-2.68,2.15,1.06
OFSS,2026-07-17,11771.0,75.0,80.0,2.14,60.5,0.93,1.19,11958.0,11549.0,1.6,0.85,0.89,0.76,0.7,FTF_COILING,FAILED_BREAKOUT,3,-1.28,-1.18,-9.51,-4.97,0.48,9.0
OFSS,2026-08-04,11600.0,75.0,60.0,1.07,61.5,0.82,0.8,11979.0,10882.0,3.2,0.67,0.54,1.0,6.6,RESISTANCE_PROBE,UNRESOLVED,3,1.37,1.16,2.55,0.2,5.06,3.24
OFSS,2026-08-07,11805.0,75.0,75.0,1.14,64.1,0.7,0.66,11979.0,11425.0,1.5,0.82,0.41,1.0,3.3,RESISTANCE_PROBE,UNRESOLVED,3,0.72,0.77,0.19,-0.69,2.14,3.25
OFSS,2026-08-12,11679.0,75.0,50.0,1.08,64.1,0.68,0.58,11979.0,11572.0,2.5,0.4,0.55,1.0,0.9,RESISTANCE_PROBE,UNRESOLVED,3,-2.22,1.28,0.81,1.04,-0.42,-1.35
OFSS,2026-08-17,11789.0,75.0,50.0,1.17,61.5,0.81,0.57,11979.0,11318.0,1.6,0.26,0.31,1.0,4.2,RESISTANCE_PROBE,UNRESOLVED,3,-1.41,-0.13,-2.3,6.37,-0.22,-0.53
OFSS,2026-08-20,11826.0,75.0,75.0,1.27,59.0,0.85,0.5,11979.0,11614.0,1.3,0.62,0.76,1.0,1.8,RESISTANCE_PROBE,UNRESOLVED,3,-0.86,-2.6,0.25,2.73,-1.74,-0.93
OFSS,2026-08-25,11729.0,75.0,85.0,1.23,60.0,0.95,0.47,11979.0,11457.0,2.1,1.0,0.97,1.0,2.4,RESISTANCE_PROBE,CONFIRMED_BREAKOUT,3,0.61,1.07,3.9,0.43,-6.31,-9.85
PAGEIND,2025-01-07,47494.48,75.0,95.0,2.02,55.0,0.92,0.64,48502.77,46162.57,2.1,0.66,1.33,1.0,2.9,RESISTANCE_PROBE,UNRESOLVED,3,-1.54,-2.6,-4.8,-5.81,-3.14,1.14
PAGEIND,2025-05-08,44094.43,50.0,30.0,1.06,48.7,0.97,0.97,46017.95,43962.62,4.2,0.23,0.72,0.72,0.3,RESISTANCE_PROBE,UNRESOLVED,3,0.69,4.19,3.94,6.44,1.93,-0.97
PAGEIND,2025-05-13,45383.29,50.0,25.0,1.15,53.8,1.3,0.8,46017.95,43962.62,1.4,0.13,0.51,0.67,0.3,FTF_COILING,CONFIRMED_BREAKOUT,3,-0.13,0.99,1.9,1.08,0.83,-2.01
PAGEIND,2025-06-30,48448.73,75.0,70.0,1.97,57.5,1.73,1.82,49605.76,46762.18,2.3,0.92,1.16,1.16,3.6,FTF_COILING,UNRESOLVED,3,-2.46,-3.87,-1.01,-1.31,-5.87,-3.4
PAGEIND,2025-07-07,47958.45,75.0,80.0,2.11,57.5,0.9,1.14,49605.76,46762.18,3.3,0.73,0.64,0.98,-0.4,FTF_COILING,UNRESOLVED,3,0.11,-0.65,-0.3,-4.46,-5.41,-4.1
PAGEIND,2025-07-15,48066.32,75.0,75.0,2.01,57.5,0.74,0.68,49605.76,46762.18,3.1,0.67,0.42,0.77,-0.4,FTF_COILING,UNRESOLVED,3,-3.82,-3.54,-5.56,-3.68,-10.08,-5.69
PAGEIND,2026-02-10,34151.45,25.0,0.0,0.46,37.5,1.42,1.51,35266.8,33978.72,3.2,0.21,0.48,0.48,0.5,FTF_COILING,FAILED_BREAKOUT,3,-0.33,-1.81,-2.29,-3.81,-8.35,-5.77
PAGEIND,2026-04-01,32313.86,50.0,25.0,0.67,42.5,1.21,1.15,33136.07,31877.99,2.5,0.76,0.86,1.58,-1.3,FTF_COILING,CONFIRMED_BREAKOUT,1,4.06,6.53,10.21,16.42,13.29,8.87
PAGEIND,2026-04-13,35513.54,50.0,45.0,1.05,50.0,0.95,1.17,36137.63,35166.83,1.7,0.39,0.88,0.88,1.0,FTF_COILING,CONFIRMED_BREAKOUT,1,1.9,3.15,5.89,4.62,-1.45,-3.28
PAGEIND,2026-05-22,39084.71,50.0,70.0,2.66,65.0,1.48,1.34,39228.35,37271.88,0.4,0.52,5.24,5.24,4.9,FTF_COILING,UNRESOLVED,3,-2.31,-2.91,-2.81,-2.43,1.72,4.8
PAGEIND,2026-06-09,38691.38,25.0,85.0,2.75,59.0,0.89,0.74,40109.99,37050.44,3.5,0.86,0.55,0.87,-2.5,RESISTANCE_PROBE,UNRESOLVED,3,-2.44,-2.99,0.41,2.75,7.39,8.17
PAGEIND,2026-06-22,39104.11,50.0,35.0,1.8,56.4,0.95,1.1,40257.73,39327.87,2.9,0.1,1.76,1.76,-0.6,FTF_COILING,CONFIRMED_BREAKOUT,2,1.67,3.98,2.76,8.11,2.56,-1.37
PAGEIND,2026-06-25,40725.16,75.0,65.0,1.98,61.5,1.14,1.57,40217.96,38984.76,-1.3,0.35,2.1,1.09,2.0,RESISTANCE_PROBE,CONFIRMED_BREAKOUT,2,0.0,-1.33,4.73,-0.82,-1.66,-0.33
PAGEIND,2026-06-30,41142.85,75.0,90.0,1.75,60.5,1.12,1.2,41371.59,40004.14,0.6,0.72,1.52,1.52,2.8,FTF_COILING,CONFIRMED_BREAKOUT,1,5.41,3.66,0.99,-2.03,-2.42,-7.43
PERSISTENT,2025-03-26,5463.52,50.0,20.0,1.0,41.0,1.06,1.2,5578.4,5382.47,2.1,0.27,0.72,0.72,1.5,FTF_COILING,FAILED_BREAKOUT,3,2.26,-0.06,-13.12,-17.63,-2.05,3.69
PERSISTENT,2025-06-11,5907.68,75.0,35.0,0.82,57.5,1.08,0.6,5991.36,5745.26,1.4,0.69,0.84,0.84,2.8,FTF_COILING,UNRESOLVED,3,-0.73,-1.39,1.01,2.4,-4.05,-4.9
PERSISTENT,2025-06-16,5960.66,75.0,65.0,0.83,55.0,1.23,0.66,5991.36,5745.26,0.5,0.89,1.38,0.92,1.4,FTF_COILING,CONFIRMED_BREAKOUT,1,0.81,0.11,1.01,0.37,-6.63,-7.38
PERSISTENT,2025-06-19,5841.33,50.0,60.0,1.3,50.0,1.18,0.72,6085.44,5784.38,4.0,0.18,1.07,0.67,0.4,RESISTANCE_PROBE,UNRESOLVED,3,3.53,3.08,2.66,0.88,-6.6,-9.42
PERSISTENT,2025-06-24,6023.54,50.0,55.0,1.27,50.0,0.99,0.88,6085.44,5945.8,1.0,0.19,0.85,1.1,-1.8,FTF_COILING,UNRESOLVED,3,0.43,-0.44,-0.72,-4.91,-5.81,-4.69
PERSISTENT,2025-06-27,5952.24,50.0,35.0,1.08,47.5,0.8,0.83,6085.44,5945.8,2.2,0.18,2.31,1.03,-1.8,FTF_COILING,UNRESOLVED,3,0.52,0.47,-1.9,-7.19,-14.08,-14.13
PERSISTENT,2025-07-02,5956.2,75.0,20.0,0.86,45.0,0.84,1.0,6073.55,5926.49,1.9,0.28,0.69,0.84,0.9,FTF_COILING,FAILED_BREAKOUT,3,-1.06,-1.97,-4.83,-6.77,-13.93,-11.37
PERSISTENT,2025-08-26,5338.74,25.0,30.0,0.66,42.5,1.04,0.99,5470.81,5343.21,2.4,0.18,1.07,1.07,-0.1,FTF_COILING,UNRESOLVED,3,-1.17,-1.32,-0.18,0.79,-3.44,-4.22
PERSISTENT,2025-09-01,5381.93,50.0,35.0,0.62,45.0,1.0,0.96,5470.81,5343.21,1.6,0.88,0.38,0.98,-1.4,FTF_COILING,UNRESOLVED,3,-0.32,-0.98,-7.55,-1.04,-10.14,-7.99
PERSISTENT,2025-09-04,5256.32,25.0,25.0,0.57,45.0,0.94,0.62,5470.81,5264.27,3.9,0.17,0.53,0.77,-1.4,RESISTANCE_PROBE,FAILED_BREAKOUT,1,-3.05,-5.34,2.15,5.18,-4.24,-1.23
PERSISTENT,2025-09-10,5380.94,75.0,45.0,0.67,47.5,1.51,0.89,5470.81,4967.37,1.6,0.96,1.87,0.93,-6.9,RESISTANCE_PROBE,UNRESOLVED,3,-0.21,-0.15,2.15,-4.2,-1.36,-0.34
PERSISTENT,2025-09-15,5325.83,25.0,10.0,0.67,47.5,1.18,1.06,5470.81,5114.33,2.7,0.24,0.69,1.0,-6.9,RESISTANCE_PROBE,CONFIRMED_BREAKOUT,2,2.37,3.21,-1.72,-9.19,-0.48,-3.57
PERSISTENT,2025-09-18,5528.4,75.0,45.0,0.86,50.0,1.05,0.98,5650.04,5476.76,2.2,0.35,1.14,1.14,0.9,FTF_COILING,FAILED_BREAKOUT,2,-1.1,-5.33,-8.35,-8.96,3.38,9.2
PERSISTENT,2025-10-24,5785.08,75.0,40.0,1.32,45.0,0.81,1.02,5935.02,5775.95,2.5,0.2,0.66,0.66,0.2,FTF_COILING,UNRESOLVED,3,0.89,0.02,1.56,0.66,9.41,8.21
PERSISTENT,2025-10-29,5849.73,75.0,70.0,1.29,47.5,0.83,0.75,5935.02,5775.95,1.4,0.76,0.54,0.6,0.2,FTF_COILING,UNRESOLVED,3,1.2,0.43,-0.83,4.17,9.18,8.45
PERSISTENT,2025-11-03,5889.35,50.0,75.0,1.17,52.5,0.7,0.6,5935.02,5775.95,0.8,0.9,0.26,0.57,0.2,FTF_COILING,UNRESOLVED,3,-1.22,-1.5,1.69,2.5,7.8,10.6
PERSISTENT,2025-11-07,5740.4,50.0,65.0,1.03,50.0,0.9,0.55,5935.02,5775.95,3.3,0.57,0.54,0.55,0.2,FTF_COILING,CONFIRMED_BREAKOUT,2,1.44,4.32,5.54,8.92,12.79,8.12
PERSISTENT,2025-11-12,6091.42,50.0,70.0,1.23,52.5,1.06,0.8,5935.02,5658.97,-2.6,0.73,0.9,0.62,-0.6,RESISTANCE_PROBE,CONFIRMED_BREAKOUT,1,0.04,-0.55,2.96,4.57,-1.65,-1.69
PERSISTENT,2025-11-25,6325.76,75.0,60.0,1.59,57.5,1.2,1.29,6381.37,6252.78,0.9,0.48,0.55,0.55,1.2,FTF_COILING,UNRESOLVED,3,0.7,0.97,0.36,-1.08,1.86,2.14
PERSISTENT,2025-11-28,6308.38,75.0,55.0,1.53,62.5,0.88,1.0,6381.37,6252.78,1.1,0.25,0.51,0.68,1.2,FTF_COILING,UNRESOLVED,3,0.83,0.64,2.64,-0.26,-1.96,-1.62
PERSISTENT,2025-12-03,6286.54,75.0,60.0,1.77,57.5,0.93,0.52,6381.37,6252.78,1.5,0.32,0.84,0.62,0.9,FTF_COILING,CONFIRMED_BREAKOUT,1,1.91,2.99,-4.7,-0.77,-0.77,-2.63
PERSISTENT,2025-12-08,6302.42,75.0,40.0,2.15,57.5,1.22,0.72,6482.65,6289.52,2.8,0.15,0.84,0.49,2.9,FTF_COILING,FAILED_BREAKOUT,2,-0.71,-4.94,-0.78,3.41,-1.54,3.57
PERSISTENT,2025-12-12,6292.0,75.0,60.0,2.51,55.0,1.55,0.94,6482.65,5971.27,2.9,0.87,0.73,1.03,-4.7,RESISTANCE_PROBE,UNRESOLVED,3,-0.62,-1.16,0.34,-1.7,-0.17,0.68
PERSISTENT,2025-12-18,6274.12,75.0,85.0,2.36,55.0,0.83,0.68,6482.65,6146.53,3.2,0.81,0.45,0.82,-4.7,RESISTANCE_PROBE,UNRESOLVED,3,0.63,3.88,-0.28,-0.46,1.34,-1.33
PERSISTENT,2025-12-23,6443.43,75.0,60.0,2.4,55.0,1.0,0.55,6482.65,6186.25,0.6,0.27,0.68,0.81,-4.7,RESISTANCE_PROBE,UNRESOLVED,3,-2.1,-2.9,-3.34,0.38,-3.81,0.22
PERSISTENT,2026-01-07,6467.75,75.0,100.0,1.41,55.0,1.05,0.53,6552.65,6067.59,1.3,0.91,1.92,1.0,6.6,RESISTANCE_PROBE,UNRESOLVED,3,-1.06,-1.48,-3.68,-4.17,-7.85,-5.11
PERSISTENT,2026-01-16,6358.03,75.0,80.0,1.42,48.7,0.84,0.64,6552.65,6186.25,3.0,0.56,1.64,1.0,2.8,RESISTANCE_PROBE,UNRESOLVED,3,0.55,-0.94,-3.87,-4.66,-12.51,-10.25
PERSISTENT,2026-01-21,6198.16,50.0,35.0,0.92,48.7,1.23,0.91,6445.41,6206.11,3.8,0.59,4.89,4.89,-0.9,RESISTANCE_PROBE,UNRESOLVED,3,1.26,-1.39,-2.41,-3.85,-15.33,-15.28
PERSISTENT,2026-02-03,6256.77,50.0,10.0,0.66,46.2,1.17,1.08,6445.41,5958.8,2.9,0.12,0.75,1.47,-3.9,RESISTANCE_PROBE,FAILED_BREAKOUT,3,-4.66,-4.75,-6.47,-10.36,-25.0,-19.53
PERSISTENT,2026-04-21,5311.45,75.0,55.0,0.83,48.7,0.97,0.78,5493.22,5268.8,3.3,0.62,1.27,1.27,0.8,FTF_COILING,FAILED_BREAKOUT,1,-4.81,-4.97,-9.88,-9.64,-4.95,-0.14
PERSISTENT,2026-06-02,5451.57,75.0,35.0,1.26,50.0,0.9,0.85,5478.97,5208.41,0.5,0.28,2.21,2.21,4.7,FTF_COILING,FAILED_BREAKOUT,1,-6.82,-6.38,-8.27,-8.3,-20.91,-15.13
PERSISTENT,2026-07-29,5483.3,75.0,45.0,1.42,59.0,1.1,0.83,5515.0,5335.8,0.6,0.18,0.74,0.74,2.8,FTF_COILING,CONFIRMED_BREAKOUT,1,0.57,1.2,0.67,-0.17,1.96,1.37
PERSISTENT,2026-08-03,5575.0,75.0,80.0,1.68,61.5,1.31,1.16,5698.0,5468.4,2.2,1.0,1.76,2.02,1.5,FTF_COILING,UNRESOLVED,3,-1.36,-0.99,-1.81,-0.09,0.35,2.47
PERSISTENT,2026-08-07,5475.0,75.0,55.0,1.53,66.7,0.86,0.95,5698.0,5459.5,3.9,0.18,0.77,1.06,-0.2,RESISTANCE_PROBE,UNRESOLVED,3,-0.02,1.11,1.92,3.52,3.07,3.09
PERSISTENT,2026-08-13,5523.0,75.0,85.0,1.49,64.1,0.8,0.48,5698.0,5468.4,3.1,0.95,0.39,0.87,-0.2,FTF_COILING,UNRESOLVED,3,1.03,0.85,2.73,2.37,-0.24,1.23
PERSISTENT,2026-08-19,5510.0,75.0,60.0,1.61,64.1,0.8,0.5,5698.0,5468.4,3.3,0.34,0.78,0.81,-0.5,FTF_COILING,UNRESOLVED,3,2.98,2.86,1.46,3.27,-1.27,-4.46
PERSISTENT,2026-09-01,5800.0,50.0,85.0,1.74,60.0,1.38,0.73,5855.5,5593.0,0.9,0.79,1.3,1.3,3.7,FTF_COILING,UNRESOLVED,3,-1.9,-2.47,-4.14,-5.56,-11.0,-8.52
PFC,2025-07-14,401.69,75.0,40.0,1.44,47.5,1.04,1.37,414.12,404.05,3.0,0.38,0.59,0.59,-0.6,FTF_COILING,UNRESOLVED,3,-0.02,-0.34,-1.27,-4.72,-1.51,-1.25
PFC,2025-07-17,400.65,75.0,65.0,1.52,47.5,0.82,1.41,414.12,404.05,3.3,0.84,0.49,0.5,-0.9,FTF_COILING,FAILED_BREAKOUT,3,-0.86,-1.01,-0.46,-3.34,-1.79,0.43
PFC,2025-08-13,394.65,75.0,45.0,1.46,45.0,1.1,1.27,401.41,391.63,1.7,0.57,0.82,0.82,0.8,FTF_COILING,UNRESOLVED,3,-0.3,-1.29,-3.33,-8.29,-4.43,-3.49
PFC,2025-08-19,390.81,50.0,65.0,1.22,42.5,0.86,0.94,401.41,391.63,2.6,0.53,1.1,0.96,-0.5,FTF_COILING,FAILED_BREAKOUT,2,-1.61,-2.38,-5.23,-3.83,-1.27,1.14
PFC,2025-10-03,392.9,75.0,70.0,1.04,52.5,1.53,1.19,406.44,389.23,3.3,0.72,1.51,1.51,0.9,FTF_COILING,FAILED_BREAKOUT,3,-1.53,-0.82,-2.03,-3.82,-2.13,0.85
PFC,2026-01-30,365.28,75.0,45.0,1.08,53.8,1.22,1.26,376.26,368.79,2.9,0.4,2.32,2.32,-1.0,FTF_COILING,CONFIRMED_BREAKOUT,2,1.66,3.49,10.5,5.59,10.16,6.44
PFC,2026-02-11,400.43,75.0,70.0,1.61,56.4,1.12,2.13,414.44,390.46,3.4,0.76,0.35,0.88,1.9,FTF_COILING,UNRESOLVED,3,-1.27,-3.68,1.11,2.87,1.0,1.99
PFC,2026-02-17,401.48,75.0,80.0,1.62,59.0,0.78,0.79,414.44,390.46,3.1,0.88,0.55,0.62,-1.2,FTF_COILING,UNRESOLVED,3,0.84,-1.77,1.58,-3.95,4.69,5.4
PFC,2026-02-23,400.44,50.0,60.0,1.64,59.0,0.7,0.71,414.44,390.46,3.4,0.42,0.86,0.59,-1.2,FTF_COILING,UNRESOLVED,3,1.85,2.87,-1.36,0.08,-2.4,-4.44
PFC,2026-02-26,408.99,50.0,55.0,1.91,61.5,0.74,0.93,414.44,390.46,1.3,0.37,0.52,0.64,-1.2,FTF_COILING,UNRESOLVED,3,-1.62,-3.42,-3.03,-3.57,-9.06,-3.54
PFC,2026-03-06,396.6,50.0,45.0,1.55,53.8,1.28,0.97,417.48,380.21,5.0,0.11,1.06,1.0,4.3,RESISTANCE_PROBE,UNRESOLVED,3,-3.69,1.05,-0.55,1.23,3.22,3.46
PFC,2026-03-12,404.42,75.0,70.0,1.54,56.4,1.44,1.03,417.48,373.65,3.1,0.77,1.17,1.0,8.2,RESISTANCE_PROBE,UNRESOLVED,3,-2.48,-2.32,-0.97,-4.03,7.79,7.23
PFC,2026-03-17,406.51,75.0,80.0,1.42,55.0,1.12,1.01,417.48,385.61,2.6,0.91,1.1,1.0,5.4,RESISTANCE_PROBE,CONFIRMED_BREAKOUT,1,3.4,-1.48,-3.86,-3.02,14.01,10.26
PFC,2026-03-20,401.46,75.0,65.0,1.51,60.0,1.11,1.11,422.95,393.14,5.1,0.1,1.41,1.0,2.1,RESISTANCE_PROBE,UNRESOLVED,3,-2.83,-2.65,-7.35,1.97,14.7,16.45
PFC,2026-04-08,409.35,75.0,75.0,1.76,57.5,0.88,0.86,416.68,374.65,1.8,0.32,1.53,0.99,-6.9,RESISTANCE_PROBE,CONFIRMED_BREAKOUT,1,2.49,4.13,9.88,12.49,9.55,6.89
PFC,2026-04-17,455.61,75.0,80.0,2.09,65.0,0.9,1.37,457.72,437.62,0.5,0.8,0.94,0.94,4.1,FTF_COILING,CONFIRMED_BREAKOUT,1,1.72,1.34,0.97,-3.54,-4.11,-5.73
PFC,2026-07-31,419.8,75.0,55.0,0.95,48.7,0.96,0.97,420.57,414.98,0.2,0.59,1.8,1.8,1.2,FTF_COILING,UNRESOLVED,3,-0.67,-1.03,-1.03,-11.39,-16.15,-14.88
PFC,2026-08-05,413.52,75.0,20.0,0.88,46.2,0.97,1.32,422.53,415.85,2.1,0.38,0.88,1.25,-0.1,FTF_COILING,FAILED_BREAKOUT,3,0.0,0.48,-9.93,-10.42,-16.21,-9.06
PIIND,2025-02-07,3510.21,25.0,45.0,0.54,37.5,1.34,1.37,3604.01,3503.82,2.6,0.71,3.92,1.49,2.9,FTF_COILING,FAILED_BREAKOUT,2,-0.55,-3.51,-10.59,-11.08,-8.02,-4.68
PIIND,2025-04-16,3613.76,50.0,40.0,0.87,51.3,1.37,1.49,3636.38,3537.74,0.6,0.69,1.13,1.13,2.1,FTF_COILING,CONFIRMED_BREAKOUT,3,0.1,1.16,0.46,1.32,3.52,1.9
PIIND,2025-04-22,3671.21,50.0,35.0,0.83,59.0,0.7,1.55,3636.38,3537.74,-1.0,0.36,0.64,0.66,2.1,FTF_COILING,CONFIRMED_BREAKOUT,1,-1.16,-1.11,-1.4,-1.12,0.28,1.45
PIIND,2025-04-25,3556.5,50.0,40.0,0.87,56.4,0.82,0.53,3636.38,3537.74,2.2,0.37,0.33,0.64,2.1,FTF_COILING,UNRESOLVED,3,1.82,1.78,2.68,3.47,2.78,1.19
PIIND,2025-04-30,3612.37,50.0,55.0,0.94,59.0,0.82,0.47,3636.38,3537.74,0.7,0.45,0.64,0.54,0.5,FTF_COILING,CONFIRMED_BREAKOUT,2,1.35,1.09,-0.79,1.4,6.46,5.31
PIIND,2025-05-06,3602.54,50.0,50.0,1.09,59.0,0.65,0.53,3636.38,3537.74,0.9,0.16,0.32,0.56,0.5,FTF_COILING,UNRESOLVED,3,0.77,-0.52,0.23,2.75,5.01,4.74
PIIND,2025-05-21,3681.53,50.0,70.0,1.01,55.0,1.26,1.4,3805.58,3672.7,3.3,0.95,1.9,1.9,0.2,FTF_COILING,UNRESOLVED,3,-1.77,-0.78,3.92,7.02,11.56,12.35
PIIND,2025-05-27,3723.31,50.0,70.0,1.13,55.0,1.1,1.33,3805.58,3580.41,2.2,0.67,1.37,0.92,-1.5,RESISTANCE_PROBE,CONFIRMED_BREAKOUT,1,2.76,3.29,1.6,4.59,11.28,8.29
PIIND,2025-05-30,3794.46,75.0,35.0,1.21,57.5,0.93,1.03,3805.58,3636.18,0.3,0.16,1.87,1.17,-1.5,RESISTANCE_PROBE,CONFIRMED_BREAKOUT,2,0.11,-0.3,1.94,3.89,8.72,9.06
PIIND,2025-06-05,3874.55,75.0,45.0,1.23,57.5,1.11,1.65,3890.03,3775.71,0.4,0.13,0.61,1.47,0.2,FTF_COILING,UNRESOLVED,3,-0.17,0.8,1.12,5.22,8.56,8.01
PIIND,2025-06-10,3894.29,75.0,55.0,1.22,55.0,0.97,1.26,3890.03,3775.71,-0.1,0.19,0.31,0.98,0.2,FTF_COILING,CONFIRMED_BREAKOUT,1,1.29,0.61,6.32,6.39,5.71,4.36
PIIND,2025-06-13,3942.22,50.0,85.0,1.23,55.0,0.73,0.54,3890.03,3885.96,-1.3,0.93,0.78,0.81,0.2,RESISTANCE_PROBE,CONFIRMED_BREAKOUT,1,4.38,5.03,3.75,4.65,1.82,-2.45
PIIND,2025-08-01,4158.16,75.0,35.0,1.82,55.0,1.39,0.77,4282.01,4143.08,2.9,0.31,0.65,0.65,0.4,FTF_COILING,FAILED_BREAKOUT,3,-1.25,-1.93,-6.24,-10.28,-10.21,-7.89
PIIND,2026-02-11,3264.0,50.0,90.0,1.07,53.8,0.97,0.95,3382.28,3138.56,3.5,0.87,2.41,0.88,-0.8,FTF_COILING,FAILED_BREAKOUT,3,-1.79,-3.98,-7.69,-5.56,-9.87,-3.18
PIIND,2026-04-20,3026.14,50.0,10.0,0.68,45.0,1.13,1.13,3170.62,2904.67,4.6,0.12,0.81,0.81,-2.2,RESISTANCE_PROBE,UNRESOLVED,3,-0.52,0.67,1.53,0.35,1.95,0.87
PIIND,2026-04-23,3058.62,50.0,35.0,0.74,47.5,0.81,1.06,3170.62,2989.37,3.5,0.62,0.49,0.76,-2.7,RESISTANCE_PROBE,UNRESOLVED,3,0.38,0.46,-0.48,1.04,-10.72,-11.53
PIIND,2026-04-28,3086.52,50.0,55.0,0.84,50.0,0.68,0.86,3123.59,3059.02,1.2,0.37,1.57,0.6,0.4,FTF_COILING,UNRESOLVED,3,-0.21,-1.38,-2.69,-3.23,-8.38,-7.1
PIIND,2026-05-01,3043.87,50.0,55.0,1.09,48.7,0.71,1.27,3140.73,3054.04,3.1,0.5,0.0,0.81,-0.3,FTF_COILING,UNRESOLVED,3,-0.24,-1.33,1.83,1.97,-9.16,-9.64
PIIND,2026-05-06,3060.02,50.0,60.0,1.11,48.7,0.72,0.68,3140.73,3054.04,2.6,0.68,1.13,0.6,-1.7,FTF_COILING,UNRESOLVED,3,0.99,1.3,-0.65,-5.53,-10.83,-11.4
PIIND,2026-05-11,3079.75,50.0,60.0,1.09,51.3,0.78,0.89,3140.73,3054.04,1.9,0.65,0.43,0.71,-1.7,FTF_COILING,FAILED_BREAKOUT,1,-3.02,-1.29,0.18,-7.82,-13.27,-10.57
PIIND,2026-05-14,3092.5,50.0,70.0,1.27,56.4,1.16,0.7,3140.73,3054.04,1.5,0.4,1.93,0.69,-2.2,FTF_COILING,UNRESOLVED,3,0.36,-0.24,-11.7,-8.26,-9.74,-10.35
PIIND,2026-05-19,3113.42,50.0,55.0,1.41,56.4,1.29,1.05,3157.87,3049.55,1.4,0.31,1.44,1.0,1.2,FTF_COILING,FAILED_BREAKOUT,1,-7.15,-12.29,-9.18,-12.32,-7.89,-0.8
PIIND,2026-07-23,2732.79,25.0,60.0,0.72,48.7,1.13,0.48,2747.04,2644.21,0.5,0.87,1.32,1.32,3.4,FTF_COILING,UNRESOLVED,3,-0.42,0.0,1.27,1.95,-9.16,-7.95
PIIND,2026-07-28,2696.92,25.0,5.0,0.86,48.7,1.27,0.61,2747.04,2644.21,1.8,0.15,0.69,0.87,2.9,FTF_COILING,UNRESOLVED,3,1.75,2.61,2.92,1.23,-7.01,-8.51
PIIND,2026-07-31,2741.36,50.0,40.0,0.96,51.3,0.9,0.58,2747.04,2644.21,0.2,0.27,0.53,0.86,2.0,FTF_COILING,CONFIRMED_BREAKOUT,1,1.52,1.25,1.21,-9.17,-11.72,-13.04
PIIND,2026-08-05,2799.95,50.0,75.0,1.02,53.8,1.1,0.63,2834.82,2736.78,1.2,0.65,1.22,0.81,1.4,FTF_COILING,UNRESOLVED,3,-0.5,-0.91,-11.32,-10.53,-14.53,-13.03
PIIND,2026-08-10,2751.6,50.0,50.0,1.1,51.3,0.82,0.63,2834.82,2736.78,2.9,0.2,0.66,0.75,1.4,FTF_COILING,FAILED_BREAKOUT,2,-0.79,-9.76,-10.16,-10.05,-11.69,-2.13
PNB,2025-04-23,97.28,75.0,80.0,1.07,56.4,0.9,1.26,98.92,96.95,1.7,0.53,1.38,1.38,0.3,FTF_COILING,FAILED_BREAKOUT,2,-0.3,-3.61,-2.72,-11.31,-2.56,1.09
PNB,2025-04-28,96.49,75.0,70.0,1.15,53.8,1.03,1.38,98.92,93.05,2.5,0.79,0.95,1.22,-3.3,RESISTANCE_PROBE,UNRESOLVED,3,0.45,-1.92,-7.54,-4.39,-0.15,2.53
PNB,2025-05-20,94.9,75.0,65.0,1.32,60.0,0.62,0.92,97.18,93.49,2.3,0.14,1.0,1.0,1.5,FTF_COILING,UNRESOLVED,3,1.4,-0.12,1.52,8.91,5.36,5.48
PNB,2025-05-23,94.8,75.0,70.0,1.22,57.5,0.84,1.01,97.18,93.49,2.5,0.63,0.52,0.77,1.4,FTF_COILING,UNRESOLVED,3,0.58,1.63,5.42,9.76,5.62,3.65
PNB,2025-05-28,96.6,75.0,75.0,1.44,62.5,0.69,0.71,97.18,93.49,0.6,0.65,0.5,0.68,1.4,FTF_COILING,CONFIRMED_BREAKOUT,2,0.02,3.45,7.09,7.83,6.57,3.01
PNB,2025-06-05,102.96,50.0,35.0,1.67,65.0,1.28,1.68,105.06,102.61,2.0,0.29,0.68,0.68,0.3,FTF_COILING,UNRESOLVED,3,1.06,2.92,-0.92,-5.54,4.04,1.48
PNB,2025-06-10,105.55,75.0,45.0,1.84,67.5,1.09,1.37,105.58,102.28,0.0,0.37,0.79,1.06,3.6,FTF_COILING,UNRESOLVED,3,-1.32,-3.36,-5.27,-3.13,3.12,8.11
PNB,2025-06-24,102.25,75.0,50.0,1.6,60.0,1.07,0.69,105.58,96.85,3.2,0.14,0.58,0.74,-4.9,RESISTANCE_PROBE,UNRESOLVED,3,0.68,0.98,7.46,6.45,3.91,2.81
PNB,2025-06-27,103.34,75.0,80.0,1.57,65.0,0.83,0.62,105.58,101.94,2.1,0.09,1.28,0.69,-4.9,RESISTANCE_PROBE,CONFIRMED_BREAKOUT,1,3.91,6.33,4.24,3.64,1.95,-1.89
PNB,2025-07-02,110.63,75.0,90.0,1.82,72.5,1.12,1.09,110.94,103.13,0.3,0.82,1.33,1.0,7.3,RESISTANCE_PROBE,UNRESOLVED,3,-3.18,-2.64,-2.5,0.98,-5.05,-3.92
PNB,2025-07-07,109.33,75.0,70.0,1.87,72.5,1.06,1.34,110.84,106.8,1.4,0.89,0.81,0.56,0.9,FTF_COILING,UNRESOLVED,3,-0.44,-1.34,-1.59,0.08,-6.98,-4.65
PNB,2025-07-11,107.1,75.0,85.0,1.88,65.0,0.83,0.52,110.84,106.8,3.4,0.64,1.0,0.6,-0.1,FTF_COILING,CONFIRMED_BREAKOUT,3,0.46,1.84,2.85,-1.63,-5.68,-9.59
PNB,2025-07-17,110.57,75.0,45.0,2.95,67.5,1.06,0.85,110.84,106.8,0.2,0.28,0.91,0.81,-0.1,FTF_COILING,UNRESOLVED,3,-0.39,-1.05,-2.74,-7.39,-6.6,-2.79
PNB,2025-07-22,106.24,75.0,45.0,2.38,60.0,1.14,0.87,110.84,108.51,4.1,0.05,0.75,0.78,-0.1,RESISTANCE_PROBE,FAILED_BREAKOUT,3,0.54,1.23,-0.04,-5.19,-2.03,-1.2
PNB,2025-09-12,104.28,75.0,25.0,0.98,47.5,0.97,0.65,105.62,103.25,1.3,0.22,0.87,0.87,1.0,FTF_COILING,CONFIRMED_BREAKOUT,3,1.12,1.05,5.58,0.45,8.98,4.45
PNB,2025-09-22,109.85,75.0,45.0,1.02,50.0,1.22,1.26,111.07,108.7,1.1,0.15,1.36,1.36,1.1,FTF_COILING,UNRESOLVED,3,0.35,-1.8,-3.12,1.0,4.1,5.63
PNB,2025-09-25,108.25,75.0,50.0,0.84,52.5,1.2,1.22,111.25,107.48,2.7,0.54,1.13,1.13,0.7,FTF_COILING,FAILED_BREAKOUT,1,-3.24,-1.7,2.67,5.24,7.39,10.98
PNB,2025-09-30,109.64,75.0,70.0,1.07,57.5,1.44,1.08,111.25,107.48,1.4,0.77,2.48,1.25,-2.5,FTF_COILING,UNRESOLVED,3,-0.25,1.36,0.27,3.16,6.43,4.85
PNB,2025-10-06,111.3,75.0,60.0,1.09,57.5,1.13,1.55,111.25,107.48,-0.0,0.46,1.07,1.49,-2.5,FTF_COILING,UNRESOLVED,3,-0.32,-1.22,2.1,3.11,7.6,7.83
PNB,2025-10-09,111.07,75.0,70.0,1.09,55.0,0.83,1.19,111.25,107.48,0.2,0.71,0.72,1.28,-2.5,FTF_COILING,CONFIRMED_BREAKOUT,1,2.57,2.32,1.58,2.31,7.03,4.35
PNB,2025-10-17,110.49,75.0,55.0,1.41,52.5,0.92,1.28,114.52,111.66,3.5,0.24,0.91,1.0,-1.1,RESISTANCE_PROBE,CONFIRMED_BREAKOUT,1,3.87,3.49,5.22,8.64,7.63,3.62
PNB,2025-10-23,114.88,75.0,35.0,1.57,55.0,1.15,1.18,116.8,109.56,1.6,0.2,1.63,1.0,4.9,RESISTANCE_PROBE,CONFIRMED_BREAKOUT,3,-1.08,1.19,1.58,3.52,3.51,1.02
PNB,2025-10-29,117.68,75.0,55.0,1.59,57.5,0.96,1.34,116.8,114.38,-0.8,0.24,0.91,1.15,-0.7,FTF_COILING,CONFIRMED_BREAKOUT,2,-0.83,1.48,-0.53,-0.02,3.16,1.66
PNB,2025-11-17,119.52,75.0,60.0,1.74,50.0,0.8,0.62,121.32,117.39,1.5,0.27,0.95,1.0,1.8,RESISTANCE_PROBE,UNRESOLVED,3,-0.5,1.67,-1.02,1.87,-3.46,-4.13
PNB,2025-11-20,120.36,75.0,55.0,1.6,50.0,0.98,0.77,122.6,118.21,1.8,0.16,0.96,1.0,1.8,RESISTANCE_PROBE,UNRESOLVED,3,-1.2,-1.7,0.86,-3.5,-4.0,-3.37
PNB,2025-11-25,119.57,75.0,55.0,1.46,47.5,1.06,0.88,122.6,117.68,2.5,0.81,0.66,1.0,1.6,RESISTANCE_PROBE,UNRESOLVED,3,1.58,1.53,1.87,-4.24,-1.75,-2.89
PNB,2025-11-28,120.98,75.0,40.0,1.35,45.0,0.9,0.77,122.67,117.94,1.4,0.33,0.65,1.0,2.6,RESISTANCE_PROBE,UNRESOLVED,3,0.64,0.68,-2.24,-5.37,-3.18,0.62
PNB,2025-12-05,118.27,75.0,65.0,1.43,47.5,1.32,1.1,122.2,115.64,3.2,0.93,1.44,0.92,0.4,FTF_COILING,FAILED_BREAKOUT,1,-4.69,-3.19,-3.2,-1.55,2.77,7.83
PNB,2025-12-22,117.88,75.0,85.0,1.29,52.5,0.78,0.75,122.2,113.62,3.5,0.68,1.19,0.9,-2.5,RESISTANCE_PROBE,UNRESOLVED,3,-0.34,-0.31,0.88,3.43,3.68,4.49
PNB,2025-12-31,120.09,75.0,80.0,1.53,52.5,0.99,0.92,124.19,113.31,3.3,0.54,1.18,1.0,6.0,RESISTANCE_PROBE,UNRESOLVED,3,0.29,1.43,1.7,4.13,1.35,0.14
PNB,2026-01-05,121.55,75.0,65.0,1.49,55.0,1.12,1.09,124.62,118.11,2.5,0.18,1.28,1.0,2.9,RESISTANCE_PROBE,UNRESOLVED,3,0.31,0.48,-1.54,2.37,-0.98,0.85
PNB,2026-01-08,119.34,75.0,45.0,1.42,57.5,1.1,0.77,124.62,120.87,4.2,0.13,0.83,1.0,-1.3,RESISTANCE_PROBE,UNRESOLVED,3,0.07,0.28,4.78,1.91,0.03,-1.34
PNB,2026-01-14,125.04,75.0,90.0,1.67,62.5,1.2,0.83,125.35,117.69,0.2,0.93,2.31,1.0,6.3,RESISTANCE_PROBE,CONFIRMED_BREAKOUT,2,0.0,2.86,-3.64,-2.67,-6.0,-8.61
PNB,2026-01-19,124.43,75.0,35.0,1.44,64.1,1.43,1.17,131.33,121.0,5.3,0.28,4.45,1.0,2.8,RESISTANCE_PROBE,UNRESOLVED,3,-1.78,-3.17,-3.98,-3.27,-2.52,-0.27
PNB,2026-02-23,126.59,75.0,55.0,1.52,61.5,1.23,1.47,131.33,121.3,3.6,0.1,1.43,1.0,4.4,RESISTANCE_PROBE,UNRESOLVED,3,0.58,0.21,-3.24,-9.78,-17.66,-17.8
PNB,2026-02-26,126.79,75.0,75.0,1.38,56.4,0.99,1.14,128.98,126.33,1.7,0.39,1.37,0.86,0.4,FTF_COILING,FAILED_BREAKOUT,2,-0.8,-3.4,-8.56,-14.39,-22.93,-20.22
PNB,2026-07-22,110.73,75.0,45.0,1.24,52.6,1.19,1.77,113.38,111.31,2.3,0.15,0.97,0.97,-0.5,FTF_COILING,UNRESOLVED,3,-0.52,-0.32,0.32,2.55,6.1,5.25
PNB,2026-07-27,111.62,75.0,70.0,1.5,56.4,0.84,1.94,113.38,111.31,1.6,0.59,0.59,0.67,-1.0,FTF_COILING,UNRESOLVED,3,0.03,-0.48,1.24,1.68,3.8,3.78
PNB,2026-07-30,111.64,75.0,85.0,1.53,56.4,0.7,0.62,113.38,111.31,1.5,0.84,0.49,0.62,-1.0,FTF_COILING,UNRESOLVED,3,0.96,1.22,2.38,5.33,3.37,1.24
PNB,2026-08-04,113.99,75.0,85.0,1.64,59.0,0.69,0.63,113.38,111.31,-0.5,0.99,0.4,0.59,-1.0,FTF_COILING,CONFIRMED_BREAKOUT,1,-0.39,0.27,0.04,2.2,1.08,1.47
PNB,2026-08-07,114.81,75.0,75.0,1.93,61.5,0.87,0.59,113.38,112.64,-1.3,0.68,0.62,0.58,-1.0,RESISTANCE_PROBE,CONFIRMED_BREAKOUT,1,-1.14,-0.68,2.78,1.52,1.91,3.08
POLYCAB,2025-01-02,7314.81,50.0,65.0,2.01,60.0,1.06,0.7,7526.97,7071.88,2.8,0.69,0.8,1.0,3.4,RESISTANCE_PROBE,FAILED_BREAKOUT,2,-2.47,-5.98,-8.68,-9.81,-21.68,-16.69
POLYCAB,2025-05-07,5826.1,50.0,35.0,1.52,51.3,1.25,0.91,6015.14,5666.26,3.1,0.26,1.63,1.63,2.8,FTF_COILING,UNRESOLVED,3,-2.06,-2.04,1.61,2.86,0.18,-1.59
POLYCAB,2025-05-12,5931.01,50.0,60.0,1.45,51.3,1.36,1.1,5995.84,5766.22,1.1,0.82,0.62,0.76,-1.0,FTF_COILING,UNRESOLVED,3,0.25,-0.19,1.84,-0.72,2.53,1.69
POLYCAB,2025-05-15,5980.0,50.0,75.0,2.01,53.8,0.86,0.36,5995.84,5766.22,0.3,0.66,0.53,0.63,-1.0,FTF_COILING,CONFIRMED_BREAKOUT,2,0.87,1.0,-1.56,-0.65,0.13,-0.86
POLYCAB,2025-05-20,5951.8,50.0,50.0,1.13,55.0,0.66,0.41,5995.84,5766.22,0.7,0.13,0.43,0.57,-1.0,FTF_COILING,UNRESOLVED,3,0.69,-1.09,-0.82,-2.37,0.47,2.69
POLYCAB,2025-05-23,5823.13,50.0,40.0,0.98,55.0,0.76,0.41,5995.84,5766.22,2.9,0.14,0.72,0.55,-1.0,FTF_COILING,UNRESOLVED,3,1.12,1.37,1.83,3.82,1.99,-0.94
POLYCAB,2025-05-28,5995.34,50.0,75.0,1.05,57.5,0.77,0.43,5995.84,5766.22,0.0,0.78,0.68,0.54,-1.0,FTF_COILING,UNRESOLVED,3,-0.91,-1.1,-2.65,1.8,6.93,9.29
POLYCAB,2025-06-24,6313.54,75.0,70.0,1.61,52.5,1.48,1.62,6165.58,5727.62,-2.4,0.5,1.83,2.41,-2.6,RESISTANCE_PROBE,CONFIRMED_BREAKOUT,1,1.54,1.97,5.05,6.38,9.73,8.07
POLYCAB,2025-06-27,6455.37,75.0,55.0,1.74,60.0,1.1,1.57,6464.33,6316.03,0.1,0.14,1.18,0.85,1.9,FTF_COILING,CONFIRMED_BREAKOUT,2,1.0,2.74,3.57,3.38,3.83,1.06
POLYCAB,2025-07-18,6893.29,75.0,35.0,1.74,62.5,1.01,1.36,6943.55,6782.82,0.7,0.16,3.45,3.45,1.6,FTF_COILING,UNRESOLVED,3,1.67,0.5,-2.76,-3.29,2.32,2.93
POLYCAB,2025-07-23,6852.49,75.0,35.0,1.65,57.5,1.21,1.97,7046.57,6863.43,2.8,0.24,0.73,0.73,0.9,FTF_COILING,FAILED_BREAKOUT,2,-0.64,-2.19,0.67,-0.87,2.9,5.2
POLYCAB,2025-07-28,6805.21,75.0,80.0,1.57,60.0,0.9,0.78,7046.57,6863.43,3.4,0.89,0.64,0.65,-2.3,FTF_COILING,UNRESOLVED,3,1.83,1.37,1.2,-1.17,3.31,3.56
POLYCAB,2025-08-04,6886.82,75.0,60.0,1.49,55.0,1.22,0.92,7046.57,6648.45,2.3,0.93,0.92,0.74,-2.9,RESISTANCE_PROBE,UNRESOLVED,3,0.09,-1.37,-2.34,2.85,4.56,5.14
POLYCAB,2025-08-07,6848.5,75.0,70.0,1.52,57.5,1.14,1.07,7046.57,6648.45,2.8,0.86,0.47,0.76,-2.9,RESISTANCE_PROBE,UNRESOLVED,3,-2.03,-1.79,1.29,3.19,6.45,7.66
POLYCAB,2025-08-19,7083.39,75.0,80.0,1.69,65.0,0.97,0.83,7151.07,6975.9,0.9,0.84,0.65,0.65,1.5,FTF_COILING,UNRESOLVED,3,0.58,-0.46,-0.74,1.66,3.4,3.64
POLYCAB,2025-08-22,7066.97,75.0,60.0,1.81,62.5,0.81,0.62,7151.07,6975.9,1.2,0.39,0.63,0.64,1.1,FTF_COILING,UNRESOLVED,3,-0.41,-0.51,0.62,3.15,7.84,7.75
POLYCAB,2025-08-28,7072.94,75.0,85.0,2.03,57.5,0.79,0.46,7151.07,6975.9,1.1,0.66,1.03,0.62,0.8,FTF_COILING,UNRESOLVED,3,-0.22,0.53,2.12,1.79,4.24,3.19
POLYCAB,2025-09-02,7144.6,75.0,85.0,1.87,57.5,0.83,0.58,7151.07,6975.9,0.1,0.76,0.55,0.7,0.8,FTF_COILING,CONFIRMED_BREAKOUT,2,0.79,1.09,0.2,3.02,1.5,0.4
POLYCAB,2025-09-05,7193.87,75.0,60.0,1.67,60.0,0.73,0.64,7151.07,6975.9,-0.6,0.1,0.67,0.74,0.8,FTF_COILING,CONFIRMED_BREAKOUT,1,1.34,-0.48,0.37,4.44,5.36,3.97
POLYCAB,2025-09-16,7360.08,75.0,95.0,1.63,60.0,1.03,0.59,7526.97,7096.33,2.2,0.96,1.12,1.0,3.7,RESISTANCE_PROBE,UNRESOLVED,3,-0.49,0.62,3.04,-1.47,3.56,1.45
POLYCAB,2025-09-24,7496.93,75.0,35.0,1.5,62.5,1.11,1.06,7660.65,7525.79,2.1,0.23,1.52,1.52,-0.4,FTF_COILING,FAILED_BREAKOUT,1,-1.66,-2.79,-2.41,1.31,-0.26,1.42
POLYCAB,2025-10-01,7316.29,75.0,70.0,1.2,62.5,1.12,1.2,7564.11,7346.64,3.3,0.78,0.47,0.92,-1.4,FTF_COILING,UNRESOLVED,3,0.57,3.6,3.81,3.09,4.8,1.43
POLYCAB,2025-10-07,7559.63,75.0,75.0,1.42,62.5,0.91,0.74,7564.11,7346.64,0.1,0.49,0.47,0.79,-1.4,FTF_COILING,CONFIRMED_BREAKOUT,3,-0.1,0.47,0.16,0.13,-0.05,-1.79
POLYCAB,2025-10-10,7693.5,75.0,85.0,1.41,62.5,1.04,0.6,7564.11,7487.97,-1.7,0.57,1.01,0.69,-1.4,RESISTANCE_PROBE,CONFIRMED_BREAKOUT,1,-0.58,-1.58,-3.76,-0.82,-0.91,-0.34
POLYCAB,2025-10-20,7637.26,75.0,80.0,1.32,55.0,1.37,1.43,7757.69,7205.31,1.6,0.86,1.91,1.0,6.0,RESISTANCE_PROBE,UNRESOLVED,3,-0.89,-2.02,-2.13,-1.48,0.19,2.33
POLYCAB,2025-10-24,7477.52,75.0,25.0,1.11,52.5,1.3,1.79,7757.69,7464.58,3.6,0.34,0.82,1.0,0.2,RESISTANCE_PROBE,UNRESOLVED,3,2.04,-0.04,2.54,1.26,-1.14,-3.99
POLYCAB,2025-10-29,7698.97,75.0,50.0,0.91,52.5,1.18,1.26,7682.55,7442.69,-0.2,0.91,0.81,0.81,3.4,FTF_COILING,CONFIRMED_BREAKOUT,1,1.42,-0.41,-1.86,-0.19,-3.32,-4.67
POLYCAB,2025-11-03,7590.48,75.0,10.0,0.84,47.5,1.13,1.55,7682.55,7442.69,1.2,0.22,0.84,1.08,3.0,FTF_COILING,UNRESOLVED,3,-0.87,-0.46,0.43,0.45,-3.66,-2.59
POLYCAB,2025-11-07,7506.38,75.0,35.0,0.85,47.5,0.85,1.03,7682.55,7442.69,2.3,0.66,0.45,0.89,1.1,FTF_COILING,UNRESOLVED,3,0.88,1.56,1.19,-0.28,-3.78,-5.51
POLYCAB,2025-11-12,7643.73,75.0,25.0,0.87,47.5,0.72,0.59,7682.55,7442.69,0.5,0.41,0.46,0.73,0.9,FTF_COILING,UNRESOLVED,3,0.53,-0.63,0.1,-1.84,-7.04,-7.08
POLYCAB,2025-11-17,7646.72,75.0,35.0,0.82,50.0,0.78,0.55,7682.55,7442.69,0.5,0.8,0.52,0.68,0.9,FTF_COILING,UNRESOLVED,3,-0.29,0.07,-3.33,-3.67,-4.47,-4.04
POLYCAB,2025-11-20,7612.38,75.0,25.0,0.78,45.0,0.68,0.71,7865.68,7544.7,3.2,0.16,0.98,1.0,0.9,RESISTANCE_PROBE,FAILED_BREAKOUT,2,-1.67,-2.9,-2.22,-3.92,-7.18,-4.42
POLYCAB,2026-01-02,7761.17,75.0,60.0,0.86,55.0,0.87,0.85,7865.68,7434.72,1.3,0.85,0.62,1.0,4.4,RESISTANCE_PROBE,UNRESOLVED,3,-0.46,-0.03,-1.45,-8.68,-9.77,-10.9
POLYCAB,2026-01-07,7859.71,75.0,60.0,0.9,55.0,1.05,1.49,7897.53,7548.68,0.5,0.78,0.98,1.0,4.1,RESISTANCE_PROBE,UNRESOLVED,3,-1.86,-2.68,-7.26,-11.68,-4.57,-1.21
POLYCAB,2026-02-09,7751.22,75.0,50.0,0.86,59.0,1.17,0.95,7910.47,7384.96,2.0,0.72,0.51,1.0,5.0,RESISTANCE_PROBE,UNRESOLVED,3,-0.58,0.33,-1.95,2.39,-0.83,-0.58
POLYCAB,2026-02-12,7731.32,75.0,55.0,0.9,53.8,0.55,0.43,7910.47,7609.39,2.3,0.55,0.35,1.0,1.6,RESISTANCE_PROBE,UNRESOLVED,3,-2.32,-1.7,0.13,9.5,-7.4,-7.08
POLYCAB,2026-02-17,7705.44,75.0,65.0,0.93,53.8,0.63,0.34,7910.47,7500.41,2.6,0.91,0.27,1.0,2.7,RESISTANCE_PROBE,UNRESOLVED,3,1.14,0.46,4.89,7.0,-4.75,-6.28
POLYCAB,2026-02-20,7831.84,75.0,85.0,0.92,53.8,0.8,0.4,7910.47,7580.03,1.0,0.72,1.39,1.0,3.3,RESISTANCE_PROBE,CONFIRMED_BREAKOUT,2,1.33,3.2,9.42,4.57,-13.65,-16.32
POLYCAB,2026-02-25,8309.08,75.0,80.0,1.07,59.0,1.13,0.94,8367.8,7673.59,0.7,0.8,2.71,1.0,8.3,RESISTANCE_PROBE,CONFIRMED_BREAKOUT,1,1.89,3.14,2.58,-10.7,-15.35,-16.92
POLYCAB,2026-03-02,8508.13,75.0,70.0,1.28,56.4,1.25,1.71,8680.81,8429.5,2.0,0.5,1.69,1.69,0.9,FTF_COILING,FAILED_BREAKOUT,1,-3.09,0.18,-9.66,-16.17,-19.54,-16.97
POLYCAB,2026-03-06,8511.61,75.0,40.0,1.18,53.8,1.38,1.51,8655.43,8360.33,1.7,0.48,0.76,1.34,-1.4,FTF_COILING,FAILED_BREAKOUT,1,-3.78,-9.69,-15.89,-16.15,-11.13,-7.63
POLYCAB,2026-05-06,8375.76,75.0,80.0,1.39,53.8,0.8,0.59,8680.81,8024.43,3.5,0.35,2.33,1.0,4.4,RESISTANCE_PROBE,CONFIRMED_BREAKOUT,1,6.98,7.93,5.61,9.31,13.74,6.31
POLYCAB,2026-05-28,9618.36,75.0,85.0,1.89,65.8,0.69,0.56,9650.21,9252.1,0.3,0.5,0.0,1.0,4.0,RESISTANCE_PROBE,UNRESOLVED,3,-1.93,-1.9,0.55,-3.02,-0.91,0.47
POLYCAB,2026-06-02,9486.49,75.0,85.0,1.85,65.8,0.81,0.6,9700.97,9338.69,2.2,0.9,0.6,1.0,1.6,RESISTANCE_PROBE,UNRESOLVED,3,0.42,1.95,0.88,0.63,5.0,3.19
POLYCAB,2026-06-05,9653.2,75.0,60.0,2.01,63.2,1.03,0.65,9786.56,9276.48,1.4,0.24,0.89,1.0,4.1,RESISTANCE_PROBE,UNRESOLVED,3,-2.1,-0.86,-1.5,4.45,-1.08,0.74
POLYCAB,2026-06-10,9478.53,75.0,70.0,2.14,60.5,1.13,0.54,9786.56,9379.0,3.1,0.22,1.48,1.0,1.1,RESISTANCE_PROBE,UNRESOLVED,3,-1.59,0.32,4.23,2.26,-2.58,-2.91
POLYCAB,2026-06-15,9510.87,75.0,60.0,2.14,57.9,1.02,0.6,9638.77,9433.74,1.3,0.11,0.79,0.69,-1.1,FTF_COILING,CONFIRMED_BREAKOUT,2,0.37,3.88,5.38,2.82,-2.15,-5.8
POWERGRID,2025-04-09,282.8,75.0,20.0,0.91,46.2,1.38,1.27,290.03,281.54,2.5,0.4,1.28,1.3,-1.1,FTF_COILING,CONFIRMED_BREAKOUT,2,3.65,3.8,9.07,5.16,1.72,-2.0
POWERGRID,2025-05-12,297.88,50.0,60.0,1.11,51.3,1.12,0.81,305.93,293.01,2.6,0.71,0.6,0.96,-1.5,FTF_COILING,FAILED_BREAKOUT,2,-3.43,-4.24,-1.62,-4.0,-2.77,1.54
POWERGRID,2025-09-04,272.79,50.0,0.0,0.79,43.6,1.31,1.7,279.95,276.47,2.6,0.13,0.53,0.53,-1.3,FTF_COILING,UNRESOLVED,3,1.26,0.35,1.77,2.59,2.8,2.06
POWERGRID,2025-09-09,274.77,50.0,35.0,0.71,46.2,1.07,1.43,279.95,276.47,1.8,0.81,0.66,0.63,-1.3,FTF_COILING,UNRESOLVED,3,-0.32,1.04,1.59,1.67,0.51,-0.82
POWERGRID,2025-09-12,278.45,50.0,35.0,0.84,51.3,0.96,0.8,279.95,276.47,0.5,0.73,0.74,0.66,-1.3,FTF_COILING,UNRESOLVED,3,-0.49,0.24,-0.5,-1.88,-0.52,-0.35
POWERGRID,2025-09-17,277.97,50.0,55.0,0.7,51.3,0.85,0.79,279.95,276.47,0.7,0.37,1.77,0.68,-1.3,FTF_COILING,UNRESOLVED,3,0.68,-0.33,2.14,-2.26,1.64,1.81
POWERGRID,2025-09-22,277.48,50.0,20.0,0.78,48.7,0.81,1.33,279.95,276.81,0.9,0.24,0.79,1.37,0.1,FTF_COILING,CONFIRMED_BREAKOUT,2,0.68,2.32,-2.11,0.82,0.68,-1.6
POWERGRID,2025-09-25,275.31,50.0,35.0,0.89,51.3,1.25,1.34,279.95,276.81,1.7,0.07,1.35,1.17,0.1,FTF_COILING,UNRESOLVED,3,-0.76,-1.34,1.86,1.67,2.34,3.85
POWERGRID,2025-10-03,280.44,75.0,70.0,0.86,51.3,1.18,1.28,285.42,274.53,1.7,0.97,1.66,1.15,-1.2,FTF_COILING,UNRESOLVED,3,-0.97,-0.24,-0.19,0.02,-0.59,0.95
POWERGRID,2025-10-08,276.18,50.0,25.0,0.86,51.3,1.1,1.3,285.42,274.53,3.2,0.11,0.81,1.17,-1.2,FTF_COILING,UNRESOLVED,3,0.3,1.35,1.98,1.52,-4.66,-4.94
POWERGRID,2025-10-13,277.0,75.0,35.0,0.87,52.5,0.99,0.96,285.42,274.53,2.9,0.38,0.7,1.07,-1.2,FTF_COILING,UNRESOLVED,3,0.47,1.68,0.72,0.73,-5.09,-6.94
POWERGRID,2025-10-16,282.52,75.0,60.0,1.01,55.0,0.81,0.82,285.42,274.53,1.0,0.47,0.64,0.97,-1.2,FTF_COILING,UNRESOLVED,3,-0.72,-1.25,-1.15,-1.27,-4.69,-3.62
POWERGRID,2025-10-24,279.28,75.0,80.0,1.02,55.0,0.7,0.99,281.84,278.79,0.9,0.46,1.35,1.35,0.2,FTF_COILING,CONFIRMED_BREAKOUT,3,0.88,-0.09,-0.12,-5.47,-2.79,-5.05
POWERGRID,2025-10-29,285.91,75.0,70.0,0.97,55.0,1.06,1.11,281.84,277.39,-1.4,0.84,1.2,1.19,0.1,RESISTANCE_PROBE,CONFIRMED_BREAKOUT,1,-1.3,-2.44,-8.52,-7.1,-5.77,-4.53
POWERGRID,2025-11-03,278.79,50.0,25.0,0.91,52.5,1.2,1.04,281.84,278.79,1.1,0.28,0.77,1.08,0.1,FTF_COILING,FAILED_BREAKOUT,1,-3.11,-6.18,-5.5,-3.19,-5.57,-2.54
POWERGRID,2026-01-08,255.23,50.0,35.0,0.72,52.5,1.25,0.95,264.73,259.32,3.6,0.18,1.23,1.23,-1.6,RESISTANCE_PROBE,FAILED_BREAKOUT,1,-0.5,-0.29,-0.37,-0.02,12.9,13.47
POWERGRID,2026-01-28,255.72,50.0,60.0,0.87,51.3,1.25,1.35,264.73,248.1,3.4,0.86,1.36,1.19,-3.6,RESISTANCE_PROBE,CONFIRMED_BREAKOUT,3,0.27,-1.27,11.39,14.61,19.59,14.9
POWERGRID,2026-02-23,301.94,50.0,80.0,1.95,59.0,0.79,0.9,310.36,291.74,2.7,0.82,0.63,1.0,3.5,RESISTANCE_PROBE,UNRESOLVED,3,0.48,1.29,-2.16,-1.55,-1.43,-1.4
POWERGRID,2026-02-26,301.84,50.0,55.0,2.05,61.5,0.82,0.86,310.36,297.61,2.7,0.29,0.8,1.0,1.4,RESISTANCE_PROBE,FAILED_BREAKOUT,3,-1.52,-2.13,-1.35,-0.76,-2.36,1.42
POWERGRID,2026-03-12,302.19,75.0,80.0,1.62,59.0,1.09,1.08,310.36,284.18,2.6,0.87,1.01,1.0,6.3,RESISTANCE_PROBE,UNRESOLVED,3,-0.87,-1.93,-2.27,-2.67,2.92,4.67
POWERGRID,2026-03-18,298.01,75.0,35.0,1.42,60.0,1.25,1.1,308.06,297.31,3.3,0.28,0.54,1.16,-0.3,FTF_COILING,UNRESOLVED,3,-0.9,-0.6,-1.47,-1.42,6.66,5.71
POWERGRID,2026-03-23,300.7,75.0,100.0,1.74,60.0,1.01,1.0,308.06,297.31,2.4,0.8,1.35,1.01,-0.7,FTF_COILING,UNRESOLVED,3,-1.03,-2.35,-3.08,-1.32,4.73,7.07
POWERGRID,2026-04-01,291.44,75.0,45.0,1.66,57.5,1.17,1.27,307.57,288.95,5.2,0.17,0.97,1.18,0.9,RESISTANCE_PROBE,UNRESOLVED,3,-0.97,0.8,1.81,8.64,8.73,7.77
POWERGRID,2026-04-09,296.72,75.0,85.0,1.66,55.0,0.86,0.72,307.57,291.04,3.5,0.62,1.01,0.88,-0.8,FTF_COILING,CONFIRMED_BREAKOUT,3,1.56,0.75,6.71,6.14,5.32,0.48
POWERGRID,2026-04-15,311.0,75.0,100.0,1.51,52.5,0.87,0.74,307.57,292.49,-1.1,0.92,1.23,0.88,-0.8,RESISTANCE_PROBE,CONFIRMED_BREAKOUT,1,-0.06,1.81,2.34,2.53,-3.5,-3.44
POWERGRID,2026-04-21,317.87,75.0,55.0,1.22,52.5,0.94,1.02,321.55,309.06,1.1,0.34,0.49,1.0,2.9,RESISTANCE_PROBE,UNRESOLVED,3,0.13,-0.06,-0.11,0.03,-6.5,-5.63
POWERGRID,2026-04-24,314.93,75.0,65.0,1.12,52.5,0.67,0.6,321.55,314.53,2.1,0.56,0.66,1.0,0.1,RESISTANCE_PROBE,UNRESOLVED,3,1.42,0.82,0.62,-0.77,-6.98,-8.13
POWERGRID,2026-04-29,318.86,75.0,50.0,1.09,50.0,0.78,0.56,323.44,313.04,1.4,0.38,0.78,1.0,1.9,RESISTANCE_PROBE,UNRESOLVED,3,-0.62,-0.62,-1.37,-5.88,-6.31,-5.92
POWERGRID,2026-05-04,317.57,75.0,65.0,1.02,53.8,0.82,0.52,323.44,314.48,1.8,0.51,0.66,1.0,1.0,RESISTANCE_PROBE,UNRESOLVED,3,0.13,-0.97,-2.55,-7.05,-10.31,-8.81
POWERGRID,2026-07-28,283.98,50.0,50.0,0.76,59.0,0.96,0.76,289.2,285.22,1.8,0.45,0.87,0.87,-0.4,FTF_COILING,UNRESOLVED,3,-0.86,0.14,-0.67,-6.08,-4.57,-4.22
POWERGRID,2026-07-31,282.93,50.0,35.0,0.79,56.4,0.96,0.92,289.2,285.22,2.2,0.28,0.94,1.1,-1.3,FTF_COILING,UNRESOLVED,3,0.97,-0.3,-4.45,-5.97,-5.97,-5.13
POWERGRID,2026-08-05,280.44,50.0,25.0,0.76,53.8,1.12,0.85,289.2,285.22,3.0,0.13,0.9,1.03,-1.3,FTF_COILING,FAILED_BREAKOUT,1,-3.9,-3.6,-4.37,-6.04,-4.86,-1.0
PRESTIGE,2025-04-28,1312.63,50.0,70.0,0.99,53.8,1.09,0.92,1351.54,1235.62,2.9,0.89,1.23,0.8,-3.5,RESISTANCE_PROBE,CONFIRMED_BREAKOUT,1,4.88,4.51,1.23,2.39,9.78,4.67
PRESTIGE,2025-05-14,1391.94,50.0,70.0,1.07,56.4,1.05,0.78,1441.42,1251.98,3.4,0.9,0.56,0.65,-6.2,RESISTANCE_PROBE,UNRESOLVED,3,1.69,2.72,2.67,4.05,19.44,15.75
PRESTIGE,2025-05-19,1436.34,50.0,70.0,1.31,61.5,0.82,0.76,1441.42,1348.75,0.4,0.63,0.6,0.66,-6.2,RESISTANCE_PROBE,UNRESOLVED,3,-1.4,-0.5,-0.08,6.93,18.02,19.69
PRESTIGE,2025-05-22,1416.28,50.0,60.0,1.33,57.5,0.74,0.71,1441.42,1408.7,1.7,0.39,0.56,0.64,-6.2,RESISTANCE_PROBE,UNRESOLVED,3,1.16,1.34,5.72,14.54,18.19,16.16
PRESTIGE,2025-05-30,1463.07,50.0,35.0,1.71,62.5,1.02,1.1,1518.24,1407.61,3.6,0.1,1.79,1.79,-0.4,RESISTANCE_PROBE,CONFIRMED_BREAKOUT,1,4.98,8.05,16.91,12.92,13.56,8.17
PRESTIGE,2025-07-16,1714.47,75.0,90.0,1.52,52.5,1.01,1.3,1763.75,1703.89,2.8,0.59,1.24,1.24,0.6,FTF_COILING,CONFIRMED_BREAKOUT,1,3.76,3.7,2.05,-5.46,-5.22,-8.65
PRESTIGE,2025-07-21,1801.76,75.0,70.0,1.59,52.5,1.09,1.55,1805.85,1768.24,0.2,0.92,0.67,0.67,1.9,FTF_COILING,FAILED_BREAKOUT,3,-0.72,-2.9,-10.79,-9.6,-9.4,-3.63
PRESTIGE,2025-11-14,1742.71,75.0,55.0,1.59,47.5,1.27,1.02,1774.27,1717.84,1.8,0.75,1.13,1.13,1.4,FTF_COILING,UNRESOLVED,3,0.48,-1.3,-3.23,-3.87,-4.81,-3.28
PRESTIGE,2025-11-19,1715.14,75.0,50.0,1.67,47.5,1.15,1.15,1774.27,1717.84,3.3,0.4,1.44,0.89,0.1,FTF_COILING,FAILED_BREAKOUT,3,-0.01,-1.68,-2.88,-4.37,-6.4,-1.47
PRESTIGE,2026-04-09,1317.74,25.0,35.0,1.28,47.5,1.28,2.39,1345.31,1286.68,2.0,0.55,0.68,0.68,2.4,FTF_COILING,UNRESOLVED,3,0.23,-1.13,2.83,4.08,14.24,12.28
PRESTIGE,2026-04-15,1340.71,25.0,65.0,1.22,45.0,1.07,1.93,1351.8,1311.85,0.8,0.73,1.16,1.03,-0.7,FTF_COILING,CONFIRMED_BREAKOUT,3,-0.34,1.07,4.7,6.8,1.49,-0.83
PRESTIGE,2026-04-20,1372.07,50.0,55.0,1.12,47.5,0.79,1.49,1351.8,1311.95,-1.5,0.91,0.62,0.88,-0.7,RESISTANCE_PROBE,CONFIRMED_BREAKOUT,1,2.1,2.31,2.28,5.87,-2.26,-4.28
PRESTIGE,2026-06-24,1539.16,75.0,90.0,1.92,60.5,1.01,1.56,1578.61,1498.11,2.5,0.92,1.0,1.0,2.7,FTF_COILING,UNRESOLVED,3,0.99,0.99,5.46,6.11,7.92,8.04
PRESTIGE,2026-06-29,1537.46,75.0,55.0,1.67,60.5,0.86,1.26,1578.61,1498.11,2.6,0.33,0.49,0.64,2.7,FTF_COILING,CONFIRMED_BREAKOUT,2,1.64,5.58,10.66,12.01,6.83,1.19
PRESTIGE,2026-07-08,1633.24,50.0,55.0,1.86,63.2,1.13,1.87,1712.84,1645.73,4.6,0.25,1.06,1.06,-1.5,RESISTANCE_PROBE,CONFIRMED_BREAKOUT,2,2.36,5.99,3.1,1.7,-2.59,-8.09
PRESTIGE,2026-07-13,1722.13,50.0,60.0,1.88,63.2,1.24,1.47,1712.84,1657.31,-0.5,0.86,0.81,0.89,-1.5,FTF_COILING,UNRESOLVED,3,-1.78,-2.22,-3.2,-4.62,-7.85,-3.21
PRESTIGE,2026-07-16,1639.64,50.0,65.0,1.45,57.9,1.08,0.92,1712.84,1680.58,4.3,0.18,1.24,0.79,-1.5,RESISTANCE_PROBE,UNRESOLVED,3,3.12,1.67,-1.08,-2.86,-1.26,-5.04
PRESTIGE,2026-07-21,1704.75,50.0,80.0,1.73,55.3,0.97,0.98,1712.84,1657.31,0.5,0.89,0.4,0.83,-1.5,FTF_COILING,FAILED_BREAKOUT,2,-2.57,-4.86,-1.44,-6.56,-6.73,-1.97
PRESTIGE,2026-07-28,1680.18,75.0,85.0,1.53,56.4,0.97,0.71,1712.84,1577.31,1.9,0.87,0.7,0.77,-4.0,RESISTANCE_PROBE,UNRESOLVED,3,-0.55,-5.2,-5.19,-5.73,-3.4,0.55
RAILTEL,2025-03-25,318.1,25.0,30.0,1.24,41.0,1.43,2.28,333.89,288.34,4.7,0.22,1.02,1.02,2.1,RESISTANCE_PROBE,UNRESOLVED,3,-4.75,-4.72,-4.71,-11.6,-4.27,2.31
RAILTEL,2025-05-13,321.63,50.0,60.0,2.72,59.0,1.14,0.91,332.04,287.03,3.1,0.59,0.63,0.89,-4.2,RESISTANCE_PROBE,CONFIRMED_BREAKOUT,1,9.42,11.11,15.96,18.97,37.82,25.96
RAILTEL,2025-05-29,397.93,75.0,80.0,4.76,67.5,0.73,0.96,402.72,384.5,1.2,0.83,0.49,0.49,3.5,FTF_COILING,UNRESOLVED,3,-1.14,-0.97,14.39,8.72,5.12,6.23
RAILTEL,2025-06-03,393.78,75.0,55.0,4.22,67.5,0.84,0.95,402.72,384.5,2.2,0.36,0.52,0.57,2.3,FTF_COILING,CONFIRMED_BREAKOUT,1,10.8,15.59,12.57,6.93,6.91,-3.52
RAILTEL,2025-12-24,353.95,50.0,40.0,1.52,40.0,1.23,3.05,370.08,322.25,4.4,0.2,1.4,1.4,4.4,RESISTANCE_PROBE,CONFIRMED_BREAKOUT,1,6.03,4.37,3.98,-0.94,-5.79,-11.14
RAILTEL,2026-04-13,283.14,25.0,65.0,1.25,42.5,0.97,1.17,292.91,281.7,3.3,0.7,0.84,0.84,0.5,FTF_COILING,CONFIRMED_BREAKOUT,1,18.41,18.81,14.81,16.85,12.0,-5.41
RAILTEL,2026-05-06,341.65,50.0,75.0,4.46,56.4,0.7,0.61,352.35,322.13,3.0,0.61,0.27,0.33,-5.2,RESISTANCE_PROBE,UNRESOLVED,3,1.49,-0.16,-5.87,-6.66,-7.53,-4.71
RAILTEL,2026-06-16,320.39,50.0,60.0,5.44,50.0,1.31,0.24,322.58,313.67,0.7,0.34,1.66,1.66,2.1,FTF_COILING,CONFIRMED_BREAKOUT,1,0.67,0.28,-1.04,-4.3,-5.66,-6.28
RAILTEL,2026-06-19,318.0,25.0,60.0,5.28,50.0,1.01,0.34,327.46,320.94,2.9,0.37,0.85,1.26,0.1,FTF_COILING,UNRESOLVED,3,1.28,-0.3,-1.68,-1.53,-6.7,-6.11
RAILTEL,2026-06-24,316.01,25.0,45.0,1.37,47.4,0.85,0.54,323.48,314.17,2.3,0.3,0.75,0.75,0.6,FTF_COILING,FAILED_BREAKOUT,3,-1.06,-1.06,-0.16,-5.91,-8.66,-5.32
RAILTEL,2026-07-01,315.51,25.0,65.0,1.89,44.7,0.84,0.36,323.48,303.72,2.5,0.43,4.06,0.55,-3.0,RESISTANCE_PROBE,UNRESOLVED,3,-0.39,-0.76,-5.76,-4.64,-7.38,-5.18
RAILTEL,2026-08-21,287.25,25.0,40.0,1.83,37.5,1.36,3.13,297.6,282.15,3.5,0.34,2.03,0.86,-0.5,FTF_COILING,UNRESOLVED,3,-1.81,-2.25,-2.91,-5.64,-7.75,-5.66
RECLTD,2025-03-26,397.42,50.0,30.0,0.77,46.2,0.96,1.12,416.79,393.26,4.6,0.08,1.19,1.19,-2.5,RESISTANCE_PROBE,UNRESOLVED,3,1.83,0.85,-0.04,-5.49,1.13,3.24
RECLTD,2025-04-21,413.29,50.0,70.0,1.02,51.3,0.88,0.78,416.79,380.47,0.8,0.9,0.94,1.02,-11.9,RESISTANCE_PROBE,UNRESOLVED,3,-0.5,-0.41,-2.16,-8.56,-11.07,-10.54
RECLTD,2025-07-14,372.44,25.0,35.0,0.89,45.0,0.88,0.87,377.72,369.5,1.4,0.56,0.82,0.82,0.8,FTF_COILING,UNRESOLVED,3,0.63,0.39,-0.05,-1.57,-1.75,-2.33
RECLTD,2025-07-17,374.63,50.0,20.0,0.97,45.0,0.7,0.9,377.72,369.5,0.8,0.42,0.38,0.63,0.8,FTF_COILING,UNRESOLVED,3,-0.07,-0.64,0.92,-1.5,-3.13,-1.18
RECLTD,2025-07-22,367.26,25.0,55.0,1.06,40.0,0.94,0.55,377.72,369.5,2.8,0.09,1.31,0.69,0.7,FTF_COILING,UNRESOLVED,3,1.7,2.95,1.73,1.49,-1.36,-3.2
RECLTD,2025-07-25,374.21,25.0,20.0,0.92,42.5,1.24,1.19,377.72,369.5,0.9,0.29,1.94,1.01,-0.6,FTF_COILING,UNRESOLVED,3,-2.03,-0.16,-1.86,-3.72,-4.67,-4.38
RECLTD,2025-07-30,373.09,25.0,0.0,0.85,40.0,1.31,1.39,381.22,371.32,2.1,0.21,0.76,0.78,-1.3,FTF_COILING,UNRESOLVED,3,-1.09,-1.57,-1.39,-1.96,-10.77,-10.46
RECLTD,2025-08-04,371.82,25.0,45.0,0.8,35.0,1.05,0.89,381.22,371.32,2.5,0.81,0.95,0.91,-1.3,FTF_COILING,FAILED_BREAKOUT,3,0.24,-1.05,-1.59,-2.2,-5.91,-3.81
RECLTD,2025-09-19,365.72,50.0,35.0,0.71,46.2,0.92,0.72,371.43,364.58,1.5,0.27,1.0,1.0,0.3,FTF_COILING,UNRESOLVED,3,-0.13,0.57,-4.45,-1.68,-2.55,-1.91
RECLTD,2025-09-24,363.35,50.0,20.0,0.66,46.2,0.87,0.83,370.39,365.2,1.9,0.14,0.76,0.76,-0.5,FTF_COILING,FAILED_BREAKOUT,1,-1.77,-3.82,-1.16,-2.72,-2.46,-0.71
RECLTD,2025-10-01,359.11,25.0,20.0,0.88,48.7,1.45,0.78,370.39,347.18,3.0,0.3,2.81,1.09,-4.3,RESISTANCE_PROBE,UNRESOLVED,3,0.74,0.13,-1.58,-0.01,0.53,0.47
RECLTD,2025-10-07,359.3,25.0,10.0,0.76,48.7,1.2,1.11,371.24,353.93,3.2,0.38,0.75,0.72,1.6,FTF_COILING,UNRESOLVED,3,-1.39,-1.63,-1.97,-0.16,-2.78,-1.53
RECLTD,2025-10-16,359.07,50.0,20.0,0.81,48.7,0.9,0.9,371.24,353.93,3.3,0.4,0.56,0.84,-0.5,FTF_COILING,UNRESOLVED,3,-0.68,-0.74,-1.3,0.54,-3.07,-2.98
RECLTD,2025-10-21,358.73,50.0,50.0,0.86,51.3,0.86,1.21,371.24,353.93,3.4,0.57,0.26,0.95,-0.5,FTF_COILING,UNRESOLVED,3,-0.6,-1.21,3.51,-2.63,-2.98,-3.29
RECLTD,2025-10-31,361.0,50.0,10.0,0.76,48.7,1.51,1.86,373.19,363.27,3.3,0.13,1.07,1.07,-0.6,FTF_COILING,FAILED_BREAKOUT,3,1.16,-1.12,-3.32,-3.59,-4.44,-1.24
RECLTD,2026-01-06,368.71,50.0,60.0,1.16,55.0,1.44,1.76,372.41,363.6,1.0,0.46,1.41,1.41,1.4,FTF_COILING,FAILED_BREAKOUT,3,0.63,-2.99,-4.17,-6.26,-0.33,4.95
RECLTD,2026-01-28,363.55,75.0,80.0,1.23,59.0,1.03,1.45,373.14,346.27,2.6,0.94,0.79,0.96,-3.6,RESISTANCE_PROBE,UNRESOLVED,3,-0.58,-3.55,1.09,-5.1,-5.08,-1.32
RECLTD,2026-02-06,363.11,75.0,70.0,1.16,59.0,1.14,1.83,372.22,364.9,2.4,0.47,1.28,1.28,-0.5,FTF_COILING,FAILED_BREAKOUT,1,-3.38,-4.48,-6.87,-4.91,-12.91,-9.86
RECLTD,2026-04-20,376.67,75.0,90.0,1.41,64.1,1.13,1.23,366.73,344.63,-2.7,0.9,1.25,1.57,5.5,RESISTANCE_PROBE,CONFIRMED_BREAKOUT,1,0.17,0.17,-1.22,-7.63,-12.8,-12.95
RECLTD,2026-06-30,358.07,75.0,35.0,0.88,55.3,0.57,0.97,362.15,357.28,1.1,0.25,1.71,1.71,0.2,FTF_COILING,UNRESOLVED,3,1.73,1.59,-2.08,-3.12,1.28,0.9
RECLTD,2026-07-03,359.4,50.0,55.0,0.9,52.6,0.81,1.13,362.0,356.79,0.7,0.15,1.23,0.99,2.0,FTF_COILING,FAILED_BREAKOUT,3,-0.11,-2.44,-3.61,-2.75,3.31,8.17
RECLTD,2026-07-17,349.5,50.0,70.0,0.98,47.4,0.93,0.74,362.0,341.38,3.5,0.8,1.27,0.88,-3.8,RESISTANCE_PROBE,UNRESOLVED,3,2.37,1.96,1.83,6.23,-4.15,-5.62
RECLTD,2026-07-29,368.35,75.0,70.0,1.17,51.3,1.13,0.88,381.34,349.31,3.4,0.54,1.27,1.0,5.5,RESISTANCE_PROBE,UNRESOLVED,3,0.17,0.8,-1.08,-6.49,-12.53,-12.08
RECLTD,2026-08-03,366.45,75.0,45.0,1.17,51.3,0.93,1.04,381.34,363.23,3.9,0.11,0.74,1.0,0.9,RESISTANCE_PROBE,UNRESOLVED,3,-0.03,-0.57,-6.62,-7.22,-11.78,-10.17
RELIANCE,2025-01-20,1294.27,75.0,25.0,0.98,52.5,1.24,1.13,1314.65,1274.0,1.6,0.33,1.15,1.15,1.6,FTF_COILING,UNRESOLVED,3,-2.43,-2.17,-5.83,-3.13,-6.76,-3.67
RELIANCE,2025-02-04,1274.2,75.0,85.0,1.03,52.5,1.1,0.59,1314.65,1226.95,3.1,0.91,1.4,0.79,-4.3,RESISTANCE_PROBE,UNRESOLVED,3,-0.54,-0.28,-3.92,-4.65,-8.53,-7.19
RELIANCE,2025-03-18,1228.24,50.0,45.0,0.92,46.2,0.75,1.06,1246.63,1222.54,1.5,0.5,0.0,0.0,0.5,FTF_COILING,CONFIRMED_BREAKOUT,2,0.67,2.45,3.76,0.99,4.57,2.08
RELIANCE,2025-03-25,1274.44,75.0,65.0,1.25,53.8,0.92,1.25,1270.03,1259.23,-0.3,0.11,1.01,1.54,2.5,FTF_COILING,UNRESOLVED,3,-0.96,-0.56,-2.67,-7.79,6.48,7.35
RELIANCE,2025-03-28,1264.18,75.0,40.0,0.99,48.7,1.01,1.38,1270.03,1259.23,0.5,0.23,1.27,1.13,0.2,FTF_COILING,UNRESOLVED,3,-1.76,-1.88,-8.58,-2.81,11.35,13.7
RELIANCE,2025-04-03,1238.01,75.0,45.0,0.86,46.2,0.89,1.18,1270.03,1259.23,2.5,0.83,0.57,1.06,-1.5,FTF_COILING,FAILED_BREAKOUT,1,-3.52,-6.65,-2.38,3.4,12.6,16.71
RELIANCE,2025-04-15,1229.48,75.0,15.0,0.93,51.3,1.57,1.33,1270.03,1153.34,3.2,0.22,0.94,1.06,-8.2,RESISTANCE_PROBE,CONFIRMED_BREAKOUT,3,-0.06,2.77,4.83,13.3,17.26,12.25
RELIANCE,2025-05-15,1441.75,75.0,90.0,1.43,56.4,1.19,0.79,1475.21,1388.01,2.3,0.85,1.33,1.0,3.9,RESISTANCE_PROBE,UNRESOLVED,3,0.15,-0.92,-3.08,-2.5,-0.87,1.19
RELIANCE,2025-06-05,1430.05,75.0,90.0,1.41,62.5,0.95,0.82,1475.21,1383.65,3.1,0.6,1.34,1.0,3.4,RESISTANCE_PROBE,UNRESOLVED,3,0.08,0.44,-0.06,-0.63,5.23,5.51
RELIANCE,2025-06-10,1426.18,75.0,55.0,1.49,62.5,0.92,0.77,1442.24,1411.41,1.1,0.14,0.82,0.81,1.4,FTF_COILING,UNRESOLVED,3,0.72,0.22,-0.51,0.86,6.89,7.68
RELIANCE,2025-06-13,1415.67,75.0,85.0,1.54,60.0,1.04,0.66,1442.24,1411.41,1.8,0.64,1.05,0.85,1.0,FTF_COILING,UNRESOLVED,3,0.69,0.23,2.68,6.13,4.71,4.55
RELIANCE,2025-06-18,1417.86,75.0,60.0,1.7,57.5,1.01,0.74,1442.24,1411.41,1.7,0.26,0.71,0.91,0.3,FTF_COILING,CONFIRMED_BREAKOUT,2,0.22,2.52,2.6,6.2,3.88,1.32
RELIANCE,2025-06-23,1444.33,75.0,60.0,1.88,57.5,1.12,1.07,1442.24,1411.41,-0.1,0.68,0.57,1.08,0.3,FTF_COILING,CONFIRMED_BREAKOUT,3,-0.41,0.72,3.01,5.81,-1.94,-4.46
RELIANCE,2025-06-26,1482.5,75.0,80.0,1.8,55.0,1.31,1.14,1462.37,1429.65,-1.4,0.9,1.36,0.7,1.7,RESISTANCE_PROBE,CONFIRMED_BREAKOUT,1,1.34,0.35,1.5,1.46,-6.18,-7.42
RELIANCE,2025-09-01,1347.67,50.0,25.0,0.6,40.0,1.23,1.03,1397.04,1343.79,3.5,0.59,1.12,1.12,0.3,FTF_COILING,UNRESOLVED,3,0.93,1.38,1.82,3.35,1.4,0.99
RELIANCE,2025-09-04,1353.04,50.0,30.0,0.65,40.0,1.18,1.2,1397.04,1343.79,3.1,0.13,1.28,1.01,0.3,FTF_COILING,UNRESOLVED,3,1.16,1.41,1.77,4.1,0.3,-0.93
RELIANCE,2025-09-09,1369.87,50.0,35.0,0.61,45.0,0.72,0.89,1397.04,1343.79,1.9,0.6,0.95,0.93,0.3,FTF_COILING,UNRESOLVED,3,0.06,0.52,2.11,0.99,-0.64,-1.98
RELIANCE,2025-09-12,1388.58,50.0,35.0,0.7,47.5,0.64,0.79,1397.04,1343.79,0.6,0.92,0.74,0.92,0.3,FTF_COILING,UNRESOLVED,3,0.31,0.74,0.89,-1.25,-1.43,-2.74
RELIANCE,2025-09-17,1407.29,75.0,35.0,0.74,55.0,0.62,0.77,1397.04,1343.79,-0.7,0.74,0.8,0.87,0.3,FTF_COILING,CONFIRMED_BREAKOUT,2,0.08,-0.45,-2.18,-3.19,-1.1,-0.65
RELIANCE,2025-09-22,1384.2,50.0,35.0,0.79,55.0,0.72,0.87,1410.48,1397.14,1.9,0.11,0.8,0.8,-0.9,FTF_COILING,FAILED_BREAKOUT,3,-0.06,-0.55,-1.28,-0.42,5.36,6.76
RELIANCE,2025-09-25,1366.08,50.0,45.0,0.67,52.5,0.95,0.98,1410.48,1397.14,3.1,0.22,1.18,0.93,-1.5,FTF_COILING,FAILED_BREAKOUT,2,0.38,0.03,-0.66,0.68,8.14,8.11
RELIANCE,2025-10-01,1362.4,50.0,45.0,0.84,52.5,1.1,1.09,1410.48,1397.14,3.4,0.38,1.24,1.16,-2.8,FTF_COILING,FAILED_BREAKOUT,1,-0.39,0.46,0.66,2.16,8.6,9.02
RELIANCE,2025-10-07,1378.43,50.0,50.0,0.95,55.0,1.11,1.31,1410.48,1350.66,2.3,0.45,1.09,1.19,-2.9,RESISTANCE_PROBE,UNRESOLVED,3,-1.26,-0.51,-0.64,5.81,8.04,8.28
RELIANCE,2025-10-10,1375.34,50.0,40.0,0.99,57.5,1.13,1.08,1410.48,1358.22,2.5,0.51,0.63,1.13,-2.9,RESISTANCE_PROBE,UNRESOLVED,3,-0.48,-0.42,2.54,7.41,8.08,8.67
RELIANCE,2025-10-24,1444.92,75.0,50.0,1.26,57.5,1.49,1.46,1476.08,1437.95,2.1,0.56,0.82,0.82,0.5,FTF_COILING,CONFIRMED_BREAKOUT,2,2.24,2.43,2.4,2.6,5.81,3.3
RELIANCE,2025-10-29,1497.28,75.0,70.0,1.41,62.5,1.19,1.14,1485.13,1470.8,-0.8,0.8,0.97,0.97,1.8,FTF_COILING,UNRESOLVED,3,-1.04,-1.18,-0.54,0.45,3.94,5.3
RELIANCE,2025-11-03,1477.87,75.0,55.0,1.2,57.5,0.8,1.15,1485.13,1470.8,0.5,0.34,0.73,0.83,0.6,FTF_COILING,CONFIRMED_BREAKOUT,2,-0.78,0.77,0.59,2.34,4.15,3.36
RELIANCE,2025-11-07,1471.2,75.0,55.0,1.25,55.0,0.95,0.97,1485.13,1470.8,0.9,0.09,0.67,0.92,-0.3,FTF_COILING,CONFIRMED_BREAKOUT,3,0.76,1.04,2.77,4.64,4.24,1.93
RELIANCE,2025-11-12,1504.54,75.0,70.0,1.49,55.0,1.06,0.92,1485.13,1468.71,-1.3,0.47,1.04,0.82,-0.3,RESISTANCE_PROBE,CONFIRMED_BREAKOUT,1,-0.04,0.49,0.49,3.86,1.68,1.72
RELIANCE,2025-11-17,1511.31,75.0,70.0,1.43,50.0,0.8,0.79,1485.13,1493.1,-1.8,0.56,0.52,0.81,-0.3,RESISTANCE_PROBE,CONFIRMED_BREAKOUT,1,0.07,0.04,1.16,3.15,2.5,2.42
RELIANCE,2025-11-21,1539.48,75.0,55.0,1.44,52.5,0.88,0.91,1550.63,1503.55,0.7,0.37,0.93,1.0,2.4,RESISTANCE_PROBE,CONFIRMED_BREAKOUT,3,-0.69,-0.45,1.35,-0.39,1.2,-0.31
RELIANCE,2025-11-26,1562.67,75.0,80.0,1.35,55.0,1.26,1.21,1552.42,1518.08,-0.7,0.95,1.32,1.32,2.9,FTF_COILING,UNRESOLVED,3,-0.41,-0.15,-1.98,-2.1,-0.75,-0.5
RELIANCE,2025-12-01,1558.89,75.0,35.0,1.19,55.0,1.12,1.18,1552.42,1518.08,-0.4,0.18,0.85,1.04,2.5,FTF_COILING,UNRESOLVED,3,-1.26,-1.74,-1.47,-0.63,-1.68,0.27
RELIANCE,2025-12-04,1528.53,75.0,55.0,1.21,50.0,1.09,0.81,1552.42,1518.08,1.5,0.42,1.16,0.93,0.9,FTF_COILING,UNRESOLVED,3,0.33,0.48,0.61,0.57,3.69,4.11
RELIANCE,2025-12-09,1522.36,75.0,55.0,1.29,50.0,1.15,0.91,1552.42,1518.08,1.9,0.42,1.07,0.98,0.7,FTF_COILING,UNRESOLVED,3,0.49,1.02,0.84,2.7,-1.65,-3.36
RELIANCE,2025-12-12,1549.34,75.0,80.0,1.49,55.0,0.9,0.85,1552.42,1518.08,0.2,0.76,0.5,0.93,0.3,FTF_COILING,UNRESOLVED,3,-0.02,-0.91,0.55,-0.7,-4.71,-3.96
RELIANCE,2025-12-17,1537.29,75.0,75.0,1.39,50.0,0.74,0.67,1574.02,1531.72,2.3,0.48,0.69,1.0,0.4,RESISTANCE_PROBE,UNRESOLVED,3,0.0,1.34,0.89,2.02,-5.54,-7.4
RELIANCE,2025-12-22,1568.15,75.0,90.0,1.49,53.8,0.81,0.85,1566.95,1543.86,-0.1,0.83,1.06,1.06,1.6,FTF_COILING,UNRESOLVED,3,-0.3,-1.09,-2.26,-4.3,-11.51,-10.6
RELIANCE,2025-12-26,1552.02,75.0,65.0,1.47,48.7,0.87,0.9,1566.95,1543.86,1.0,0.73,0.27,0.95,0.5,FTF_COILING,UNRESOLVED,3,-0.87,-1.24,2.12,-5.38,-11.1,-11.74
RELIANCE,2025-12-31,1563.17,75.0,75.0,1.14,51.3,0.99,0.67,1566.95,1543.86,0.2,0.82,0.71,0.81,-0.7,FTF_COILING,CONFIRMED_BREAKOUT,3,0.33,1.39,-4.22,-7.11,-11.42,-11.86
RELIANCE,2026-01-05,1570.84,75.0,50.0,1.22,53.8,1.36,0.7,1566.95,1543.86,-0.2,0.08,1.11,0.8,-0.7,FTF_COILING,FAILED_BREAKOUT,1,-4.47,-4.68,-6.01,-10.42,-8.93,-4.68
RELIANCE,2026-06-22,1326.5,50.0,20.0,0.72,42.1,1.01,0.97,1338.2,1305.3,0.9,0.4,0.74,0.74,1.6,FTF_COILING,UNRESOLVED,3,-1.28,-0.97,-1.92,-0.39,-0.26,0.38
RELIANCE,2026-06-25,1318.1,50.0,20.0,0.73,39.5,1.02,0.92,1338.2,1305.3,1.5,0.26,0.7,0.75,0.3,FTF_COILING,UNRESOLVED,3,0.0,-1.3,-1.11,-2.91,-3.48,-1.68
RELIANCE,2026-06-30,1293.9,50.0,25.0,0.73,34.2,0.68,0.63,1338.2,1305.3,3.3,0.23,0.99,0.63,-0.3,FTF_COILING,UNRESOLVED,3,1.09,0.74,1.12,-0.07,-2.02,-2.78
RELIANCE,2026-07-03,1304.0,50.0,25.0,0.72,39.5,0.74,0.65,1338.2,1305.3,2.6,0.2,0.54,0.71,-0.9,FTF_COILING,FAILED_BREAKOUT,3,1.33,0.34,0.29,1.78,0.29,2.5
RELIANCE,2026-07-10,1307.8,50.0,25.0,0.48,44.7,1.25,0.83,1338.2,1305.3,2.3,0.86,0.63,0.8,-2.3,FTF_COILING,UNRESOLVED,3,-0.83,-1.13,1.48,-2.28,2.06,3.03
RVNL,2025-06-09,426.83,75.0,55.0,1.47,51.3,0.91,1.67,442.7,397.91,3.6,0.2,0.93,1.05,-3.1,RESISTANCE_PROBE,UNRESOLVED,3,-1.17,-0.91,-5.15,-9.35,-9.8,-5.69
RVNL,2025-09-16,352.69,50.0,100.0,1.37,50.0,1.02,1.62,353.29,337.19,0.2,0.85,1.47,1.47,4.6,FTF_COILING,CONFIRMED_BREAKOUT,1,1.66,2.14,0.76,-4.35,-4.59,-6.15
RVNL,2025-09-19,361.19,50.0,45.0,1.87,52.5,1.2,2.19,367.55,353.39,1.7,0.35,0.82,0.95,1.9,FTF_COILING,FAILED_BREAKOUT,3,-1.25,-1.61,-7.06,-4.64,-9.48,-5.36
RVNL,2025-11-24,322.83,25.0,65.0,1.17,32.5,1.1,0.97,333.56,319.4,3.2,0.71,2.33,0.72,-2.3,FTF_COILING,UNRESOLVED,3,-0.6,-0.38,-0.99,-5.45,2.35,2.45
RVNL,2025-11-27,322.53,25.0,10.0,0.87,35.0,1.22,1.3,333.56,319.4,3.3,0.36,1.04,1.24,-2.3,FTF_COILING,UNRESOLVED,3,-0.14,-0.89,-3.74,-3.9,19.53,22.04
RVNL,2025-12-24,343.55,50.0,55.0,1.25,40.0,1.58,1.92,347.32,330.93,1.1,0.68,2.52,2.52,3.8,FTF_COILING,CONFIRMED_BREAKOUT,1,12.22,6.33,4.57,-0.91,-4.83,-15.2
RVNL,2026-04-22,306.45,50.0,90.0,1.42,52.5,0.96,1.99,310.88,297.92,1.4,0.92,1.06,0.66,-0.8,FTF_COILING,UNRESOLVED,3,-0.07,-1.29,-1.66,-0.75,-12.3,-11.88
RVNL,2026-04-27,305.0,50.0,55.0,1.26,50.0,0.71,1.01,310.88,297.92,1.9,0.18,0.66,0.87,-0.8,FTF_COILING,UNRESOLVED,3,0.88,-1.19,-3.04,-3.45,-10.95,-8.47
RVNL,2026-05-06,304.15,50.0,85.0,1.44,53.8,0.73,0.61,310.88,297.92,2.2,0.84,0.61,0.68,-0.8,FTF_COILING,UNRESOLVED,3,1.18,-0.03,-6.59,-11.64,-21.66,-19.09
SAIL,2025-02-20,107.08,25.0,35.0,0.82,50.0,1.07,1.38,110.35,101.8,3.0,0.88,0.74,0.73,-0.0,FTF_COILING,CONFIRMED_BREAKOUT,1,2.66,-1.48,-4.39,0.97,6.74,3.97
SAIL,2025-03-05,109.7,50.0,90.0,1.12,50.0,0.93,1.33,112.26,99.05,2.3,0.93,1.68,1.09,-3.4,RESISTANCE_PROBE,UNRESOLVED,3,-0.5,-1.44,-5.22,1.27,0.06,4.97
SAIL,2025-03-10,104.57,25.0,35.0,0.95,50.0,0.91,1.62,112.01,104.8,6.6,0.08,0.96,0.86,0.0,RESISTANCE_PROBE,UNRESOLVED,3,0.8,-0.57,-1.05,6.93,-2.14,-0.87
SAIL,2025-03-19,110.38,50.0,65.0,1.09,46.2,0.88,0.98,112.01,102.41,1.5,0.69,1.97,0.8,-4.5,RESISTANCE_PROBE,CONFIRMED_BREAKOUT,3,0.64,1.83,0.05,4.69,2.43,-1.07
SAIL,2025-03-24,114.29,75.0,80.0,1.41,51.3,0.84,1.11,112.01,107.83,-2.0,0.46,1.06,0.95,-4.5,RESISTANCE_PROBE,CONFIRMED_BREAKOUT,1,-2.17,-3.37,-0.31,-10.59,-2.07,0.1
SAIL,2025-04-16,112.4,75.0,70.0,1.39,56.4,1.15,0.97,114.96,98.59,2.2,0.78,0.94,0.98,-6.6,RESISTANCE_PROBE,UNRESOLVED,3,-1.16,0.6,2.37,-1.93,6.23,5.6
SAIL,2025-04-22,113.06,75.0,65.0,1.35,56.4,0.95,0.84,114.96,109.09,1.6,0.15,1.15,0.94,-6.6,RESISTANCE_PROBE,CONFIRMED_BREAKOUT,3,0.67,1.77,-0.6,-1.98,7.67,8.77
SAIL,2025-04-25,111.92,75.0,75.0,1.3,56.4,0.91,0.81,114.96,111.51,2.6,0.2,1.21,0.93,-6.6,RESISTANCE_PROBE,UNRESOLVED,3,1.71,0.41,-0.02,2.99,11.31,12.38
SAIL,2025-04-30,110.85,75.0,60.0,1.25,56.4,0.84,0.71,114.96,110.54,3.6,0.29,0.55,0.9,-6.6,RESISTANCE_PROBE,UNRESOLVED,3,-0.55,0.95,-3.93,7.91,14.29,16.48
SAIL,2025-05-21,121.74,50.0,90.0,1.33,57.5,0.64,1.03,122.24,119.11,0.4,0.89,1.17,1.17,2.2,FTF_COILING,CONFIRMED_BREAKOUT,3,0.69,0.83,3.27,5.57,1.72,-0.59
SAIL,2025-05-29,126.69,75.0,75.0,2.29,62.5,0.68,1.0,126.83,124.05,0.1,0.39,2.05,2.05,2.1,FTF_COILING,CONFIRMED_BREAKOUT,3,-0.6,0.56,2.42,0.01,2.82,2.62
SAIL,2025-06-03,126.94,75.0,65.0,1.93,57.5,0.89,1.09,128.49,125.56,1.2,0.15,1.0,0.84,0.3,FTF_COILING,CONFIRMED_BREAKOUT,2,1.24,2.23,2.09,-2.53,2.4,0.17
SAIL,2025-06-06,131.64,75.0,80.0,1.84,65.0,0.97,0.88,128.49,126.39,-2.5,0.91,0.79,0.86,0.3,RESISTANCE_PROBE,CONFIRMED_BREAKOUT,1,-0.9,-1.56,-4.21,-5.6,-0.24,0.67
SAIL,2025-06-30,128.67,75.0,50.0,1.69,55.0,1.36,1.02,132.91,128.11,3.2,0.5,0.58,0.58,0.4,FTF_COILING,CONFIRMED_BREAKOUT,2,1.02,4.16,1.12,1.67,-4.85,-8.65
SAIL,2025-07-03,133.07,75.0,35.0,1.72,57.5,1.1,1.14,132.91,128.11,-0.1,0.12,1.9,1.3,0.4,FTF_COILING,UNRESOLVED,3,-1.3,-2.22,-1.26,-2.12,-9.01,-8.03
SAIL,2025-07-08,131.65,75.0,80.0,1.87,57.5,0.97,1.03,136.46,132.59,3.5,0.89,0.8,0.49,-1.9,FTF_COILING,UNRESOLVED,3,-0.87,-0.2,-0.13,0.7,-7.32,-6.83
SAIL,2025-07-18,133.02,75.0,85.0,2.0,52.5,0.77,0.47,136.46,129.17,2.5,0.91,0.88,0.61,-1.9,RESISTANCE_PROBE,UNRESOLVED,3,0.36,-0.34,-4.24,-11.97,-10.27,-9.16
SAIL,2025-07-24,132.75,75.0,60.0,1.89,47.5,0.97,0.72,136.46,130.53,2.7,0.57,0.88,0.69,-1.9,RESISTANCE_PROBE,FAILED_BREAKOUT,1,-4.04,-7.77,-8.79,-9.41,-10.46,-6.69
SAIL,2025-09-11,130.12,75.0,50.0,0.95,52.5,1.14,0.99,133.05,128.48,2.2,0.76,0.91,0.65,-0.5,FTF_COILING,UNRESOLVED,3,0.33,0.74,1.03,3.57,0.27,-0.58
SAIL,2025-09-16,131.22,75.0,65.0,1.18,55.0,0.75,0.64,133.05,128.48,1.4,0.48,0.6,0.71,-0.5,FTF_COILING,CONFIRMED_BREAKOUT,3,-0.14,0.18,3.28,1.16,-1.99,-4.34
SAIL,2025-09-22,133.74,75.0,65.0,1.33,55.0,0.9,1.16,133.05,128.48,-0.5,0.19,1.12,1.03,-0.5,FTF_COILING,CONFIRMED_BREAKOUT,1,1.34,0.63,-2.79,-1.93,-4.09,-5.35
SAIL,2025-09-25,134.76,75.0,55.0,1.38,57.5,1.0,1.49,136.96,134.19,1.6,0.29,0.83,0.83,0.4,FTF_COILING,FAILED_BREAKOUT,1,-4.03,-3.52,-1.14,-3.19,-4.85,-0.85
SAIL,2025-09-30,132.74,75.0,70.0,1.28,60.0,1.12,0.96,136.96,128.71,3.1,0.76,0.91,0.76,-3.6,RESISTANCE_PROBE,UNRESOLVED,3,0.33,0.36,-2.05,-3.12,1.91,3.34
SAIL,2025-10-06,130.91,75.0,35.0,1.34,62.5,1.12,1.11,136.12,130.22,3.8,0.21,2.55,2.55,-1.6,RESISTANCE_PROBE,UNRESOLVED,3,0.2,-0.68,-0.08,-2.1,4.19,1.26
SAIL,2025-10-09,134.7,75.0,90.0,1.77,65.0,1.18,1.85,134.74,129.86,0.0,0.9,2.89,1.56,0.1,FTF_COILING,FAILED_BREAKOUT,3,-3.14,-2.89,-3.72,-5.13,5.77,12.09
SAIL,2025-10-14,127.11,75.0,35.0,1.68,62.5,1.29,2.04,134.74,127.15,5.7,0.12,0.85,1.17,0.8,RESISTANCE_PROBE,UNRESOLVED,3,1.18,2.03,0.92,9.15,12.39,12.47
SAIL,2025-10-28,130.45,75.0,100.0,2.28,70.0,0.66,0.71,134.74,129.77,3.2,0.73,3.06,0.73,-2.1,FTF_COILING,CONFIRMED_BREAKOUT,1,6.35,3.7,4.56,8.57,3.6,-2.58
SAIL,2025-11-04,136.39,75.0,45.0,2.51,67.5,1.41,3.26,141.42,133.26,3.6,0.41,1.1,1.0,2.4,RESISTANCE_PROBE,CONFIRMED_BREAKOUT,3,-0.2,2.04,3.84,1.31,-4.53,-8.6
SAIL,2025-11-10,142.47,75.0,80.0,2.76,67.5,1.17,1.39,143.94,132.92,1.0,0.69,1.53,1.0,7.2,RESISTANCE_PROBE,UNRESOLVED,3,0.04,-0.59,-2.09,-8.49,-10.11,-10.34
SAIL,2025-11-13,142.85,75.0,60.0,2.78,65.0,1.06,1.29,144.01,139.18,0.8,0.59,0.9,1.0,2.6,RESISTANCE_PROBE,UNRESOLVED,3,-1.89,-2.34,-4.51,-5.88,-10.49,-6.74
SAIL,2026-01-01,146.53,75.0,80.0,2.41,52.5,1.52,1.6,147.26,141.94,0.5,0.75,1.27,1.27,3.2,FTF_COILING,CONFIRMED_BREAKOUT,2,-0.66,1.62,-1.34,2.69,1.81,0.19
SAIL,2026-01-06,144.55,75.0,55.0,2.18,50.0,1.28,1.52,147.26,141.94,1.8,0.06,1.41,1.1,2.6,FTF_COILING,CONFIRMED_BREAKOUT,2,2.68,0.01,0.9,-0.71,7.41,7.39
SAIL,2026-01-12,147.29,75.0,60.0,1.84,50.0,1.26,1.11,150.83,144.11,2.3,0.92,0.99,0.86,-0.2,FTF_COILING,UNRESOLVED,3,-0.98,2.16,0.32,4.25,7.89,5.61
SAIL,2026-01-15,150.47,75.0,80.0,1.8,51.3,0.8,1.05,150.83,144.11,0.2,0.5,0.0,0.88,-0.2,FTF_COILING,UNRESOLVED,3,-2.01,-1.8,-0.52,-0.86,4.49,9.55
SAIL,2026-01-20,143.52,75.0,70.0,1.37,53.8,0.83,0.74,150.83,145.77,4.8,0.09,1.03,0.72,-0.2,RESISTANCE_PROBE,CONFIRMED_BREAKOUT,3,0.72,4.3,7.11,8.18,9.5,6.83
SAIL,2026-01-23,147.1,75.0,65.0,1.46,53.8,1.11,1.26,151.91,146.14,3.2,0.07,1.41,1.41,0.7,FTF_COILING,CONFIRMED_BREAKOUT,1,4.38,4.5,-0.24,6.27,5.13,0.72
SAIL,2026-01-29,155.15,75.0,55.0,1.83,59.0,1.29,1.78,154.48,146.58,-0.4,0.33,1.38,1.43,4.8,FTF_COILING,UNRESOLVED,3,-3.85,-5.41,0.84,2.02,5.3,7.22
SAIL,2026-02-03,152.36,75.0,80.0,1.73,56.4,1.22,1.66,157.93,139.47,3.5,0.76,1.28,1.49,-4.6,RESISTANCE_PROBE,UNRESOLVED,3,1.9,2.68,4.3,1.89,0.82,-3.05
SAIL,2026-02-06,158.45,75.0,80.0,1.8,64.1,1.2,1.42,157.93,147.11,-0.3,0.84,1.17,1.2,-4.6,RESISTANCE_PROBE,CONFIRMED_BREAKOUT,3,-1.33,0.29,-0.77,-1.1,-6.85,-7.77
SAIL,2026-02-11,160.02,75.0,70.0,1.91,61.5,0.89,1.16,157.93,154.2,-1.3,0.69,0.6,1.14,-4.6,RESISTANCE_PROBE,CONFIRMED_BREAKOUT,1,-1.09,-1.75,-1.79,1.73,-5.22,-4.18
SAIL,2026-02-16,157.52,75.0,80.0,1.8,61.5,0.72,0.92,157.93,153.0,0.3,0.81,0.32,0.99,-4.6,RESISTANCE_PROBE,UNRESOLVED,3,-1.45,-0.23,-1.82,3.77,-3.79,-1.46
SAIL,2026-02-19,153.79,75.0,60.0,1.85,59.0,0.87,0.64,157.93,151.85,2.6,0.14,0.54,0.89,-4.6,RESISTANCE_PROBE,CONFIRMED_BREAKOUT,3,1.89,0.56,6.23,-0.55,-0.18,-2.91
SAIL,2026-02-24,158.11,75.0,100.0,1.87,59.0,1.02,0.65,160.89,152.87,1.7,0.94,2.02,1.0,3.4,RESISTANCE_PROBE,CONFIRMED_BREAKOUT,1,2.97,3.33,-2.85,-3.93,-5.29,-8.02
SAIL,2026-02-27,163.57,75.0,65.0,2.28,59.0,1.01,1.34,165.04,158.77,0.9,0.43,1.16,0.84,2.9,FTF_COILING,FAILED_BREAKOUT,2,-0.07,-6.09,-9.77,-12.68,-5.97,0.13
SAIL,2026-04-08,162.29,75.0,75.0,1.84,57.5,0.96,1.45,166.82,148.34,2.7,0.3,1.43,1.0,9.4,RESISTANCE_PROBE,UNRESOLVED,3,-0.64,0.98,4.2,7.32,13.91,11.56
SAIL,2026-04-13,165.71,75.0,80.0,1.84,57.5,0.93,0.99,166.82,160.31,0.7,0.66,1.13,0.75,0.6,FTF_COILING,CONFIRMED_BREAKOUT,2,-0.55,2.05,4.28,10.57,4.89,2.78
SAIL,2026-04-17,171.09,75.0,70.0,2.13,60.0,0.88,1.01,166.82,158.67,-2.6,0.64,0.9,0.95,0.6,RESISTANCE_PROBE,CONFIRMED_BREAKOUT,1,-0.36,1.0,2.96,6.51,11.0,11.4
SAIL,2026-05-01,182.23,75.0,80.0,2.22,61.5,0.9,1.22,186.66,177.38,2.4,0.5,0.0,1.0,2.7,RESISTANCE_PROBE,UNRESOLVED,3,0.83,1.46,0.14,4.21,10.7,9.85
SAIL,2026-05-06,183.64,75.0,60.0,2.38,64.1,0.77,0.75,188.04,181.9,2.3,0.23,0.56,1.0,1.0,RESISTANCE_PROBE,UNRESOLVED,3,0.67,-0.62,8.21,6.99,9.58,12.81
SAIL,2026-05-13,198.71,75.0,85.0,2.23,64.1,1.6,0.68,199.73,172.9,0.5,0.96,5.94,1.0,14.9,RESISTANCE_PROBE,CONFIRMED_BREAKOUT,1,-1.11,-4.43,-1.13,2.36,-9.73,-8.72
SAIL,2026-05-26,201.21,75.0,90.0,2.18,61.5,0.94,0.96,206.99,193.02,2.8,0.83,1.11,0.92,-3.1,RESISTANCE_PROBE,UNRESOLVED,3,1.09,1.09,0.99,-8.76,-17.0,-17.22
SAIL,2026-05-29,201.73,75.0,55.0,2.31,60.5,0.68,0.84,206.99,195.79,2.5,0.28,0.62,0.86,-3.1,RESISTANCE_PROBE,UNRESOLVED,3,-0.33,0.72,-6.76,-9.92,-16.43,-16.23
SAIL,2026-06-03,201.24,75.0,75.0,2.17,57.9,0.54,0.64,206.99,199.64,2.8,0.51,0.32,0.79,-3.1,RESISTANCE_PROBE,FAILED_BREAKOUT,1,-3.22,-6.53,-10.86,-11.91,-17.46,-14.72
SAIL,2026-08-03,162.87,25.0,0.0,0.6,33.3,1.35,1.3,173.63,163.72,6.2,0.0,0.9,1.01,1.9,RESISTANCE_PROBE,CONFIRMED_BREAKOUT,3,5.18,6.36,4.52,5.21,18.18,10.33
SAIL,2026-08-06,174.46,75.0,20.0,0.68,38.5,1.19,1.02,173.63,163.72,-0.5,0.38,1.17,1.21,-0.5,FTF_COILING,CONFIRMED_BREAKOUT,2,-0.09,-2.43,-4.56,-1.04,11.46,14.24
SAIL,2026-08-12,171.75,75.0,35.0,0.76,41.0,1.06,1.07,177.78,166.28,3.4,0.6,1.16,0.83,2.7,FTF_COILING,UNRESOLVED,3,-3.06,-2.58,-0.72,12.01,7.13,7.37
SAIL,2026-08-20,172.64,75.0,35.0,0.94,46.2,1.05,0.89,177.78,166.28,2.9,0.49,0.81,0.87,0.1,FTF_COILING,CONFIRMED_BREAKOUT,3,-0.82,2.72,10.35,12.64,0.06,-5.19
SHRIRAMFIN,2025-02-24,567.93,75.0,35.0,0.99,47.5,0.74,0.91,585.15,567.44,2.9,0.65,0.73,0.73,0.1,FTF_COILING,CONFIRMED_BREAKOUT,2,-0.51,5.13,9.65,10.58,16.42,10.74
SHRIRAMFIN,2025-03-04,622.73,75.0,80.0,1.4,52.5,0.94,1.87,619.88,605.02,-0.5,0.89,0.69,0.69,2.9,FTF_COILING,CONFIRMED_BREAKOUT,2,-0.25,1.81,0.85,5.54,3.36,1.52
SHRIRAMFIN,2025-04-21,691.71,75.0,70.0,1.53,61.5,0.96,0.99,705.98,638.72,2.0,0.46,0.97,1.0,8.3,RESISTANCE_PROBE,UNRESOLVED,3,0.07,0.13,-11.52,-11.32,-6.35,-5.5
SHRIRAMFIN,2025-04-24,685.46,75.0,55.0,1.6,59.0,0.84,0.83,705.98,674.88,2.9,0.2,0.78,1.0,1.6,RESISTANCE_PROBE,FAILED_BREAKOUT,1,-5.95,-10.72,-13.36,-13.67,-5.28,0.71
SHRIRAMFIN,2025-06-09,686.79,75.0,35.0,0.83,50.0,1.26,1.11,705.98,627.85,2.7,0.24,1.74,1.0,9.4,RESISTANCE_PROBE,UNRESOLVED,3,0.34,-1.71,-3.13,-5.21,-3.83,0.49
SHRIRAMFIN,2025-06-26,691.91,75.0,70.0,0.92,45.0,0.94,0.65,704.4,637.89,1.8,0.87,2.84,0.78,-5.8,RESISTANCE_PROBE,UNRESOLVED,3,-0.46,0.52,-3.95,-4.47,-9.5,-8.62
SHRIRAMFIN,2025-07-01,685.26,75.0,20.0,0.8,45.0,0.81,1.1,705.98,663.42,2.9,0.15,0.53,1.0,3.3,RESISTANCE_PROBE,UNRESOLVED,3,-2.81,-3.02,-3.95,-1.28,-7.93,-5.17
SHRIRAMFIN,2025-10-20,685.87,75.0,95.0,1.36,60.0,1.06,0.74,705.98,654.54,2.8,0.77,1.27,1.0,4.8,RESISTANCE_PROBE,UNRESOLVED,3,0.19,2.26,4.29,14.78,18.6,15.04
SHRIRAMFIN,2025-10-24,707.12,75.0,65.0,1.57,65.0,0.99,0.86,709.39,687.15,0.3,0.36,1.15,1.15,2.9,FTF_COILING,CONFIRMED_BREAKOUT,1,0.58,1.15,4.68,15.47,16.46,15.79
SHRIRAMFIN,2025-10-30,729.65,75.0,65.0,1.75,67.5,1.03,1.35,721.79,701.98,-1.1,0.35,1.07,1.5,0.8,RESISTANCE_PROBE,CONFIRMED_BREAKOUT,1,1.44,7.88,11.25,10.29,16.06,14.41
SHRIRAMFIN,2025-11-28,846.86,75.0,55.0,2.99,70.0,0.83,0.95,867.1,822.55,2.3,0.12,0.99,1.0,3.0,RESISTANCE_PROBE,UNRESOLVED,3,-0.01,-0.97,0.38,-0.43,12.19,15.38
SHRIRAMFIN,2025-12-05,850.09,75.0,90.0,2.56,67.5,1.12,1.18,867.1,814.34,2.0,0.93,1.76,1.0,4.4,RESISTANCE_PROBE,UNRESOLVED,3,-2.42,-0.96,-0.81,5.47,17.36,19.84
SHRIRAMFIN,2025-12-10,832.54,75.0,35.0,2.59,65.0,1.3,1.23,867.1,813.2,4.0,0.18,0.56,1.0,2.4,RESISTANCE_PROBE,UNRESOLVED,3,1.18,1.28,3.22,16.3,18.59,16.08
SHRIRAMFIN,2025-12-15,850.54,75.0,60.0,2.75,67.5,1.1,0.69,867.1,828.61,1.9,0.38,1.11,1.0,2.6,RESISTANCE_PROBE,UNRESOLVED,3,-0.81,1.03,9.29,14.5,14.46,12.61
SHRIRAMFIN,2025-12-18,864.56,75.0,90.0,2.83,65.0,0.93,0.97,870.53,850.19,0.7,0.51,1.72,1.72,1.7,FTF_COILING,CONFIRMED_BREAKOUT,1,3.71,7.52,10.44,16.21,14.49,10.4
SHRIRAMFIN,2025-12-24,968.22,75.0,50.0,3.84,65.0,1.46,2.43,944.46,845.72,-2.5,0.61,0.99,1.4,4.7,RESISTANCE_PROBE,CONFIRMED_BREAKOUT,1,-1.38,-1.87,4.72,1.97,3.27,4.71
SHRIRAMFIN,2026-01-16,989.85,75.0,80.0,2.5,56.4,0.81,0.51,1019.83,963.75,2.9,0.35,1.4,1.0,2.7,RESISTANCE_PROBE,UNRESOLVED,3,1.5,-0.8,0.81,-3.35,9.04,10.08
SHRIRAMFIN,2026-01-21,980.45,75.0,85.0,2.22,53.8,1.04,0.72,1016.25,975.48,3.5,0.54,1.12,0.77,0.7,FTF_COILING,UNRESOLVED,3,1.98,1.78,3.73,0.61,6.97,5.36
SHRIRAMFIN,2026-01-27,995.42,75.0,70.0,2.12,51.3,1.3,0.86,1016.25,975.48,2.0,0.47,1.23,1.05,0.5,FTF_COILING,UNRESOLVED,3,1.77,2.17,-0.06,4.75,6.06,4.09
SHRIRAMFIN,2026-01-30,1014.26,75.0,60.0,2.1,56.4,1.24,0.91,1016.25,975.48,0.2,0.51,1.11,1.07,0.5,FTF_COILING,CONFIRMED_BREAKOUT,2,-5.68,-1.92,-1.72,4.49,5.82,7.9
SHRIRAMFIN,2026-02-09,1056.72,75.0,80.0,1.88,53.8,1.35,0.9,1035.64,966.93,-2.0,0.92,1.3,0.68,-0.5,RESISTANCE_PROBE,CONFIRMED_BREAKOUT,1,-1.33,-0.56,2.14,0.19,0.02,1.36
SHRIRAMFIN,2026-02-25,1079.79,75.0,70.0,2.01,48.7,0.77,0.33,1088.84,1038.72,0.8,0.77,0.6,1.0,4.0,RESISTANCE_PROBE,UNRESOLVED,3,1.72,-0.6,-4.27,-4.99,-16.77,-14.13
SHRIRAMFIN,2026-06-26,1026.0,75.0,70.0,1.01,52.6,0.94,0.92,1046.08,1020.23,1.9,0.5,0.0,0.0,0.6,FTF_COILING,UNRESOLVED,3,0.08,1.0,3.67,1.76,-2.04,-3.56
SHRIRAMFIN,2026-07-01,1042.2,75.0,60.0,1.19,52.6,0.75,1.13,1049.46,1023.96,0.7,0.49,0.85,0.92,1.2,FTF_COILING,CONFIRMED_BREAKOUT,2,1.77,2.05,-2.67,-0.81,0.24,-1.78
SHRIRAMFIN,2026-07-21,1061.5,75.0,100.0,1.85,65.8,0.95,0.82,1087.3,1018.0,2.4,0.84,1.43,0.83,-4.2,RESISTANCE_PROBE,UNRESOLVED,3,-0.25,-3.36,-1.94,2.43,4.42,10.28
SHRIRAMFIN,2026-08-03,1090.2,75.0,100.0,1.86,66.7,0.85,1.15,1101.77,1019.5,1.0,0.89,1.21,1.0,6.9,RESISTANCE_PROBE,CONFIRMED_BREAKOUT,2,-0.27,2.95,4.37,2.92,1.81,-1.11
SHRIRAMFIN,2026-08-06,1141.0,75.0,90.0,2.19,69.2,1.03,0.97,1153.7,1051.6,1.1,0.62,2.09,1.0,8.5,RESISTANCE_PROBE,UNRESOLVED,3,-2.28,-0.28,-0.76,-1.12,-8.48,-7.58
SHRIRAMFIN,2026-08-11,1129.9,75.0,70.0,2.39,64.1,0.99,1.05,1153.7,1120.0,2.1,0.6,0.64,0.56,-0.4,FTF_COILING,UNRESOLVED,3,-1.12,0.21,-1.9,0.76,-8.93,-8.29
SHRIRAMFIN,2026-08-14,1122.0,75.0,60.0,2.28,64.1,0.78,0.65,1153.7,1120.0,2.7,0.24,0.43,0.61,-0.4,FTF_COILING,UNRESOLVED,3,0.0,-1.21,0.71,-3.13,-8.32,-7.0
SHRIRAMFIN,2026-08-20,1128.2,75.0,75.0,2.24,60.5,0.75,0.49,1153.7,1120.0,2.2,0.64,0.63,0.52,-1.2,FTF_COILING,UNRESOLVED,3,0.16,-0.82,-2.41,-7.45,-11.81,-12.6
SHRIRAMFIN,2026-08-25,1138.5,75.0,85.0,1.95,59.0,0.85,0.55,1153.7,1120.0,1.3,1.0,0.58,0.54,-1.2,FTF_COILING,FAILED_BREAKOUT,3,-1.84,-3.29,-6.97,-9.62,-11.64,-7.44
SIEMENS,2025-03-24,3051.02,25.0,20.0,0.8,43.6,0.88,0.78,3101.73,3022.81,1.6,0.13,0.77,0.77,0.9,FTF_COILING,CONFIRMED_BREAKOUT,2,-1.99,3.73,0.13,-9.87,-7.58,-10.91
SIEMENS,2025-05-19,3089.22,50.0,70.0,1.28,59.0,1.04,0.99,3099.67,2981.35,0.3,0.63,0.96,0.96,3.6,FTF_COILING,CONFIRMED_BREAKOUT,1,0.75,6.0,4.65,6.04,5.38,4.6
SIEMENS,2025-06-18,3339.39,50.0,75.0,1.47,67.5,1.16,0.63,3356.8,3260.48,0.5,0.8,0.77,0.77,2.4,FTF_COILING,FAILED_BREAKOUT,3,-2.12,-4.22,-6.16,-2.03,-7.94,-0.07
SIEMENS,2025-07-01,3306.85,50.0,80.0,2.36,65.0,1.08,1.59,3356.8,3106.24,1.5,0.53,2.04,1.73,-5.6,RESISTANCE_PROBE,UNRESOLVED,3,-1.07,-0.34,-0.79,-5.31,-7.68,-6.82
SIEMENS,2025-07-04,3276.3,50.0,70.0,2.23,62.5,1.0,1.6,3362.28,3244.06,2.6,0.67,0.67,0.74,0.8,FTF_COILING,UNRESOLVED,3,-0.43,0.13,-5.31,-4.98,-8.16,-6.05
SIEMENS,2025-08-13,3135.29,25.0,50.0,1.52,52.5,1.55,1.04,3184.35,3070.01,1.5,0.54,0.69,0.69,2.1,FTF_COILING,UNRESOLVED,3,0.58,-1.04,1.48,-2.76,1.63,2.2
SIEMENS,2025-08-19,3117.88,25.0,55.0,1.49,57.5,1.03,0.98,3184.35,3070.01,2.1,0.39,0.48,0.73,1.1,FTF_COILING,UNRESOLVED,3,0.7,2.04,-2.72,2.51,6.05,4.71
SIEMENS,2025-08-22,3157.68,50.0,60.0,1.71,57.5,0.82,0.63,3219.18,3134.6,1.9,0.2,0.7,0.7,0.7,FTF_COILING,FAILED_BREAKOUT,2,-0.27,-3.95,-1.08,-1.63,2.22,6.41
SIEMENS,2025-09-01,3123.55,25.0,80.0,1.6,52.5,0.94,0.87,3219.18,3002.74,3.0,0.86,0.5,1.09,-3.4,RESISTANCE_PROBE,UNRESOLVED,3,1.64,2.33,-0.55,4.93,-1.07,-1.56
SIEMENS,2025-09-04,3138.98,50.0,60.0,1.89,55.0,0.86,0.7,3219.18,3049.02,2.5,0.05,0.46,0.9,-3.4,RESISTANCE_PROBE,UNRESOLVED,3,-2.07,-1.04,0.98,5.18,0.31,-0.82
SIEMENS,2025-09-09,3174.5,50.0,85.0,1.49,60.0,0.89,0.58,3219.18,3069.91,1.4,0.91,0.76,0.82,-3.4,RESISTANCE_PROBE,UNRESOLVED,3,-1.49,-0.15,3.88,1.58,0.84,0.46
SIEMENS,2025-09-12,3186.34,50.0,70.0,1.33,62.5,0.93,0.93,3203.36,3116.09,0.5,0.67,0.47,1.21,1.7,FTF_COILING,CONFIRMED_BREAKOUT,1,2.86,3.49,3.87,-3.3,-3.89,-6.56
SIEMENS,2025-09-18,3301.58,50.0,80.0,1.69,62.5,0.89,1.27,3351.53,3290.43,1.5,0.48,1.04,1.04,0.3,FTF_COILING,FAILED_BREAKOUT,3,0.24,-2.24,-4.87,-4.63,-5.93,-3.68
SIEMENS,2025-10-06,3235.8,50.0,100.0,1.88,60.0,1.0,0.8,3351.53,3078.97,3.5,0.79,1.51,0.78,-6.4,RESISTANCE_PROBE,UNRESOLVED,3,-0.03,-1.07,-5.36,-4.76,-4.06,-1.85
SIEMENS,2025-11-14,3069.12,50.0,80.0,1.52,50.0,1.17,1.04,3109.42,3041.55,1.3,0.69,1.23,1.23,0.9,FTF_COILING,CONFIRMED_BREAKOUT,1,4.81,5.36,2.9,6.9,1.96,-2.72
SIEMENS,2026-01-09,3028.92,75.0,70.0,1.35,55.0,1.26,0.82,3137.08,2976.18,3.4,0.48,1.53,1.53,1.8,FTF_COILING,UNRESOLVED,3,-2.07,-3.16,-3.0,-4.92,2.22,4.74
SIEMENS,2026-01-29,3081.16,50.0,85.0,1.0,52.5,1.09,0.69,3137.08,2838.05,1.8,0.86,1.63,0.98,-4.8,RESISTANCE_PROBE,CONFIRMED_BREAKOUT,3,0.16,-0.21,6.58,1.69,7.77,3.9
SIEMENS,2026-02-04,3274.41,75.0,80.0,1.26,55.0,1.33,0.94,3233.11,2958.06,-1.3,0.77,1.37,1.37,4.1,RESISTANCE_PROBE,CONFIRMED_BREAKOUT,1,0.29,-3.47,-4.22,-3.12,-2.27,-2.55
SIEMENS,2026-02-16,3199.88,75.0,60.0,0.87,55.0,0.8,1.05,3308.14,3116.68,3.3,0.93,0.85,1.08,-0.7,FTF_COILING,UNRESOLVED,3,-0.91,-0.86,2.69,3.92,-1.31,2.14
SIEMENS,2026-02-20,3190.52,75.0,75.0,1.05,55.0,1.14,0.71,3308.14,3083.05,3.6,0.5,3.39,0.89,-0.8,RESISTANCE_PROBE,CONFIRMED_BREAKOUT,2,2.99,4.97,6.62,0.71,-6.8,-11.21
SIEMENS,2026-04-10,3371.93,100.0,100.0,1.42,57.5,1.0,0.74,3423.18,2978.17,1.5,0.92,1.62,1.0,13.2,RESISTANCE_PROBE,CONFIRMED_BREAKOUT,2,-1.33,5.54,9.46,13.8,6.41,0.82
SIEMENS,2026-04-16,3546.37,100.0,65.0,1.34,55.0,1.11,1.65,3601.6,3216.2,1.5,0.36,2.0,1.0,10.3,RESISTANCE_PROBE,CONFIRMED_BREAKOUT,1,4.04,4.07,8.43,6.86,3.65,-0.38
SIEMENS,2026-05-05,3827.79,75.0,75.0,2.13,64.1,0.69,0.73,3910.78,3801.32,2.1,0.65,0.45,0.45,0.7,FTF_COILING,UNRESOLVED,3,-0.12,0.65,-7.08,-7.69,-3.04,-2.43
SIEMENS,2026-05-08,3803.91,75.0,60.0,1.78,61.5,0.89,0.73,3910.78,3801.32,2.7,0.3,0.64,0.53,0.6,FTF_COILING,FAILED_BREAKOUT,1,-5.68,-6.49,-6.14,-0.29,-3.19,2.64
SIEMENS,2026-05-22,3793.06,75.0,100.0,1.67,61.5,1.05,0.7,3910.78,3476.02,3.0,0.81,1.32,0.84,-7.5,RESISTANCE_PROBE,UNRESOLVED,3,-3.78,-3.53,0.85,-2.91,-1.37,-3.07
SIEMENS,2026-05-27,3859.73,75.0,80.0,1.94,61.5,1.26,1.01,3910.78,3602.3,1.3,0.91,3.4,1.0,7.1,RESISTANCE_PROBE,UNRESOLVED,3,0.0,-0.89,-4.36,-7.63,-8.18,-4.04
SIEMENS,2026-07-16,3639.71,75.0,50.0,1.14,55.3,1.25,0.56,3918.05,3420.19,7.1,0.33,3.79,1.0,6.4,RESISTANCE_PROBE,UNRESOLVED,3,0.03,0.57,0.78,0.52,9.54,9.24
SIEMENS,2026-07-31,3760.0,75.0,95.0,1.33,59.0,1.01,0.62,3836.15,3541.3,2.0,0.67,1.62,0.73,2.5,FTF_COILING,CONFIRMED_BREAKOUT,1,3.72,6.4,4.79,4.79,8.75,4.85
SIEMENS,2026-08-05,3980.0,75.0,35.0,1.2,64.1,1.37,1.36,4073.8,3919.6,2.3,0.22,0.9,0.9,1.5,FTF_COILING,UNRESOLVED,3,-0.7,-1.0,0.98,-2.04,0.98,2.67
SIEMENS,2026-08-10,3914.3,75.0,55.0,1.42,59.0,0.94,1.37,4073.8,3921.0,3.9,0.11,0.67,0.67,0.5,RESISTANCE_PROBE,UNRESOLVED,3,2.47,2.67,0.73,5.1,0.32,-1.5
SIEMENS,2026-08-13,3987.0,75.0,70.0,1.79,56.4,1.0,1.41,4097.9,3991.7,2.7,0.49,0.58,0.58,-0.1,FTF_COILING,UNRESOLVED,3,-1.18,-1.1,-2.68,2.71,-0.82,-0.07
SIEMENS,2026-08-18,3957.0,75.0,55.0,2.19,56.4,0.81,1.47,4097.9,3991.7,3.4,0.4,0.3,0.6,-1.3,FTF_COILING,FAILED_BREAKOUT,1,-1.47,-1.95,3.37,1.84,-4.73,-3.31
SIEMENS,2026-08-25,4090.5,75.0,75.0,2.0,55.0,0.98,1.11,4097.9,3991.7,0.2,0.34,1.35,0.86,-2.8,FTF_COILING,UNRESOLVED,3,-1.16,0.11,-1.48,-3.4,-5.68,-5.65
SIEMENS,2026-08-28,4089.0,75.0,70.0,1.74,55.0,1.0,1.62,4149.4,4060.0,1.5,0.55,0.6,0.87,-0.4,FTF_COILING,UNRESOLVED,3,-1.44,-1.44,-2.74,-3.23,-5.18,-3.53
SIEMENS,2026-09-02,4018.9,75.0,80.0,1.7,53.8,0.89,0.85,4149.4,4060.0,3.1,0.84,0.65,0.72,-0.7,FTF_COILING,FAILED_BREAKOUT,2,0.28,-1.04,-1.74,-6.89,-7.3,-6.32
SJVN,2025-04-02,91.1,50.0,80.0,1.3,51.3,1.05,1.09,93.89,89.04,3.0,0.93,0.9,0.8,0.1,FTF_COILING,FAILED_BREAKOUT,3,2.63,-0.96,-3.53,2.73,-3.32,1.47
SJVN,2025-04-15,91.88,50.0,75.0,1.38,53.8,1.13,0.6,93.89,86.92,2.1,0.84,0.68,0.73,-2.5,RESISTANCE_PROBE,UNRESOLVED,3,0.98,0.07,6.27,-0.09,4.51,2.59
SJVN,2025-04-21,93.59,50.0,85.0,1.27,56.4,0.67,0.61,93.89,90.15,0.3,0.8,0.82,0.73,-2.5,RESISTANCE_PROBE,CONFIRMED_BREAKOUT,1,3.37,4.32,2.23,-5.89,5.92,2.47
SJVN,2025-04-25,94.35,50.0,80.0,1.25,53.8,1.15,1.48,99.36,92.9,5.0,0.5,1.46,1.46,-1.9,RESISTANCE_PROBE,UNRESOLVED,3,1.42,0.13,-2.6,-0.17,5.52,8.44
SJVN,2025-05-14,96.35,50.0,80.0,1.33,51.3,1.16,0.8,99.36,84.2,3.0,0.93,1.18,0.79,-9.7,RESISTANCE_PROBE,CONFIRMED_BREAKOUT,2,-0.34,5.58,2.39,3.98,4.53,-1.0
SJVN,2025-05-20,99.14,50.0,55.0,1.66,50.0,0.96,1.53,104.95,95.47,5.5,0.06,0.78,0.78,-2.9,RESISTANCE_PROBE,UNRESOLVED,3,-0.49,-0.5,1.16,-4.54,-3.99,-2.85
SJVN,2025-06-06,101.27,50.0,70.0,1.17,50.0,0.93,1.75,104.95,94.14,3.5,0.74,0.92,1.13,-7.9,RESISTANCE_PROBE,UNRESOLVED,3,-0.35,0.31,-5.09,-6.52,-5.09,-4.57
SJVN,2025-08-20,95.25,50.0,80.0,1.61,52.5,1.16,2.22,96.62,90.99,1.4,0.64,2.12,0.75,-1.3,FTF_COILING,CONFIRMED_BREAKOUT,2,-0.23,2.02,-1.43,-5.37,-3.41,-5.32
SJVN,2025-08-25,97.01,50.0,55.0,1.63,52.5,0.97,1.46,96.75,92.65,-0.3,0.27,0.78,1.57,2.6,FTF_COILING,CONFIRMED_BREAKOUT,1,-0.14,-3.22,-5.51,-6.9,-6.4,-6.27
SJVN,2026-07-01,72.25,25.0,20.0,0.99,42.1,0.89,0.87,74.18,72.22,2.6,0.25,0.73,0.73,0.0,FTF_COILING,UNRESOLVED,3,-0.1,-0.11,-3.43,-3.58,-4.97,-3.8
SRF,2024-12-30,2241.04,25.0,90.0,1.19,50.0,0.94,0.76,2322.53,2251.97,3.5,0.8,2.3,0.71,-0.2,FTF_COILING,FAILED_BREAKOUT,2,-0.76,-1.94,0.99,11.57,13.98,16.24
SRF,2025-01-03,2270.6,50.0,100.0,1.27,50.0,1.04,0.76,2322.53,2186.68,2.2,0.93,1.48,0.82,-2.4,RESISTANCE_PROBE,CONFIRMED_BREAKOUT,3,-0.33,1.03,13.84,14.07,22.97,19.52
SRF,2025-01-08,2336.24,75.0,90.0,1.27,50.0,1.18,1.04,2345.14,2256.79,0.4,0.72,2.53,2.53,3.5,FTF_COILING,CONFIRMED_BREAKOUT,1,13.74,10.64,5.99,7.32,26.5,11.22
SRF,2025-01-29,2648.18,75.0,65.0,1.97,45.0,0.94,0.81,2680.82,2531.06,1.2,0.89,0.84,1.0,4.6,RESISTANCE_PROBE,CONFIRMED_BREAKOUT,1,6.24,5.44,11.6,5.66,4.0,-2.11
SRF,2025-02-01,2808.37,75.0,45.0,1.94,47.5,1.14,1.97,2876.89,2541.75,2.4,0.63,0.32,1.0,10.5,RESISTANCE_PROBE,CONFIRMED_BREAKOUT,1,4.13,5.23,2.03,-2.49,0.15,-3.82
SRF,2025-02-05,2943.84,75.0,55.0,2.15,47.5,1.02,2.25,2968.86,2746.76,0.8,0.51,0.61,1.0,7.2,RESISTANCE_PROBE,UNRESOLVED,3,-2.18,-2.66,-4.41,-7.8,-3.62,-0.16
SRF,2025-02-10,2841.66,75.0,40.0,1.88,45.0,0.75,1.26,2968.86,2838.23,4.3,0.19,0.41,1.0,0.1,RESISTANCE_PROBE,UNRESOLVED,3,-1.54,-0.97,-3.79,-3.39,2.28,2.81
SRF,2025-03-07,2920.56,75.0,80.0,2.17,47.5,1.08,0.65,2968.86,2768.13,1.6,0.9,2.51,1.0,5.5,RESISTANCE_PROBE,UNRESOLVED,3,0.1,-0.48,2.59,1.91,-5.97,-6.71
SRF,2025-03-12,2943.69,75.0,90.0,2.21,52.5,0.94,0.88,2968.86,2832.75,0.8,0.81,1.18,1.0,3.9,RESISTANCE_PROBE,CONFIRMED_BREAKOUT,2,-0.23,1.78,1.17,-0.41,1.64,-0.14
SRF,2025-03-18,2996.13,75.0,65.0,2.21,48.7,0.8,0.83,3014.58,2896.33,0.6,0.5,0.0,1.0,3.4,RESISTANCE_PROBE,UNRESOLVED,3,-0.2,-0.6,-2.18,-0.99,0.6,0.16
SRF,2025-03-21,3009.11,75.0,65.0,1.55,48.7,0.71,0.76,3036.52,2966.38,0.9,0.62,1.05,1.0,1.4,RESISTANCE_PROBE,FAILED_BREAKOUT,3,-1.09,-2.6,-2.82,-10.22,0.47,5.0
SRF,2025-03-28,2924.34,75.0,30.0,1.46,43.6,1.19,0.96,3039.51,2794.15,3.8,0.13,0.46,1.0,4.7,RESISTANCE_PROBE,UNRESOLVED,3,-2.03,1.44,-7.62,1.78,1.11,2.44
SRF,2025-04-15,2992.05,75.0,45.0,1.1,46.2,1.48,1.23,3039.51,2691.37,1.6,0.8,1.08,1.0,11.2,RESISTANCE_PROBE,UNRESOLVED,3,-0.52,-0.56,-0.22,0.06,-4.34,-5.04
SRF,2025-04-21,3014.03,75.0,55.0,1.0,43.6,0.91,1.13,3039.51,2930.16,0.8,0.78,0.85,1.0,2.9,RESISTANCE_PROBE,UNRESOLVED,3,-0.47,-0.95,0.36,-3.34,-2.61,-2.9
SRF,2025-04-24,3023.19,75.0,45.0,0.95,46.2,0.66,0.92,3069.45,2954.74,1.5,0.77,0.88,1.0,2.3,RESISTANCE_PROBE,UNRESOLVED,3,-2.32,0.06,-2.19,-1.13,-4.55,-3.98
SRF,2025-04-29,3005.28,75.0,40.0,1.0,46.2,0.86,0.89,3069.45,2928.17,2.1,0.4,1.05,1.0,2.6,RESISTANCE_PROBE,UNRESOLVED,3,-0.38,-1.61,1.17,-4.57,-4.08,-2.79
SRF,2025-05-05,2965.58,75.0,20.0,0.92,43.6,0.7,0.83,3069.45,2952.55,3.4,0.06,0.4,1.0,0.4,RESISTANCE_PROBE,UNRESOLVED,3,-1.76,2.52,1.14,-0.12,-2.74,-1.83
SRF,2025-05-08,2937.92,75.0,15.0,0.98,41.0,1.08,0.71,3071.44,2890.36,4.3,0.15,0.74,1.0,1.6,RESISTANCE_PROBE,UNRESOLVED,3,1.74,2.09,-2.58,-1.61,5.21,6.1
SRF,2025-06-04,3031.55,75.0,65.0,0.8,42.5,0.86,0.96,3082.89,2804.99,1.7,0.88,1.56,1.0,8.1,RESISTANCE_PROBE,CONFIRMED_BREAKOUT,1,1.96,2.51,1.26,0.9,6.85,4.79
SRF,2025-06-09,3110.55,75.0,25.0,0.94,47.5,1.12,1.25,3133.73,2946.38,0.7,0.52,0.66,1.0,5.6,RESISTANCE_PROBE,UNRESOLVED,3,-1.1,-1.31,-0.9,-3.0,3.62,4.3
SRF,2025-06-12,3090.05,75.0,35.0,0.91,45.0,0.83,1.02,3153.93,3049.55,2.0,0.5,0.65,1.0,1.3,RESISTANCE_PROBE,UNRESOLVED,3,-0.2,-0.24,-2.98,0.93,4.96,5.27
SRF,2025-06-17,3080.8,75.0,35.0,0.91,42.5,0.79,0.62,3153.93,3040.2,2.3,0.18,1.13,1.0,1.3,RESISTANCE_PROBE,UNRESOLVED,3,-0.71,-2.69,-1.38,3.35,4.11,6.39
SRF,2025-06-25,3064.98,75.0,60.0,0.95,47.5,1.02,0.75,3153.93,2984.88,2.8,0.69,1.28,1.0,2.7,RESISTANCE_PROBE,CONFIRMED_BREAKOUT,2,1.75,3.06,5.68,6.49,3.65,0.57
SRF,2025-06-30,3225.76,75.0,70.0,1.24,52.5,1.19,1.39,3235.41,3009.76,0.3,0.9,0.97,1.0,7.2,RESISTANCE_PROBE,UNRESOLVED,3,-1.3,0.42,-0.08,-2.24,-5.72,-5.43
SRF,2025-07-03,3215.71,75.0,35.0,1.28,52.5,1.27,1.46,3272.33,3135.92,1.7,0.13,0.67,1.0,2.5,RESISTANCE_PROBE,UNRESOLVED,3,-0.05,0.23,0.85,-0.91,-5.79,-7.35
SRF,2025-07-08,3269.94,75.0,85.0,1.34,52.5,1.0,0.64,3280.58,3184.87,0.3,0.85,0.69,1.0,2.7,RESISTANCE_PROBE,UNRESOLVED,3,-0.18,-0.82,-1.91,-4.56,-7.29,-4.26
SRF,2025-07-11,3166.46,75.0,60.0,1.31,50.0,1.02,0.49,3308.24,3195.42,4.3,0.2,0.41,1.0,-0.9,RESISTANCE_PROBE,UNRESOLVED,3,-0.41,1.29,0.14,-4.45,-9.98,-10.5
SRF,2025-07-16,3185.07,75.0,35.0,1.28,47.5,1.12,0.48,3308.24,3120.3,3.7,0.11,0.53,1.0,2.1,RESISTANCE_PROBE,UNRESOLVED,3,0.04,-0.44,-0.26,-3.46,-10.69,-8.67
SRF,2025-07-24,3134.52,75.0,35.0,1.43,52.5,1.25,0.9,3308.24,3051.54,5.3,0.08,1.53,1.0,2.7,RESISTANCE_PROBE,UNRESOLVED,3,-3.48,-2.98,-3.35,-7.7,-7.27,-6.19
SRF,2025-10-09,2985.71,75.0,35.0,0.63,50.0,0.81,1.22,3010.41,2945.36,0.8,0.71,0.57,0.57,1.4,FTF_COILING,CONFIRMED_BREAKOUT,1,0.92,1.69,6.44,2.84,-3.1,-3.99
SRF,2025-10-14,3032.63,75.0,60.0,0.82,52.5,0.92,1.21,3010.41,2945.36,-0.7,0.45,1.06,1.21,1.4,FTF_COILING,CONFIRMED_BREAKOUT,1,1.47,4.8,3.42,-0.53,-4.34,-5.72
SRF,2025-10-17,3157.56,75.0,15.0,0.98,55.0,1.22,1.48,3117.11,3014.8,-1.3,0.2,0.5,1.82,4.7,RESISTANCE_PROBE,CONFIRMED_BREAKOUT,1,0.33,-0.68,-4.73,-6.35,-11.13,-11.42
SRF,2025-12-31,3063.51,75.0,50.0,0.96,52.5,1.01,1.26,3073.48,2993.08,0.3,0.46,0.49,0.49,2.4,FTF_COILING,UNRESOLVED,3,-0.58,-0.5,0.73,-1.4,-8.13,-8.55
SRF,2026-01-05,3077.76,50.0,70.0,1.0,57.5,0.92,1.08,3073.48,2993.08,-0.1,0.87,0.62,0.3,1.8,FTF_COILING,UNRESOLVED,3,-1.23,0.27,-1.4,-4.1,-5.56,-4.1
SRF,2026-01-08,3030.94,50.0,30.0,0.98,52.5,1.16,0.6,3073.48,2993.08,1.4,0.11,0.61,0.61,1.6,FTF_COILING,UNRESOLVED,3,-0.63,0.12,-0.34,-10.07,-4.45,-4.36
SRF,2026-01-13,3028.25,50.0,40.0,0.99,55.0,0.99,0.68,3073.48,2993.08,1.5,0.36,0.45,0.55,0.6,FTF_COILING,UNRESOLVED,3,-0.25,-0.25,-5.15,-7.15,-2.8,-2.41
SRF,2026-01-16,3016.09,50.0,50.0,1.0,53.8,0.76,0.35,3073.48,2993.08,1.9,0.28,0.73,0.52,0.6,FTF_COILING,FAILED_BREAKOUT,2,-2.14,-4.76,-10.36,-7.29,-5.76,-1.05
SRF,2026-02-09,2981.04,75.0,30.0,0.92,48.7,1.23,0.65,3075.86,2897.69,3.1,0.75,0.87,0.35,-0.1,FTF_COILING,FAILED_BREAKOUT,3,-0.83,-1.26,-4.65,-11.4,-13.06,-8.62
SRF,2026-06-17,2700.37,75.0,50.0,1.38,52.6,1.23,0.89,2778.72,2724.82,2.8,0.5,0.99,0.99,-0.9,FTF_COILING,UNRESOLVED,3,-0.09,0.16,2.23,1.27,2.59,2.02
SRF,2026-06-22,2715.54,75.0,70.0,1.53,52.6,0.99,0.9,2778.72,2724.82,2.3,0.45,0.94,0.79,-1.0,FTF_COILING,UNRESOLVED,3,0.59,1.66,-2.06,4.04,5.55,5.08
SRF,2026-06-25,2727.72,75.0,55.0,1.55,52.6,0.81,0.85,2771.73,2716.84,1.6,0.15,0.75,0.48,1.6,FTF_COILING,FAILED_BREAKOUT,2,0.0,-2.5,2.43,0.88,-4.03,-1.58
SRF,2026-07-01,2734.7,75.0,70.0,1.4,52.6,0.92,0.89,2776.23,2659.65,1.5,0.69,0.73,0.73,2.8,FTF_COILING,CONFIRMED_BREAKOUT,2,2.17,1.99,-1.11,1.3,-3.32,-5.21
SRF,2026-07-06,2825.33,75.0,60.0,1.42,50.0,1.09,1.18,2776.23,2706.26,-1.8,0.56,0.92,0.98,2.8,RESISTANCE_PROBE,CONFIRMED_BREAKOUT,1,-0.71,-4.28,-3.15,1.45,-6.38,-5.71
SUNPHARMA,2024-12-31,1851.98,75.0,55.0,1.32,60.0,1.05,1.19,1916.68,1781.34,3.4,0.43,0.96,1.0,4.0,RESISTANCE_PROBE,UNRESOLVED,3,0.19,-0.44,-1.75,-6.12,-9.59,-7.79
SUNPHARMA,2025-04-04,1688.32,75.0,20.0,0.87,46.2,1.6,1.54,1790.4,1660.91,5.7,0.42,2.16,2.16,-2.3,RESISTANCE_PROBE,UNRESOLVED,3,-2.52,-1.23,-0.25,4.65,3.38,6.96
SUNPHARMA,2025-04-17,1729.95,75.0,60.0,0.91,51.3,1.03,1.15,1790.4,1661.41,3.4,0.91,0.94,1.34,-5.6,RESISTANCE_PROBE,UNRESOLVED,3,-0.38,-0.23,2.05,4.86,-1.22,-3.28
SUNPHARMA,2025-04-23,1766.79,75.0,60.0,0.94,53.8,0.74,0.77,1790.4,1666.64,1.3,0.95,0.51,1.12,-5.6,RESISTANCE_PROBE,CONFIRMED_BREAKOUT,3,0.84,-0.08,2.43,-1.21,-3.92,-6.67
SUNPHARMA,2025-04-28,1818.94,75.0,85.0,1.04,59.0,0.82,0.66,1790.4,1720.67,-1.6,0.93,1.08,1.01,-5.6,RESISTANCE_PROBE,CONFIRMED_BREAKOUT,1,-1.96,-0.5,-1.22,-7.69,-8.59,-6.76
SUNPHARMA,2025-11-07,1676.09,75.0,25.0,1.04,57.5,1.23,0.8,1708.3,1651.91,1.9,0.31,0.85,0.85,1.5,FTF_COILING,UNRESOLVED,3,0.38,1.46,3.88,5.22,6.73,4.23
SUNPHARMA,2025-11-12,1716.42,50.0,60.0,1.41,57.5,1.21,0.8,1708.3,1651.91,-0.5,0.65,1.04,0.77,1.5,FTF_COILING,CONFIRMED_BREAKOUT,2,0.31,1.44,3.0,4.2,3.08,1.62
SUNPHARMA,2025-11-17,1747.93,50.0,85.0,1.36,60.0,0.95,0.75,1708.3,1694.72,-2.3,0.8,0.87,0.89,1.5,RESISTANCE_PROBE,CONFIRMED_BREAKOUT,1,-0.29,1.15,0.96,2.47,1.88,2.18
SUNPHARMA,2025-11-28,1815.02,75.0,80.0,1.32,62.5,0.89,1.1,1798.47,1785.79,-0.9,0.95,0.89,0.89,1.6,FTF_COILING,CONFIRMED_BREAKOUT,1,-1.32,-1.75,-1.44,-2.08,-6.25,-4.99
SUNPHARMA,2025-12-03,1790.35,75.0,70.0,1.17,60.0,1.1,1.01,1798.47,1772.41,0.5,0.72,1.08,1.08,1.0,FTF_COILING,UNRESOLVED,3,0.64,-0.08,-1.17,-0.76,-4.74,-4.18
SUNPHARMA,2025-12-08,1779.94,75.0,80.0,1.12,60.0,1.01,0.99,1798.47,1772.41,1.0,0.52,1.23,0.98,0.9,FTF_COILING,UNRESOLVED,3,-1.12,-0.6,0.05,-1.47,-2.0,-2.6
SUNPHARMA,2025-12-11,1790.84,75.0,70.0,1.19,62.5,1.02,1.09,1798.47,1772.41,0.4,0.91,0.64,1.08,-0.7,FTF_COILING,UNRESOLVED,3,-0.76,-0.56,-3.39,-4.85,-4.28,-2.89
SUNPHARMA,2025-12-16,1765.18,75.0,45.0,1.13,57.5,0.98,0.96,1798.47,1772.41,1.9,0.22,0.77,0.95,-0.7,FTF_COILING,FAILED_BREAKOUT,2,0.65,-1.99,-1.43,-3.46,-4.52,-2.59
SUNPHARMA,2025-12-22,1753.78,75.0,60.0,1.07,55.0,1.08,1.18,1798.47,1772.41,2.5,0.89,0.73,1.02,-2.4,FTF_COILING,FAILED_BREAKOUT,2,-0.79,-1.85,-2.8,-0.54,-8.81,-7.09
SUNPHARMA,2026-01-07,1766.47,75.0,75.0,1.14,57.5,1.09,0.67,1832.26,1703.84,3.6,0.59,1.64,1.0,3.7,RESISTANCE_PROBE,UNRESOLVED,3,-1.23,-2.96,-4.59,-9.52,-3.87,-1.29
SUNPHARMA,2026-02-26,1781.03,75.0,75.0,1.14,64.1,0.96,0.67,1832.26,1715.7,2.8,0.8,0.92,1.0,3.8,RESISTANCE_PROBE,UNRESOLVED,3,-2.73,-1.86,0.77,0.89,-1.6,0.38
SUNPHARMA,2026-03-04,1745.92,75.0,70.0,1.15,59.0,1.64,1.08,1783.43,1726.38,2.1,0.81,2.35,1.72,1.2,FTF_COILING,CONFIRMED_BREAKOUT,2,1.94,2.79,4.31,1.59,-3.19,-5.82
SUNPHARMA,2026-03-10,1808.06,75.0,55.0,1.64,64.1,1.3,1.58,1783.43,1743.43,-1.4,0.44,1.45,1.87,1.1,RESISTANCE_PROBE,CONFIRMED_BREAKOUT,1,0.72,0.69,-1.02,-3.28,-8.71,-9.37
SUNPHARMA,2026-03-13,1796.89,75.0,65.0,1.5,64.1,1.04,1.25,1820.33,1798.59,1.3,0.13,1.05,1.09,1.2,FTF_COILING,UNRESOLVED,3,-1.02,-0.4,-1.36,-2.46,-6.02,-4.79
SUNPHARMA,2026-03-18,1773.65,75.0,55.0,1.34,62.5,1.04,0.91,1820.33,1798.59,2.6,0.16,0.93,1.0,-1.1,FTF_COILING,FAILED_BREAKOUT,1,-1.91,-0.07,0.96,-4.71,-6.36,-4.54
SUNPHARMA,2026-03-25,1790.71,75.0,70.0,1.29,62.5,1.1,0.97,1820.33,1736.55,1.6,0.74,0.67,0.97,-3.3,RESISTANCE_PROBE,UNRESOLVED,3,-0.1,-2.13,-5.61,-7.98,-2.68,1.09
SUNPHARMA,2026-04-30,1803.57,75.0,45.0,1.39,47.5,1.34,3.33,1838.18,1617.66,1.9,0.88,0.77,1.0,11.5,RESISTANCE_PROBE,UNRESOLVED,3,0.0,0.84,1.44,3.04,1.99,1.29
SUNPHARMA,2026-05-05,1816.04,75.0,55.0,1.34,48.7,0.71,1.75,1838.18,1756.8,1.2,0.67,0.5,1.0,3.4,RESISTANCE_PROBE,UNRESOLVED,3,1.61,0.75,1.37,3.38,-1.7,-3.14
SUNPHARMA,2026-05-08,1843.07,75.0,70.0,1.37,46.2,0.79,0.61,1852.94,1793.9,0.5,0.75,0.48,1.0,2.7,RESISTANCE_PROBE,CONFIRMED_BREAKOUT,1,1.34,-0.12,1.64,-0.18,-3.56,-4.83
SUNPHARMA,2026-05-13,1820.03,75.0,45.0,1.32,43.6,0.98,0.67,1880.87,1814.44,3.2,0.12,0.36,1.0,0.3,RESISTANCE_PROBE,UNRESOLVED,3,2.1,2.93,3.04,1.07,-2.1,-6.27
SUNPHARMA,2026-05-18,1900.82,75.0,70.0,1.51,48.7,0.87,0.62,1906.0,1815.24,0.3,0.89,0.64,1.0,4.7,RESISTANCE_PROBE,UNRESOLVED,3,-1.23,-1.34,-3.42,-5.74,-5.24,-4.51
SUNPHARMA,2026-05-21,1886.36,75.0,70.0,1.33,48.7,0.73,0.6,1911.59,1860.12,1.3,0.74,0.31,1.0,1.4,RESISTANCE_PROBE,UNRESOLVED,3,-2.47,-2.68,-2.49,-5.88,-3.52,-0.87
SUNPHARMA,2026-05-27,1839.48,75.0,50.0,1.28,51.3,1.11,0.6,1911.59,1811.15,3.8,0.28,0.53,1.0,1.6,RESISTANCE_PROBE,UNRESOLVED,3,0.0,-2.45,-3.03,-3.14,1.63,4.34
SUNPHARMA,2026-06-23,1863.12,75.0,70.0,1.54,57.9,0.92,0.48,1911.59,1807.76,2.5,0.17,1.1,1.0,3.1,RESISTANCE_PROBE,UNRESOLVED,3,0.34,-0.28,-0.29,2.16,5.3,5.6
SUNPHARMA,2026-06-29,1869.9,75.0,75.0,1.88,55.3,1.0,0.43,1911.59,1853.14,2.2,0.46,0.78,1.0,0.9,RESISTANCE_PROBE,UNRESOLVED,3,-0.66,-0.46,2.03,2.75,5.55,5.77
SUNPHARMA,2026-07-02,1866.11,75.0,60.0,2.08,57.9,0.95,0.4,1911.59,1851.05,2.4,0.2,0.78,1.0,0.8,RESISTANCE_PROBE,UNRESOLVED,3,1.81,2.23,3.89,4.5,7.23,5.13
SUNPHARMA,2026-07-07,1903.4,75.0,60.0,1.11,57.9,1.11,0.66,1924.9,1863.42,1.1,0.18,1.2,1.0,2.1,RESISTANCE_PROBE,CONFIRMED_BREAKOUT,2,-0.8,1.85,2.06,3.07,3.18,1.31
SUNPHARMA,2026-07-10,1935.5,75.0,15.0,0.95,55.3,1.31,1.04,1929.5,1875.1,-0.3,0.33,0.78,2.35,3.4,FTF_COILING,CONFIRMED_BREAKOUT,2,-0.73,0.37,-0.15,0.29,0.49,0.12
SUNPHARMA,2026-07-15,1951.5,75.0,45.0,1.05,57.9,1.17,1.11,1929.5,1910.0,-1.1,0.42,1.16,1.36,2.5,RESISTANCE_PROBE,CONFIRMED_BREAKOUT,2,-0.07,-0.97,-0.44,1.97,-0.38,0.59
SUNPHARMA,2026-07-20,1956.4,75.0,60.0,0.97,57.9,0.87,0.91,1929.5,1922.5,-1.4,0.9,0.86,1.22,2.5,RESISTANCE_PROBE,CONFIRMED_BREAKOUT,1,0.28,-0.68,0.88,0.36,-3.8,-4.07
SUNPHARMA,2026-07-23,1954.0,75.0,70.0,0.94,56.4,1.0,0.77,1929.5,1925.2,-1.3,0.86,1.07,1.11,2.5,RESISTANCE_PROBE,CONFIRMED_BREAKOUT,1,-0.66,1.01,2.41,-0.15,-2.56,-1.91
SUNPHARMA,2026-07-28,1976.7,75.0,35.0,1.1,61.5,1.01,1.05,1929.5,1926.8,-2.4,0.26,2.0,1.19,2.5,RESISTANCE_PROBE,CONFIRMED_BREAKOUT,1,0.67,1.23,-0.64,-1.76,-2.77,-3.41
SUNPHARMA,2026-07-31,1990.5,75.0,55.0,1.2,64.1,1.24,1.38,1993.0,1970.9,0.1,0.31,1.95,1.03,1.0,FTF_COILING,UNRESOLVED,3,-1.36,-1.33,-2.29,-3.04,-3.54,-1.03
SUNPHARMA,2026-09-02,1931.7,75.0,40.0,1.17,52.5,1.4,0.87,1963.1,1921.1,1.6,0.56,0.75,0.75,0.6,FTF_COILING,UNRESOLVED,3,-0.81,-1.69,-3.46,-4.05,-5.96,-4.14
SUPREMEIND,2025-04-23,3472.27,50.0,80.0,1.27,53.8,0.87,1.14,3523.48,3442.93,1.5,0.83,0.82,0.82,0.9,FTF_COILING,CONFIRMED_BREAKOUT,3,-0.41,-1.37,0.37,-1.29,8.39,5.14
SUPREMEIND,2025-04-29,3529.88,50.0,20.0,1.02,48.7,1.14,2.28,3570.06,3383.65,1.1,0.42,0.79,1.49,1.2,FTF_COILING,UNRESOLVED,3,-1.27,-4.28,-3.61,-0.42,18.67,21.45
SUPREMEIND,2025-05-05,3449.03,50.0,70.0,1.01,51.3,0.88,1.21,3570.06,3383.65,3.4,0.89,0.36,1.04,-0.1,FTF_COILING,UNRESOLVED,3,-1.56,-1.35,2.22,9.62,20.09,20.85
SUPREMEIND,2025-05-12,3525.55,50.0,75.0,1.12,56.4,0.91,0.7,3570.06,3383.65,1.2,0.75,0.7,0.83,-0.1,FTF_COILING,UNRESOLVED,3,0.23,-0.29,7.24,12.74,22.92,20.81
SUPREMEIND,2025-05-15,3587.2,50.0,70.0,1.17,56.4,0.89,0.82,3570.06,3383.65,-0.5,0.81,0.89,0.8,-0.1,FTF_COILING,CONFIRMED_BREAKOUT,1,1.08,5.4,4.92,16.6,17.56,16.3
SUPREMEIND,2025-05-21,3767.7,50.0,60.0,1.24,57.5,1.33,1.51,3834.67,3653.47,1.7,0.9,0.97,0.97,3.1,FTF_COILING,CONFIRMED_BREAKOUT,2,-0.1,2.31,11.18,12.04,20.66,17.94
SUPREMEIND,2025-06-02,4142.11,50.0,70.0,1.41,62.5,1.07,2.31,4202.28,4026.89,1.4,0.78,0.43,0.43,2.9,FTF_COILING,CONFIRMED_BREAKOUT,3,-0.32,1.91,4.62,8.35,4.97,1.43
SUPREMEIND,2025-06-05,4286.77,50.0,80.0,1.47,62.5,0.88,1.33,4202.28,4057.32,-2.0,0.92,0.49,0.5,2.5,RESISTANCE_PROBE,CONFIRMED_BREAKOUT,1,-0.17,1.09,-1.63,2.03,-1.57,-1.4
SUPREMEIND,2025-06-18,4546.26,50.0,35.0,1.56,60.0,1.47,1.23,4666.79,4480.67,2.6,0.25,0.66,0.66,1.5,FTF_COILING,FAILED_BREAKOUT,1,-3.8,-2.74,-3.91,-6.3,-7.75,-4.11
SUPREMEIND,2025-08-22,4591.95,75.0,55.0,1.3,42.5,1.15,1.01,4602.44,4477.79,0.2,0.81,0.7,0.7,2.5,FTF_COILING,UNRESOLVED,3,-0.14,-1.37,-1.36,-3.79,-5.73,-2.99
SUPREMEIND,2025-08-28,4461.95,75.0,20.0,0.97,40.0,0.95,0.8,4602.44,4477.79,3.1,0.18,0.66,0.75,1.1,FTF_COILING,UNRESOLVED,3,-0.78,1.52,1.85,-3.4,-5.22,-6.97
SUPREMEIND,2025-09-02,4545.91,75.0,35.0,0.78,42.5,0.88,0.55,4602.44,4477.79,1.2,0.56,0.52,0.65,-1.1,FTF_COILING,UNRESOLVED,3,0.86,-0.03,-4.63,0.06,-8.1,-7.82
SUPREMEIND,2025-09-05,4532.44,75.0,25.0,0.91,42.5,0.83,0.5,4602.44,4477.79,1.5,0.39,0.3,0.62,-1.1,FTF_COILING,FAILED_BREAKOUT,2,-2.53,-4.35,-0.98,-3.63,-8.87,-4.72
SUPREMEIND,2025-09-12,4487.89,75.0,45.0,0.9,45.0,1.29,1.28,4543.33,4209.27,1.2,0.92,1.68,1.71,-3.7,RESISTANCE_PROBE,UNRESOLVED,3,-0.81,1.35,-2.68,-6.59,-5.92,-5.42
SUPREMEIND,2025-09-17,4463.93,75.0,10.0,0.91,45.0,1.17,1.38,4543.33,4313.03,1.7,0.06,0.9,1.41,-3.7,RESISTANCE_PROBE,UNRESOLVED,3,-0.74,-2.15,-3.54,-7.06,-5.95,-3.01
SUPREMEIND,2026-01-22,3463.31,50.0,45.0,0.82,41.0,1.46,1.13,3573.73,3245.05,3.1,0.93,2.16,1.83,-3.6,RESISTANCE_PROBE,UNRESOLVED,3,0.02,-1.25,0.74,5.47,12.34,11.54
SUPREMEIND,2026-01-28,3488.23,50.0,25.0,1.0,46.2,1.23,1.75,3573.73,3298.67,2.4,0.58,0.63,1.67,-3.6,RESISTANCE_PROBE,UNRESOLVED,3,-0.15,0.02,6.49,9.58,15.36,12.55
SUPREMEIND,2026-02-02,3575.52,50.0,55.0,1.24,48.7,1.06,1.16,3573.73,3425.87,-0.0,0.94,0.54,1.47,-3.6,RESISTANCE_PROBE,CONFIRMED_BREAKOUT,1,2.2,3.89,2.89,7.91,9.81,7.45
SUPREMEIND,2026-02-05,3714.63,50.0,70.0,1.46,51.3,1.08,1.33,3693.68,3593.59,-0.6,0.72,0.52,1.25,3.4,FTF_COILING,CONFIRMED_BREAKOUT,3,-1.67,-0.96,2.76,3.54,5.53,6.96
SUPREMEIND,2026-02-10,3664.79,50.0,75.0,1.61,53.8,1.01,1.05,3693.68,3593.59,0.8,0.08,1.48,0.74,1.6,FTF_COILING,CONFIRMED_BREAKOUT,1,4.3,4.16,6.2,7.33,9.41,4.9
SUPREMEIND,2026-02-13,3748.39,75.0,45.0,1.73,51.3,1.09,1.19,3796.35,3653.86,1.3,0.34,0.26,1.25,4.5,FTF_COILING,CONFIRMED_BREAKOUT,1,2.94,3.83,3.8,5.31,4.05,1.08
SUPREMEIND,2026-02-25,4024.14,75.0,100.0,2.04,61.5,0.85,1.04,3973.9,3829.82,-1.3,0.87,1.26,1.26,3.3,RESISTANCE_PROBE,CONFIRMED_BREAKOUT,1,-1.12,-1.91,-2.53,-0.22,-7.52,-6.48
SUPREMEIND,2026-03-02,3926.43,75.0,90.0,1.68,53.8,1.04,1.19,3995.35,3933.98,1.7,0.53,1.71,1.71,-0.2,FTF_COILING,UNRESOLVED,3,-1.42,-0.1,-0.51,-0.77,-7.89,-7.74
SUPREMEIND,2026-03-06,3919.98,75.0,35.0,1.56,51.3,1.21,1.25,4019.58,3823.07,2.5,0.09,0.64,0.97,1.2,FTF_COILING,UNRESOLVED,3,-3.35,-0.34,-1.55,-2.87,-4.05,-6.19
SUPREMEIND,2026-03-11,4009.65,75.0,80.0,1.78,53.8,1.32,0.89,4019.58,3823.07,0.2,0.82,2.64,0.89,-0.9,FTF_COILING,UNRESOLVED,3,0.14,-3.75,-0.67,-5.1,-5.95,-3.3
SUPREMEIND,2026-03-16,3900.02,75.0,60.0,1.64,55.0,1.17,1.39,4019.58,3823.07,3.0,0.69,0.5,1.15,-0.9,FTF_COILING,UNRESOLVED,3,-0.09,2.12,-5.68,-6.85,-5.57,-3.5
SUPREMEIND,2026-07-29,3479.3,50.0,80.0,1.26,59.0,1.39,1.18,3492.8,3297.0,0.4,0.78,1.37,1.37,5.5,FTF_COILING,UNRESOLVED,3,-0.56,-0.4,-0.54,-0.56,1.74,0.28
SUPREMEIND,2026-08-03,3530.0,50.0,70.0,1.26,61.5,1.14,1.46,3492.8,3379.6,-1.1,0.89,0.73,0.89,4.9,RESISTANCE_PROBE,CONFIRMED_BREAKOUT,1,-0.82,-1.97,-0.99,1.7,0.82,1.66
SUPREMEIND,2026-08-06,3477.0,50.0,60.0,1.32,61.5,0.7,0.71,3492.8,3297.0,0.5,0.36,0.87,0.84,4.9,FTF_COILING,UNRESOLVED,3,-1.01,0.52,0.58,4.98,0.89,2.13
SUPREMEIND,2026-08-11,3435.0,50.0,55.0,1.25,56.4,0.83,0.77,3492.8,3297.0,1.7,0.42,0.97,0.81,4.4,FTF_COILING,CONFIRMED_BREAKOUT,3,0.72,1.8,4.92,4.6,3.44,-0.17
SUPREMEIND,2026-08-14,3558.9,50.0,100.0,1.4,59.0,1.04,0.71,3492.8,3383.0,-1.9,0.81,1.34,0.81,4.2,RESISTANCE_PROBE,CONFIRMED_BREAKOUT,1,0.87,1.27,2.33,2.19,-5.47,-6.28
SUPREMEIND,2026-08-19,3610.0,50.0,90.0,1.59,61.5,0.91,0.91,3649.0,3565.0,1.1,0.62,1.55,0.56,1.1,FTF_COILING,UNRESOLVED,3,1.11,0.89,-1.94,-2.2,-8.59,-8.36
SUPREMEIND,2026-08-24,3601.0,50.0,55.0,1.44,62.5,0.72,1.0,3649.0,3565.0,1.3,0.0,0.64,0.89,1.1,FTF_COILING,UNRESOLVED,3,-0.22,-1.69,-1.17,-0.08,-2.8,-2.37
SUPREMEIND,2026-08-27,3585.0,50.0,70.0,1.37,60.0,0.88,0.78,3649.0,3565.0,1.8,0.48,0.89,0.92,-0.7,FTF_COILING,CONFIRMED_BREAKOUT,1,1.45,-0.73,-2.15,-2.09,-4.21,-5.58
SUPREMEIND,2026-09-01,3605.0,50.0,35.0,1.29,62.5,1.22,1.26,3681.0,3559.0,2.1,0.43,0.85,0.85,1.3,FTF_COILING,FAILED_BREAKOUT,3,-2.06,-2.69,-1.44,-8.46,-4.42,-0.84
SUZLON,2025-03-10,53.24,25.0,45.0,0.85,50.0,1.12,1.43,56.94,50.51,6.5,0.12,1.38,1.38,3.2,RESISTANCE_PROBE,UNRESOLVED,3,0.98,1.15,2.37,8.28,-3.81,-6.17
SUZLON,2025-03-17,54.5,50.0,35.0,0.98,52.5,0.89,1.18,56.79,51.63,4.0,0.11,0.91,0.84,1.9,RESISTANCE_PROBE,CONFIRMED_BREAKOUT,2,0.0,5.98,6.26,2.29,1.05,-4.66
SUZLON,2025-03-20,58.39,50.0,60.0,1.08,56.4,0.75,0.79,56.79,54.25,-2.8,0.63,0.87,0.79,1.9,RESISTANCE_PROBE,CONFIRMED_BREAKOUT,1,-3.24,-0.82,-2.36,-5.19,2.74,6.18
SUZLON,2025-03-25,57.65,50.0,45.0,1.08,59.0,1.06,1.02,58.65,55.94,1.7,0.25,1.06,0.94,3.5,FTF_COILING,UNRESOLVED,3,-0.38,-1.11,-0.38,-11.17,0.23,1.98
SUZLON,2025-03-28,56.66,50.0,35.0,0.99,51.3,0.81,1.15,58.65,55.94,3.4,0.13,0.67,0.9,1.9,FTF_COILING,UNRESOLVED,3,-1.61,1.36,-8.01,-4.09,-0.94,-2.37
SUZLON,2025-04-03,57.49,50.0,70.0,1.05,53.8,0.89,0.82,58.65,55.94,2.0,0.8,0.74,0.82,-0.3,FTF_COILING,FAILED_BREAKOUT,2,-3.7,-9.34,-7.81,3.1,-4.85,4.95
SUZLON,2025-04-23,59.99,50.0,100.0,1.37,59.0,0.96,1.4,61.58,59.02,2.6,0.91,1.52,1.52,1.6,FTF_COILING,FAILED_BREAKOUT,3,0.2,-2.82,-5.98,-11.4,1.7,5.59
SUZLON,2025-04-29,57.7,50.0,55.0,1.39,53.8,0.81,1.43,60.45,56.72,4.5,0.16,0.79,0.77,1.9,RESISTANCE_PROBE,UNRESOLVED,3,-2.25,-2.72,-5.2,3.85,14.94,16.51
SUZLON,2025-05-14,59.92,50.0,75.0,1.25,48.7,1.14,1.17,60.45,51.1,0.9,0.84,1.33,0.89,-7.1,RESISTANCE_PROBE,CONFIRMED_BREAKOUT,1,2.17,1.94,2.27,10.68,12.8,10.41
SUZLON,2025-05-27,65.39,75.0,100.0,1.33,50.0,1.03,1.16,65.95,62.74,0.8,0.74,1.76,1.76,4.2,FTF_COILING,CONFIRMED_BREAKOUT,1,1.42,0.05,4.22,4.43,-1.53,-2.91
SUZLON,2025-06-02,71.19,75.0,35.0,1.52,55.0,1.38,2.61,74.3,64.75,4.2,0.17,1.55,1.55,0.9,RESISTANCE_PROBE,UNRESOLVED,3,-4.27,-6.28,-5.7,-8.12,-4.87,1.42
SUZLON,2025-09-17,59.29,50.0,40.0,0.88,45.0,0.98,0.78,59.65,58.29,0.6,0.41,1.23,1.23,1.7,FTF_COILING,CONFIRMED_BREAKOUT,2,-0.35,1.87,-3.02,-6.93,-9.58,-11.24
SUZLON,2025-09-22,59.93,50.0,30.0,0.9,45.0,1.11,1.02,59.65,58.29,-0.5,0.2,1.2,1.18,1.4,FTF_COILING,FAILED_BREAKOUT,3,-1.97,-4.05,-7.76,-9.88,-9.59,-4.34
SUZLON,2025-11-03,59.24,50.0,35.0,1.08,46.2,1.5,1.71,60.18,58.66,1.6,0.53,1.07,1.07,1.0,FTF_COILING,CONFIRMED_BREAKOUT,1,1.27,0.62,-2.4,-3.95,-9.82,-10.95
SUZLON,2026-04-21,53.1,50.0,70.0,1.21,51.3,1.21,2.46,53.45,51.87,0.7,0.77,1.08,1.08,2.4,FTF_COILING,CONFIRMED_BREAKOUT,1,2.77,1.19,7.95,3.3,-0.36,-3.04
TATACHEM,2025-03-24,830.12,25.0,35.0,0.66,46.2,0.77,0.72,831.63,812.4,0.2,0.49,0.83,0.83,2.2,FTF_COILING,CONFIRMED_BREAKOUT,1,0.39,-0.21,-1.51,-5.09,-3.07,-3.45
TATACHEM,2025-03-27,825.4,25.0,35.0,0.56,46.2,0.79,0.88,839.76,824.33,1.7,0.25,3.88,1.05,0.5,FTF_COILING,CONFIRMED_BREAKOUT,1,2.02,-0.95,-4.18,-0.11,-1.24,-3.19
TATACHEM,2025-04-02,829.0,25.0,35.0,0.62,46.2,1.15,1.69,836.16,821.89,0.9,0.91,0.55,1.47,-0.5,FTF_COILING,FAILED_BREAKOUT,2,-0.19,-4.59,-4.7,0.25,-4.1,0.52
TATACHEM,2025-04-11,810.26,25.0,40.0,0.65,48.7,1.42,0.66,836.16,744.79,3.1,0.77,1.15,0.86,-5.2,RESISTANCE_PROBE,UNRESOLVED,3,1.76,1.83,2.36,3.0,0.76,-1.2
TATACHEM,2025-04-17,826.32,50.0,40.0,0.69,56.4,0.83,0.62,836.16,793.47,1.2,0.34,0.85,0.85,-5.2,RESISTANCE_PROBE,UNRESOLVED,3,0.58,0.37,-2.63,-0.39,2.29,1.23
TATACHEM,2025-04-23,834.94,50.0,45.0,0.96,56.4,0.69,0.86,836.16,820.82,0.1,0.4,1.02,0.85,-5.2,RESISTANCE_PROBE,CONFIRMED_BREAKOUT,1,0.76,-3.63,-2.37,-5.7,0.2,-0.56
TATACHEM,2025-04-29,834.55,50.0,80.0,1.12,61.5,1.08,1.44,847.26,800.43,1.5,0.89,1.36,1.02,2.0,FTF_COILING,UNRESOLVED,3,-2.32,-2.76,-3.62,-2.17,4.5,5.95
TATACHEM,2025-05-05,823.11,50.0,80.0,1.21,64.1,0.88,1.3,847.26,800.43,2.9,0.89,0.61,0.85,1.4,FTF_COILING,UNRESOLVED,3,-3.41,-2.28,0.39,2.68,6.05,10.87
TATACHEM,2025-05-12,826.32,50.0,50.0,1.13,61.5,1.46,1.54,847.26,766.79,2.5,0.94,0.96,1.22,-1.6,RESISTANCE_PROBE,UNRESOLVED,3,-1.41,-1.2,2.29,3.9,13.16,12.68
TATACHEM,2025-05-15,829.88,50.0,80.0,1.26,64.1,0.96,1.44,847.26,807.53,2.1,0.87,0.88,1.09,-1.6,RESISTANCE_PROBE,CONFIRMED_BREAKOUT,3,0.83,1.85,0.81,4.55,10.69,9.32
TATACHEM,2025-05-21,836.4,50.0,55.0,1.28,62.5,0.71,1.07,861.62,838.25,2.9,0.33,0.37,0.37,-0.2,FTF_COILING,UNRESOLVED,3,0.02,1.73,4.27,6.52,9.3,6.48
TATACHEM,2025-05-26,858.55,50.0,80.0,1.43,62.5,0.89,1.1,861.62,838.25,0.4,0.69,1.03,0.69,-0.2,FTF_COILING,CONFIRMED_BREAKOUT,1,2.1,1.58,1.67,8.91,3.87,1.73
TATACHEM,2025-06-04,890.97,50.0,80.0,1.48,65.0,0.86,0.79,889.85,871.01,-0.1,0.88,0.87,0.87,2.3,FTF_COILING,CONFIRMED_BREAKOUT,1,1.67,2.07,4.94,2.61,3.26,1.57
TATACHEM,2025-06-09,935.07,50.0,80.0,1.6,70.0,1.28,1.27,921.0,871.89,-1.5,0.91,1.22,1.22,4.2,RESISTANCE_PROBE,CONFIRMED_BREAKOUT,1,0.2,-0.01,-1.38,-4.63,-2.13,-2.33
TATACHEM,2025-07-07,915.13,50.0,55.0,1.66,55.0,0.94,0.88,941.67,922.22,2.8,0.14,0.53,0.53,-0.8,FTF_COILING,UNRESOLVED,3,-0.36,-0.74,-0.57,1.21,4.76,5.2
TATACHEM,2025-07-10,911.24,50.0,80.0,1.62,52.5,0.8,0.81,941.67,922.22,3.2,0.78,0.75,0.48,-1.5,FTF_COILING,FAILED_BREAKOUT,1,-2.05,-0.14,1.43,2.29,3.65,5.81
TATACHEM,2025-07-15,917.3,50.0,75.0,1.66,52.5,0.95,0.53,941.67,887.06,2.6,0.6,0.69,0.63,-3.2,RESISTANCE_PROBE,UNRESOLVED,3,0.94,0.76,3.36,7.37,1.48,1.42
TATACHEM,2025-07-18,917.84,50.0,60.0,1.76,50.0,1.03,0.66,941.67,907.25,2.5,0.44,0.65,0.66,-3.2,RESISTANCE_PROBE,CONFIRMED_BREAKOUT,2,0.91,3.29,1.01,2.63,1.49,-1.75
TATACHEM,2025-07-24,932.07,50.0,55.0,1.87,52.5,1.36,1.17,941.67,911.14,1.0,0.07,1.34,0.95,-3.2,RESISTANCE_PROBE,CONFIRMED_BREAKOUT,3,-0.53,-1.27,3.82,1.33,-0.88,-6.2
TATACHEM,2025-07-31,967.67,50.0,20.0,2.33,47.5,1.56,3.03,1003.37,908.83,3.6,0.19,0.63,0.63,-1.0,RESISTANCE_PROBE,UNRESOLVED,3,-2.65,-0.93,-2.4,-4.99,-4.35,-2.53
TATACHEM,2025-09-15,960.63,50.0,70.0,1.79,45.0,1.15,0.58,964.03,943.49,0.4,0.59,1.37,1.37,1.8,FTF_COILING,CONFIRMED_BREAKOUT,1,0.73,3.05,-0.15,-5.13,-6.32,-7.0
TATACHEM,2025-09-18,974.27,75.0,40.0,2.06,45.0,1.41,1.21,1011.1,946.99,3.6,0.12,1.2,1.2,0.6,RESISTANCE_PROBE,UNRESOLVED,3,0.44,-1.55,-3.74,-6.44,-8.75,-5.96
TATACHEM,2026-01-13,751.25,25.0,25.0,0.67,35.0,1.35,1.46,776.66,749.43,3.3,0.87,0.77,0.96,-1.8,FTF_COILING,UNRESOLVED,3,0.99,0.99,-4.18,-4.65,-6.97,-6.02
TATACHEM,2026-01-16,743.62,25.0,20.0,0.67,38.5,0.78,0.78,776.66,740.22,4.3,0.11,0.77,0.73,-1.8,RESISTANCE_PROBE,FAILED_BREAKOUT,2,-1.17,-3.19,-5.5,-3.77,-8.37,-5.35
TATACHEM,2026-05-04,793.55,50.0,20.0,3.35,38.5,1.42,3.98,841.91,769.17,5.7,0.1,0.66,0.0,1.4,RESISTANCE_PROBE,UNRESOLVED,3,-0.53,1.27,-5.51,-9.36,-8.9,-8.86
TATAPOWER,2025-02-05,361.82,25.0,35.0,1.01,45.0,1.18,1.01,374.46,357.02,3.4,0.3,1.98,1.02,-1.8,FTF_COILING,UNRESOLVED,3,-0.23,0.25,-4.94,-5.07,-3.32,-1.16
TATAPOWER,2025-02-10,353.91,25.0,20.0,0.92,47.5,0.92,1.04,370.51,358.16,4.5,0.11,0.68,0.81,0.8,RESISTANCE_PROBE,FAILED_BREAKOUT,1,-2.54,-2.82,-5.86,-1.01,-1.61,0.96
TATAPOWER,2025-03-11,348.23,25.0,80.0,1.34,56.4,0.82,0.88,358.46,347.19,2.9,0.84,0.77,0.77,0.3,FTF_COILING,UNRESOLVED,3,1.08,-0.48,5.39,6.68,3.4,3.91
TATAPOWER,2025-03-17,346.55,25.0,55.0,1.31,52.6,0.86,0.88,358.46,347.19,3.3,0.31,0.62,0.77,-0.2,FTF_COILING,CONFIRMED_BREAKOUT,2,0.0,5.9,9.28,6.84,8.82,2.76
TATAPOWER,2025-03-27,378.81,50.0,90.0,1.41,54.1,0.95,0.97,376.44,370.11,-0.6,0.89,1.02,1.02,2.4,FTF_COILING,UNRESOLVED,3,-2.09,-2.26,-3.77,-1.28,0.26,1.63
TATAPOWER,2025-04-02,373.72,50.0,55.0,1.32,48.6,1.08,0.91,376.44,370.11,0.7,0.91,0.59,0.88,0.0,FTF_COILING,CONFIRMED_BREAKOUT,1,1.96,-2.46,-5.29,3.33,-0.89,-2.79
TATAPOWER,2025-04-15,373.97,50.0,80.0,1.31,51.4,1.39,1.0,383.55,349.91,2.5,0.75,1.25,1.09,-3.3,RESISTANCE_PROBE,CONFIRMED_BREAKOUT,3,0.73,0.85,4.21,1.56,5.14,1.82
TATAPOWER,2025-04-21,386.17,50.0,100.0,1.38,59.5,0.8,0.89,383.55,367.84,-0.7,0.74,1.2,1.09,-3.3,RESISTANCE_PROBE,CONFIRMED_BREAKOUT,1,-0.58,0.92,1.09,-4.08,2.07,2.66
TATAPOWER,2025-04-24,391.11,75.0,80.0,1.32,56.8,0.79,1.09,383.55,377.43,-2.0,0.54,1.04,1.12,-3.3,RESISTANCE_PROBE,CONFIRMED_BREAKOUT,1,-2.08,-0.19,-3.68,-6.28,1.57,3.73
TATAPOWER,2025-04-29,388.64,75.0,75.0,1.23,56.8,1.01,1.39,395.61,381.53,1.8,0.12,1.25,1.25,1.9,FTF_COILING,UNRESOLVED,3,-2.28,-3.06,-4.07,0.92,0.76,1.86
TATAPOWER,2025-05-05,384.44,50.0,80.0,1.38,59.5,0.86,1.34,395.61,381.53,2.8,0.92,0.61,0.92,-1.3,FTF_COILING,FAILED_BREAKOUT,1,-3.65,-3.02,0.59,4.88,1.99,5.85
TATAPOWER,2025-05-12,386.71,50.0,80.0,1.28,56.8,1.35,0.98,395.61,352.97,2.2,0.89,1.26,0.91,-4.1,RESISTANCE_PROBE,UNRESOLVED,3,-0.54,1.42,4.27,2.86,3.78,2.07
TATAPOWER,2025-05-15,393.19,75.0,80.0,1.59,55.3,1.08,1.12,395.61,373.97,0.6,0.47,2.38,0.96,-4.1,RESISTANCE_PROBE,CONFIRMED_BREAKOUT,1,1.97,2.55,-0.59,-0.16,0.93,-1.02
TATAPOWER,2025-10-08,383.08,50.0,45.0,0.95,57.5,1.06,0.92,395.05,388.84,3.0,0.13,1.26,1.26,-1.5,FTF_COILING,UNRESOLVED,3,0.71,1.21,2.87,3.17,2.01,0.52
TATAPOWER,2025-10-13,388.74,75.0,70.0,1.07,57.5,1.2,1.28,394.36,387.2,1.4,0.87,1.07,1.07,0.4,FTF_COILING,CONFIRMED_BREAKOUT,3,0.1,1.37,2.21,1.92,-0.64,-2.59
TATAPOWER,2025-10-16,396.54,75.0,65.0,1.67,60.0,1.06,1.29,394.36,387.2,-0.6,0.43,1.28,1.03,0.4,FTF_COILING,UNRESOLVED,3,-0.3,0.2,-0.54,1.48,-1.57,-1.52
TATAPOWER,2025-10-21,396.34,75.0,55.0,1.67,60.0,0.86,1.19,394.36,387.2,-0.5,0.34,0.17,1.07,0.4,FTF_COILING,CONFIRMED_BREAKOUT,1,-0.29,-0.49,2.98,-1.77,-2.68,-2.4
TATAPOWER,2025-10-27,397.79,75.0,80.0,1.39,62.5,0.87,0.99,394.36,387.2,-0.9,0.75,0.64,1.0,0.4,FTF_COILING,CONFIRMED_BREAKOUT,2,-0.4,2.61,2.09,-1.16,-5.06,-7.48
TATAPOWER,2026-03-16,388.14,75.0,45.0,1.01,52.5,1.34,2.33,403.55,380.0,3.8,0.4,1.37,1.37,-0.7,RESISTANCE_PROBE,UNRESOLVED,3,2.64,2.51,-0.92,-2.65,9.49,7.3
TATAPOWER,2026-03-19,396.05,75.0,80.0,1.08,55.0,1.02,2.47,403.55,391.03,1.9,0.48,1.2,1.48,-0.7,FTF_COILING,CONFIRMED_BREAKOUT,1,0.98,-2.9,-3.21,-2.71,9.42,8.36
TATAPOWER,2026-04-13,407.03,50.0,100.0,1.34,52.5,0.89,0.96,415.87,389.59,2.1,0.72,1.91,0.88,-5.5,RESISTANCE_PROBE,CONFIRMED_BREAKOUT,1,3.0,4.16,6.47,12.76,2.16,-0.82
TATAPOWER,2026-04-17,424.97,50.0,45.0,1.68,55.0,1.08,1.82,429.34,387.85,1.0,0.41,0.69,1.0,9.6,RESISTANCE_PROBE,CONFIRMED_BREAKOUT,1,1.4,1.98,1.73,3.96,-4.82,-6.13
TATAPOWER,2026-04-22,433.36,75.0,55.0,1.86,56.4,0.77,1.59,438.09,421.84,1.1,0.21,0.56,1.0,2.7,RESISTANCE_PROBE,CONFIRMED_BREAKOUT,3,-1.32,-0.24,3.54,1.65,-5.17,-8.76
TATAPOWER,2026-04-27,450.41,75.0,100.0,1.87,56.4,0.95,1.06,453.14,423.38,0.6,0.87,1.69,1.0,6.4,RESISTANCE_PROBE,CONFIRMED_BREAKOUT,1,1.9,-0.38,-2.6,-4.41,-8.75,-10.45
TATAPOWER,2026-07-29,377.25,75.0,50.0,0.61,33.3,1.18,0.71,383.5,367.85,1.6,0.75,1.05,1.05,2.6,FTF_COILING,UNRESOLVED,3,-0.34,0.91,1.52,0.58,-3.51,-4.71
TATAPOWER,2026-08-03,382.0,75.0,35.0,0.56,38.5,1.18,0.93,383.5,367.85,0.4,0.81,0.56,0.85,2.2,FTF_COILING,UNRESOLVED,3,-0.52,0.26,0.0,-0.13,-9.16,-8.35
TATAPOWER,2026-08-06,378.6,50.0,25.0,0.54,41.0,0.77,0.52,383.5,367.85,1.3,0.25,0.77,0.71,2.2,FTF_COILING,UNRESOLVED,3,0.52,0.9,1.11,-0.88,-3.41,-3.76
TATAPOWER,2026-08-11,380.0,50.0,40.0,0.66,41.0,0.77,0.66,383.5,367.85,0.9,0.56,0.9,0.82,2.2,FTF_COILING,CONFIRMED_BREAKOUT,3,-0.14,0.74,0.26,-2.47,-3.8,-4.32
TATAPOWER,2026-08-14,382.05,50.0,35.0,0.66,41.0,0.95,0.83,383.5,367.85,0.4,0.23,2.33,0.89,2.2,FTF_COILING,UNRESOLVED,3,-0.14,-0.27,-2.03,-7.9,-4.55,-3.76
TATAPOWER,2026-08-19,378.9,50.0,45.0,0.69,38.5,1.02,0.98,390.4,379.6,2.9,0.68,1.11,0.81,0.4,FTF_COILING,UNRESOLVED,3,-0.96,-1.21,-3.93,-3.93,-4.88,-3.51
TATASTEEL,2025-02-18,128.82,25.0,35.0,0.73,47.5,1.13,1.24,133.33,127.66,3.4,0.89,0.82,0.72,0.7,FTF_COILING,CONFIRMED_BREAKOUT,3,0.91,2.6,1.88,8.59,18.21,12.99
TATASTEEL,2025-02-24,131.8,75.0,35.0,0.87,52.5,0.9,0.91,133.33,127.66,1.2,0.25,0.88,0.89,0.7,FTF_COILING,UNRESOLVED,3,-0.42,0.76,1.23,9.52,13.19,13.56
TATASTEEL,2025-02-28,131.36,75.0,80.0,0.94,50.0,0.9,1.01,133.33,127.66,1.5,0.84,1.51,0.9,0.7,FTF_COILING,CONFIRMED_BREAKOUT,3,1.0,1.56,10.47,10.65,11.6,4.8
TATASTEEL,2025-03-11,144.34,75.0,70.0,1.32,57.5,1.09,1.89,147.68,144.01,2.3,0.74,0.92,0.92,0.2,FTF_COILING,UNRESOLVED,3,-0.3,0.09,5.21,3.36,-11.5,-12.11
TATASTEEL,2025-03-17,145.35,75.0,70.0,1.42,57.5,0.84,1.48,147.68,144.01,1.6,0.52,0.92,0.93,-0.1,FTF_COILING,CONFIRMED_BREAKOUT,2,0.0,4.47,4.35,0.86,-9.66,-13.53
TATASTEEL,2025-05-21,154.76,75.0,90.0,1.46,57.5,0.75,1.03,155.21,151.28,0.3,0.94,1.01,1.01,2.3,FTF_COILING,CONFIRMED_BREAKOUT,3,-0.22,0.82,-0.25,-2.14,-3.7,-4.22
TATASTEEL,2025-05-26,155.6,75.0,55.0,1.26,55.0,0.89,1.01,156.64,153.54,0.7,0.13,0.7,0.79,1.6,FTF_COILING,UNRESOLVED,3,-0.52,-0.78,-2.14,-0.94,-4.02,-4.37
TATASTEEL,2025-05-29,156.18,75.0,70.0,1.27,57.5,0.75,0.77,156.64,153.54,0.3,0.66,0.74,0.62,0.5,FTF_COILING,UNRESOLVED,3,-1.29,-2.5,-3.16,-4.09,0.71,4.41
TATASTEEL,2025-06-03,150.66,75.0,50.0,1.04,55.0,0.82,0.64,156.64,150.61,3.8,0.05,0.79,0.72,-0.8,RESISTANCE_PROBE,UNRESOLVED,3,0.53,0.39,1.25,-0.76,4.09,1.63
TATASTEEL,2025-06-06,154.31,75.0,75.0,1.04,60.0,0.85,0.7,156.64,153.54,1.5,0.89,0.74,0.7,-1.9,FTF_COILING,UNRESOLVED,3,-0.11,-1.15,-3.4,-3.5,3.5,4.22
TATASTEEL,2025-06-11,153.25,75.0,65.0,1.1,57.5,0.92,0.56,156.64,153.54,2.2,0.5,0.6,0.69,-1.9,FTF_COILING,FAILED_BREAKOUT,1,-2.25,-2.74,-2.75,-0.01,1.66,4.0
TATASTEEL,2025-06-27,158.19,75.0,65.0,1.31,55.0,1.13,0.85,162.76,150.54,2.8,0.29,1.38,1.0,5.1,RESISTANCE_PROBE,UNRESOLVED,3,-1.05,-0.86,0.97,-1.0,-0.01,-2.68
TATASTEEL,2025-07-03,162.56,75.0,35.0,1.5,55.0,1.13,1.12,160.0,154.54,-1.6,0.2,2.32,1.37,-0.6,RESISTANCE_PROBE,CONFIRMED_BREAKOUT,1,-1.75,-2.12,-3.16,-3.62,-4.8,-3.11
TATASTEEL,2025-07-21,159.73,75.0,55.0,1.52,47.5,0.92,0.72,165.37,153.83,3.4,0.17,1.14,0.78,-4.8,RESISTANCE_PROBE,UNRESOLVED,3,0.01,-0.15,-2.05,-2.12,-2.32,-2.6
TATASTEEL,2025-07-24,160.18,75.0,55.0,1.28,50.0,0.81,0.87,165.37,158.61,3.1,0.35,0.6,0.77,-4.8,RESISTANCE_PROBE,UNRESOLVED,3,-1.25,-2.32,-3.39,-2.33,-3.02,-1.94
TATASTEEL,2025-09-03,164.46,75.0,85.0,1.87,55.0,1.21,0.75,165.37,149.96,0.6,0.98,3.32,1.0,9.7,RESISTANCE_PROBE,CONFIRMED_BREAKOUT,3,-0.62,-0.1,0.94,2.09,-0.2,-0.78
TATASTEEL,2025-09-08,165.41,75.0,55.0,1.67,57.5,1.3,1.31,169.01,155.2,2.1,0.09,1.39,1.0,6.6,RESISTANCE_PROBE,UNRESOLVED,3,0.2,0.36,0.24,1.52,1.55,1.19
TATASTEEL,2025-09-11,165.99,75.0,55.0,1.56,60.0,0.78,0.91,169.01,165.06,1.8,0.39,0.53,0.52,0.4,FTF_COILING,UNRESOLVED,3,0.22,-0.11,1.55,1.75,2.63,1.07
TATASTEEL,2025-09-16,168.54,75.0,100.0,1.62,60.0,0.74,0.59,169.01,165.06,0.3,0.92,1.2,0.5,0.4,FTF_COILING,UNRESOLVED,3,-0.38,0.01,0.74,-1.89,0.71,1.03
TATASTEEL,2025-09-19,168.02,75.0,65.0,1.59,57.5,0.83,0.8,169.01,165.06,0.6,0.43,1.16,0.68,0.4,FTF_COILING,UNRESOLVED,3,-0.05,1.06,-2.38,-0.83,0.27,-0.41
TATASTEEL,2025-09-24,169.17,75.0,55.0,1.61,57.5,0.75,0.99,169.01,165.06,-0.1,0.14,0.89,0.78,0.4,FTF_COILING,UNRESOLVED,3,-0.16,-3.05,-2.98,2.18,1.03,3.23
TATASTEEL,2025-09-29,165.57,75.0,70.0,1.44,57.5,1.02,0.94,169.01,165.06,2.0,0.52,0.74,0.8,-0.6,FTF_COILING,CONFIRMED_BREAKOUT,3,-0.12,-0.87,1.45,0.91,9.59,6.92
TATASTEEL,2025-10-03,169.71,75.0,80.0,1.38,55.0,1.49,0.86,171.21,162.77,0.9,0.77,2.6,1.0,4.3,RESISTANCE_PROBE,UNRESOLVED,3,-1.82,-1.03,0.38,-0.57,5.46,6.24
TATASTEEL,2025-10-08,168.47,75.0,60.0,1.47,57.5,1.39,1.21,171.21,164.72,1.6,0.53,1.08,1.0,2.3,RESISTANCE_PROBE,CONFIRMED_BREAKOUT,1,2.61,1.12,0.76,1.29,5.48,2.81
TATASTEEL,2025-10-13,169.53,75.0,70.0,1.61,52.5,1.11,1.25,174.23,166.62,2.7,0.73,0.8,1.0,1.7,RESISTANCE_PROBE,UNRESOLVED,3,-1.46,0.12,-0.62,5.07,3.22,2.65
TATASTEEL,2025-10-16,170.48,75.0,70.0,1.57,52.5,1.13,1.23,174.23,165.83,2.1,0.78,0.51,1.0,2.8,RESISTANCE_PROBE,UNRESOLVED,3,-1.02,-1.18,0.25,5.08,-0.48,0.23
TATASTEEL,2025-10-23,170.64,75.0,80.0,1.52,52.5,0.71,0.59,174.23,167.37,2.1,0.21,1.36,1.0,2.0,RESISTANCE_PROBE,CONFIRMED_BREAKOUT,3,0.16,1.44,5.85,4.14,-3.54,-7.6
TATASTEEL,2025-10-30,180.63,75.0,70.0,1.69,55.0,1.05,1.6,183.16,178.37,1.4,0.67,0.88,0.88,1.3,FTF_COILING,UNRESOLVED,3,-0.82,-0.91,-1.62,-5.47,-8.89,-6.32
TATASTEEL,2025-11-07,177.71,75.0,65.0,1.55,47.5,1.05,0.83,183.16,172.95,3.0,0.88,0.76,0.76,-2.6,RESISTANCE_PROBE,UNRESOLVED,3,0.06,-0.18,-3.92,-7.37,-7.86,-6.44
TATASTEEL,2025-11-13,173.08,75.0,35.0,1.24,45.0,1.39,0.75,183.16,174.4,5.5,0.17,3.2,0.76,-2.6,RESISTANCE_PROBE,FAILED_BREAKOUT,1,-1.35,-1.97,-2.37,-4.82,-5.81,-4.52
TATASTEEL,2025-12-31,176.44,75.0,45.0,1.15,45.0,1.21,1.06,170.61,164.43,-3.4,0.54,2.0,1.42,3.8,RESISTANCE_PROBE,CONFIRMED_BREAKOUT,1,1.01,1.55,2.07,5.09,12.35,11.23
TATASTEEL,2026-01-05,181.97,75.0,70.0,1.18,50.0,1.14,1.38,177.73,174.89,-2.4,0.71,1.18,0.86,1.9,RESISTANCE_PROBE,CONFIRMED_BREAKOUT,1,0.26,-1.03,-1.34,1.37,3.88,3.61
TATASTEEL,2026-01-12,179.54,75.0,40.0,0.97,52.5,1.35,1.14,182.11,175.92,1.4,0.93,0.99,0.95,-0.6,FTF_COILING,CONFIRMED_BREAKOUT,2,-0.37,3.28,2.75,4.93,13.52,9.91
TATASTEEL,2026-02-03,189.03,75.0,35.0,1.94,61.5,1.56,1.61,194.98,186.78,3.1,0.19,0.92,0.82,-1.1,FTF_COILING,UNRESOLVED,3,1.28,2.5,7.82,5.26,1.97,-0.17
TATASTEEL,2026-02-06,193.08,75.0,70.0,1.96,64.1,1.2,1.14,194.98,186.78,1.0,0.83,0.62,0.8,-1.1,FTF_COILING,CONFIRMED_BREAKOUT,1,2.51,5.56,3.11,5.73,-3.07,-5.44
TATASTEEL,2026-02-11,203.4,75.0,70.0,2.2,61.5,1.1,1.46,202.17,193.56,-0.6,0.46,1.14,2.36,5.3,FTF_COILING,CONFIRMED_BREAKOUT,1,0.25,-2.12,0.69,3.4,-6.8,-7.03
TATASTEEL,2026-02-16,201.65,75.0,80.0,2.25,64.1,0.94,1.62,202.17,193.56,0.3,0.94,0.51,1.23,2.8,FTF_COILING,CONFIRMED_BREAKOUT,2,-1.33,1.56,1.13,2.53,-5.04,-6.51
TATASTEEL,2026-02-19,201.26,75.0,55.0,2.28,59.0,0.88,0.89,202.17,193.56,0.5,0.16,0.77,1.04,2.8,FTF_COILING,CONFIRMED_BREAKOUT,2,1.44,1.33,4.92,-3.38,-4.21,-5.46
TATASTEEL,2026-02-24,204.9,75.0,80.0,2.07,61.5,0.8,0.97,202.17,200.12,-1.4,0.85,0.68,0.94,2.8,RESISTANCE_PROBE,CONFIRMED_BREAKOUT,1,2.63,3.06,-5.93,-6.88,-5.97,-8.38
TATASTEEL,2026-04-15,204.5,75.0,55.0,1.23,52.5,0.82,0.91,212.08,197.43,3.6,0.32,0.87,1.0,3.6,RESISTANCE_PROBE,UNRESOLVED,3,0.94,1.63,2.06,3.43,5.22,3.73
TATASTEEL,2026-04-20,207.44,75.0,70.0,1.35,52.5,0.76,0.79,212.08,203.41,2.2,0.53,0.77,1.0,2.0,RESISTANCE_PROBE,UNRESOLVED,3,0.14,0.62,0.73,0.25,-0.95,-0.57
TATASTEEL,2026-04-23,206.65,75.0,60.0,1.34,55.0,0.64,0.67,212.08,205.56,2.6,0.26,0.63,1.0,0.5,RESISTANCE_PROBE,UNRESOLVED,3,-0.4,1.12,0.21,2.93,-1.1,-3.01
TATASTEEL,2026-04-28,210.7,75.0,85.0,1.26,55.0,0.83,0.7,213.83,204.39,1.5,0.47,1.19,1.0,3.1,RESISTANCE_PROBE,UNRESOLVED,3,0.39,-1.72,-1.73,-1.42,-2.13,-0.42
TATASTEEL,2026-05-04,207.95,75.0,55.0,1.31,56.4,0.93,0.8,213.83,205.76,2.7,0.27,0.89,1.0,1.1,RESISTANCE_PROBE,UNRESOLVED,3,-0.43,1.52,-0.08,-1.19,-0.79,-3.0
TATASTEEL,2026-05-07,212.7,75.0,60.0,1.28,59.0,0.75,0.6,214.77,205.22,1.0,0.39,0.86,1.0,3.6,RESISTANCE_PROBE,UNRESOLVED,3,-1.2,-2.31,1.86,-3.92,-3.0,-0.67
TATASTEEL,2026-05-12,207.72,75.0,70.0,1.11,56.4,1.05,0.65,214.77,207.25,3.3,0.1,1.23,1.0,0.2,RESISTANCE_PROBE,CONFIRMED_BREAKOUT,1,3.59,4.31,-1.28,-0.72,-4.16,-7.49
TATASTEEL,2026-05-15,212.46,75.0,55.0,1.23,59.0,1.36,0.92,219.87,207.23,3.4,0.1,1.34,1.0,2.5,RESISTANCE_PROBE,FAILED_BREAKOUT,3,-3.29,-3.48,-3.53,-4.07,-6.87,-2.45
TATASTEEL,2026-08-03,191.0,75.0,35.0,0.84,48.7,1.26,0.79,191.84,186.31,0.4,0.5,1.27,1.27,2.5,FTF_COILING,UNRESOLVED,3,-0.03,1.04,-0.4,-2.62,-3.48,-2.61
TATASTEEL,2026-08-06,189.3,75.0,10.0,0.85,48.7,1.18,0.91,191.84,186.31,1.3,0.07,0.87,1.11,2.5,FTF_COILING,UNRESOLVED,3,-0.92,0.5,-2.35,-3.06,-2.69,-2.15
TATASTEEL,2026-08-11,188.25,75.0,20.0,0.75,48.7,1.09,0.84,192.35,187.55,2.1,0.39,1.04,1.04,0.4,FTF_COILING,FAILED_BREAKOUT,3,-1.09,-1.81,-1.46,-0.7,-2.18,0.35
TATASTEEL,2026-08-17,186.0,75.0,35.0,0.73,43.6,1.1,1.01,192.35,180.0,3.3,0.92,0.77,1.13,-2.2,RESISTANCE_PROBE,UNRESOLVED,3,-0.27,-1.08,0.16,-0.89,-1.61,-0.27
TATASTEEL,2026-08-24,186.3,50.0,65.0,0.8,42.5,0.75,0.78,192.35,182.0,3.1,1.0,1.68,1.0,-2.4,RESISTANCE_PROBE,UNRESOLVED,3,0.34,0.92,-1.05,-0.37,-1.56,-1.82
TATASTEEL,2026-08-27,186.8,50.0,35.0,0.81,45.0,0.98,1.17,192.35,183.06,2.9,0.08,1.67,1.09,-2.4,RESISTANCE_PROBE,UNRESOLVED,3,-0.16,-1.31,-1.39,-0.01,0.65,2.15
TATASTEEL,2026-09-01,184.07,50.0,20.0,0.74,40.0,1.27,1.38,190.25,186.5,3.2,0.3,1.76,1.52,-1.2,FTF_COILING,UNRESOLVED,3,-0.12,0.07,0.04,-0.23,2.14,-0.42
TCS,2025-10-24,2952.08,50.0,20.0,0.81,40.0,0.95,1.09,2985.61,2925.96,1.1,0.15,0.76,0.76,0.9,FTF_COILING,UNRESOLVED,3,0.71,-0.17,-0.17,-1.24,2.55,2.73
TCS,2025-10-29,2946.68,50.0,20.0,0.81,40.0,0.96,0.92,2985.61,2925.96,1.3,0.38,0.87,0.79,0.7,FTF_COILING,UNRESOLVED,3,-0.73,0.01,-1.53,1.57,2.58,3.97
TCS,2025-11-03,2907.36,25.0,20.0,0.66,42.5,0.81,0.84,2985.61,2925.96,2.6,0.14,0.66,0.75,-0.0,FTF_COILING,UNRESOLVED,3,-0.88,-0.2,1.0,2.33,3.94,4.81
TCS,2025-11-07,2883.27,25.0,35.0,0.57,42.5,1.01,0.79,2985.61,2925.96,3.4,0.72,0.57,0.75,-1.5,FTF_COILING,CONFIRMED_BREAKOUT,3,1.12,1.85,3.82,5.31,8.24,3.4
TCS,2025-11-13,2993.03,50.0,10.0,0.7,42.5,1.17,0.91,2985.61,2925.96,-0.2,0.12,0.62,0.79,-1.5,FTF_COILING,UNRESOLVED,3,0.01,-0.11,1.26,0.99,2.78,3.39
TCS,2025-11-24,3027.25,50.0,35.0,0.69,42.5,0.96,0.97,3055.0,3021.46,0.9,0.21,2.4,2.4,0.2,FTF_COILING,UNRESOLVED,3,-0.7,0.69,-0.25,3.03,5.85,6.0
TCS,2025-11-27,3022.81,50.0,30.0,0.64,45.0,1.03,1.21,3063.58,3017.42,1.3,0.21,1.02,0.93,-0.4,FTF_COILING,UNRESOLVED,3,0.03,-0.1,2.95,1.76,4.57,4.6
TCS,2025-12-02,3021.95,50.0,40.0,0.66,47.5,0.9,0.74,3063.58,3017.42,1.4,0.65,0.91,0.82,-0.4,FTF_COILING,CONFIRMED_BREAKOUT,1,1.41,2.98,2.32,2.21,2.25,0.82
TCS,2025-12-05,3120.73,50.0,45.0,0.9,50.0,1.09,0.95,3095.38,3025.13,-0.8,0.32,1.68,1.7,2.9,FTF_COILING,UNRESOLVED,3,-0.05,-0.92,-0.55,1.35,-0.68,0.84
TCS,2025-12-10,3073.5,50.0,0.0,0.96,47.5,1.23,1.28,3152.92,3105.5,2.5,0.24,0.46,0.83,-0.4,FTF_COILING,UNRESOLVED,3,0.08,0.98,0.9,4.07,0.46,-0.81
TCS,2025-12-15,3113.02,50.0,75.0,1.07,50.0,1.03,0.65,3152.92,3105.5,1.3,0.8,0.53,0.63,-1.0,FTF_COILING,UNRESOLVED,3,-0.78,-0.38,2.93,0.51,1.17,-0.39
TCS,2025-12-18,3161.78,50.0,75.0,1.05,52.5,0.95,0.53,3152.92,3105.5,-0.3,0.9,0.83,0.6,-1.0,FTF_COILING,CONFIRMED_BREAKOUT,1,0.04,1.34,-0.02,-0.92,-0.48,-0.52
TCS,2025-12-23,3189.92,50.0,70.0,1.27,52.5,0.95,0.85,3197.54,3159.85,0.2,0.63,0.93,1.02,1.4,FTF_COILING,UNRESOLVED,3,0.27,-0.91,-3.14,-0.44,-3.95,-2.22
TCS,2025-12-29,3133.54,50.0,45.0,1.18,55.0,0.88,0.86,3197.54,3159.85,2.0,0.19,0.85,0.75,0.0,FTF_COILING,FAILED_BREAKOUT,2,-0.14,-1.39,-1.09,-0.37,-1.11,0.29
TCS,2026-01-01,3110.32,25.0,70.0,1.12,55.0,0.91,0.83,3197.54,3159.85,2.7,0.81,0.52,0.9,-2.2,FTF_COILING,UNRESOLVED,3,0.72,-0.35,-0.73,-1.08,-1.45,-2.31
TCS,2026-01-06,3137.69,25.0,80.0,1.07,55.0,1.07,0.85,3197.54,3159.85,1.9,0.87,1.4,0.85,-2.2,FTF_COILING,FAILED_BREAKOUT,2,1.22,-1.59,0.37,-2.98,-6.21,-4.69
TCS,2026-01-09,3091.43,25.0,35.0,1.22,55.0,1.45,0.98,3167.66,3066.57,2.4,0.43,0.89,0.89,0.8,FTF_COILING,UNRESOLVED,3,0.99,1.88,1.78,0.38,-6.42,-5.97
TCS,2026-01-14,3076.69,25.0,55.0,1.36,57.5,1.43,1.2,3167.66,3066.57,2.9,0.12,1.4,1.4,0.8,FTF_COILING,UNRESOLVED,3,0.0,2.27,-0.41,0.28,-12.29,-13.07
TCS,2026-01-19,3104.26,25.0,65.0,1.32,56.4,1.15,1.17,3167.66,3066.57,2.0,0.17,1.34,1.21,0.3,FTF_COILING,UNRESOLVED,3,-1.94,-1.3,-0.18,1.95,-14.1,-13.74
TCS,2026-01-22,3091.31,50.0,70.0,1.21,59.0,1.14,1.06,3159.6,3092.97,2.2,0.75,0.86,1.24,-1.6,FTF_COILING,UNRESOLVED,3,0.38,0.24,-0.84,-6.63,-14.73,-16.06
TCS,2026-01-28,3140.07,50.0,80.0,1.27,61.5,0.81,1.11,3159.6,3092.97,0.6,0.85,0.98,1.13,-1.6,FTF_COILING,UNRESOLVED,3,-1.74,-2.38,-6.28,-9.07,-17.84,-17.05
TCS,2026-02-02,3110.15,50.0,60.0,1.13,56.4,0.96,1.07,3159.6,3092.97,1.6,0.56,0.9,1.07,-1.6,FTF_COILING,CONFIRMED_BREAKOUT,1,1.76,-5.38,-6.99,-14.61,-17.54,-18.97
TCS,2026-04-15,2506.98,25.0,55.0,0.55,40.0,1.02,1.32,2517.67,2454.18,0.4,0.94,1.16,0.85,-1.1,FTF_COILING,UNRESOLVED,3,0.86,1.04,-0.64,-3.14,-11.04,-11.89
TCS,2026-04-20,2531.21,25.0,35.0,0.55,42.5,0.77,1.18,2517.67,2454.18,-0.5,0.56,0.51,0.86,-1.1,FTF_COILING,CONFIRMED_BREAKOUT,1,1.2,-1.59,-5.12,-5.75,-11.49,-12.54
TCS,2026-04-23,2474.5,25.0,20.0,0.62,42.5,0.86,0.79,2517.67,2454.18,1.7,0.13,0.55,0.81,-1.1,FTF_COILING,FAILED_BREAKOUT,1,-4.95,-2.94,-1.9,-4.77,-7.72,-2.91
TCS,2026-07-15,2189.2,50.0,50.0,0.89,50.0,1.16,1.38,2215.85,2167.12,1.2,0.76,0.97,0.97,1.0,FTF_COILING,CONFIRMED_BREAKOUT,2,0.54,3.65,0.87,11.76,7.33,3.56
TCS,2026-07-30,2431.8,50.0,25.0,1.14,56.4,1.23,0.97,2475.5,2415.1,1.8,0.12,0.98,0.98,0.7,FTF_COILING,FAILED_BREAKOUT,1,-2.72,1.72,-2.42,-2.34,-7.54,-4.95
TCS,2026-08-04,2460.0,50.0,60.0,1.08,59.0,1.18,1.07,2475.5,2326.1,0.6,0.77,0.57,0.82,-2.0,RESISTANCE_PROBE,UNRESOLVED,3,-1.91,-3.54,-0.58,-7.32,-3.7,-3.41
TCS,2026-08-07,2452.7,50.0,75.0,1.16,56.4,1.02,0.63,2475.5,2368.5,0.9,0.94,0.96,0.7,-2.0,RESISTANCE_PROBE,UNRESOLVED,3,-1.1,-0.29,-3.74,-6.14,-6.06,-1.94
TCS,2026-08-12,2349.7,50.0,60.0,1.19,51.3,1.11,0.62,2475.5,2375.0,5.1,0.34,1.79,0.68,-2.0,RESISTANCE_PROBE,FAILED_BREAKOUT,3,1.08,0.48,-2.58,-3.39,-6.03,-4.55
TCS,2026-08-31,2399.3,50.0,85.0,1.72,55.0,1.13,0.6,2445.8,2300.1,1.9,1.0,1.06,0.7,-2.2,FTF_COILING,UNRESOLVED,3,-1.26,-2.14,-5.39,-8.27,-13.7,-10.75
TDPOWERSYS,2025-03-28,204.53,75.0,30.0,1.31,46.2,1.14,1.72,216.73,199.47,5.6,0.17,0.54,0.62,-1.3,RESISTANCE_PROBE,UNRESOLVED,3,-3.34,-3.24,-12.58,6.69,1.18,3.54
TDPOWERSYS,2025-04-15,215.07,75.0,45.0,1.43,48.7,1.49,0.86,216.73,184.35,0.8,0.85,0.73,0.67,-13.4,RESISTANCE_PROBE,CONFIRMED_BREAKOUT,3,1.46,1.58,-1.7,0.17,12.85,12.03
TDPOWERSYS,2025-04-21,216.64,75.0,75.0,1.49,53.8,0.82,0.62,216.73,206.67,0.0,0.62,0.41,0.65,-13.4,RESISTANCE_PROBE,CONFIRMED_BREAKOUT,1,-1.14,-2.41,-0.93,-8.38,10.46,11.74
TDPOWERSYS,2025-05-16,244.79,50.0,35.0,2.4,59.0,1.27,2.09,242.1,213.25,-1.1,0.28,1.53,1.86,5.8,RESISTANCE_PROBE,CONFIRMED_BREAKOUT,1,1.35,-2.24,-0.95,6.02,3.17,1.79
TDPOWERSYS,2025-05-21,246.01,75.0,80.0,2.22,57.5,0.84,1.66,254.0,245.63,3.1,0.88,0.61,1.15,-2.6,FTF_COILING,FAILED_BREAKOUT,3,-1.98,-1.44,-0.94,2.7,6.42,10.54
TDPOWERSYS,2025-05-30,259.53,75.0,90.0,1.69,57.5,0.78,1.36,254.0,236.44,-2.2,0.48,1.25,1.64,-3.6,RESISTANCE_PROBE,CONFIRMED_BREAKOUT,1,-3.3,-3.9,-4.52,-2.7,-3.0,0.31
TDPOWERSYS,2025-06-11,254.85,75.0,95.0,1.35,57.5,0.87,0.43,262.72,245.31,3.0,0.57,1.49,1.0,3.9,RESISTANCE_PROBE,UNRESOLVED,3,-2.84,-0.91,2.73,1.71,-3.12,-2.96
TDPOWERSYS,2025-06-16,254.43,75.0,70.0,1.35,55.0,1.16,0.86,261.48,245.96,2.7,0.91,0.36,0.47,0.7,FTF_COILING,CONFIRMED_BREAKOUT,2,1.61,2.9,1.4,-2.18,-3.2,-5.93
TDPOWERSYS,2025-06-19,256.49,75.0,45.0,1.48,60.0,1.2,0.76,261.48,245.96,1.9,0.21,0.83,0.56,0.7,FTF_COILING,UNRESOLVED,3,0.06,0.58,4.92,-4.1,-3.05,-2.66
TDPOWERSYS,2025-06-24,255.47,75.0,55.0,1.48,60.0,1.0,0.81,261.48,245.96,2.3,0.11,0.42,0.61,0.7,FTF_COILING,CONFIRMED_BREAKOUT,2,1.46,5.34,-2.57,-6.4,-4.51,-9.36
TDPOWERSYS,2025-08-01,251.92,75.0,30.0,1.32,47.5,1.7,1.29,261.52,230.21,3.7,0.31,1.08,1.08,1.0,RESISTANCE_PROBE,UNRESOLVED,3,1.42,0.02,-6.36,1.34,1.66,0.19
TDPOWERSYS,2025-08-06,255.64,75.0,45.0,1.19,47.5,1.23,1.22,261.52,249.5,2.2,0.48,2.87,1.11,1.0,FTF_COILING,FAILED_BREAKOUT,2,-0.86,-7.72,-1.29,0.12,7.25,16.22
TDPOWERSYS,2025-08-13,252.35,75.0,35.0,1.11,42.5,1.25,1.55,261.33,232.61,3.4,0.87,0.65,1.39,-5.8,RESISTANCE_PROBE,UNRESOLVED,3,0.54,1.17,1.42,-0.78,9.06,5.93
TDPOWERSYS,2025-08-19,259.8,75.0,65.0,1.25,45.0,0.76,0.84,261.33,244.96,0.6,0.92,0.72,1.08,-5.8,RESISTANCE_PROBE,UNRESOLVED,3,-1.7,-1.49,-4.2,5.88,3.32,3.88
TDPOWERSYS,2025-08-22,258.41,75.0,55.0,1.18,45.0,0.79,0.59,261.33,252.44,1.1,0.31,1.2,0.89,-5.8,RESISTANCE_PROBE,UNRESOLVED,3,0.54,-3.68,-0.94,8.98,4.63,7.53
TDPOWERSYS,2025-09-03,275.07,75.0,100.0,1.37,52.5,1.04,0.71,279.39,247.46,1.5,0.8,5.45,1.0,11.2,RESISTANCE_PROBE,UNRESOLVED,3,-2.32,-0.33,0.45,-2.41,8.52,6.01
TDPOWERSYS,2025-09-08,281.61,75.0,70.0,1.58,52.5,1.32,2.12,282.88,267.19,0.5,0.95,1.05,1.05,5.4,FTF_COILING,UNRESOLVED,3,-2.83,-1.88,-2.65,-3.99,12.06,14.41
TDPOWERSYS,2025-09-11,275.84,75.0,45.0,1.6,50.0,1.15,1.15,282.88,267.19,2.5,0.19,0.43,0.73,2.4,FTF_COILING,CONFIRMED_BREAKOUT,1,-0.23,-0.61,-3.38,4.07,8.59,8.84
TDPOWERSYS,2025-09-16,271.38,75.0,45.0,1.5,47.5,1.04,0.66,282.88,271.95,4.1,0.3,0.72,0.65,2.4,RESISTANCE_PROBE,UNRESOLVED,3,-1.08,-1.79,1.69,8.62,16.67,14.66
TDPOWERSYS,2025-09-19,276.12,75.0,95.0,1.46,50.0,1.06,0.75,282.88,267.19,2.4,0.77,1.27,0.67,-0.3,FTF_COILING,CONFIRMED_BREAKOUT,3,-2.08,-0.05,3.56,15.01,16.7,12.5
TDPOWERSYS,2025-09-25,287.07,75.0,70.0,1.57,55.0,0.96,0.96,282.88,269.41,-1.5,0.57,0.63,0.73,-0.3,RESISTANCE_PROBE,CONFIRMED_BREAKOUT,1,-0.39,0.18,11.72,4.34,12.23,12.68
TDPOWERSYS,2025-09-30,294.78,75.0,80.0,1.6,57.5,0.87,0.89,296.3,281.98,0.5,0.83,0.83,1.0,4.5,RESISTANCE_PROBE,CONFIRMED_BREAKOUT,2,1.27,8.8,4.73,7.4,15.73,6.37
TDPOWERSYS,2025-10-06,317.55,75.0,45.0,2.0,57.5,1.18,1.7,329.15,287.09,3.5,0.29,0.69,1.0,10.6,RESISTANCE_PROBE,UNRESOLVED,3,-0.62,-2.78,-6.47,1.48,28.84,34.14
TDPOWERSYS,2025-10-16,317.95,75.0,75.0,2.19,52.5,1.04,0.68,329.15,290.71,3.4,0.55,0.76,1.0,9.4,RESISTANCE_PROBE,UNRESOLVED,3,3.19,1.35,0.74,21.59,23.26,20.48
TDPOWERSYS,2025-10-21,325.28,75.0,45.0,2.54,52.5,1.14,1.11,333.62,313.74,2.5,0.38,0.13,1.0,3.7,RESISTANCE_PROBE,UNRESOLVED,3,-0.86,-1.53,2.63,22.52,16.52,17.64
TDPOWERSYS,2025-10-27,322.19,75.0,55.0,2.28,50.0,0.91,0.84,333.62,319.3,3.4,0.36,0.61,1.0,0.9,RESISTANCE_PROBE,CONFIRMED_BREAKOUT,2,0.41,3.62,26.41,20.59,17.93,13.81
TDPOWERSYS,2025-10-30,341.15,75.0,95.0,2.39,52.5,1.07,0.74,345.74,316.95,1.3,0.77,1.69,1.0,7.6,RESISTANCE_PROBE,CONFIRMED_BREAKOUT,1,13.32,19.38,14.3,15.04,13.76,0.39
TDPOWERSYS,2025-11-04,409.13,75.0,70.0,4.77,55.0,1.89,4.11,424.04,380.51,3.5,0.51,1.65,1.65,7.5,FTF_COILING,UNRESOLVED,3,-2.59,-4.69,0.16,-6.94,-6.69,-2.56
TDPOWERSYS,2025-11-12,409.77,75.0,80.0,4.15,55.0,1.04,1.09,418.58,375.93,2.1,0.82,0.49,0.53,-2.7,RESISTANCE_PROBE,UNRESOLVED,3,-5.23,-4.22,-7.09,-3.01,-17.02,-13.24
TDPOWERSYS,2026-02-03,408.33,75.0,45.0,1.14,43.6,1.78,1.82,424.04,320.84,3.7,0.53,3.08,1.0,27.3,RESISTANCE_PROBE,UNRESOLVED,3,0.5,-0.96,4.25,6.22,7.22,11.89
TDPOWERSYS,2026-02-11,434.55,75.0,75.0,1.46,46.2,1.2,1.92,443.97,396.74,2.1,0.83,1.56,1.56,9.5,FTF_COILING,UNRESOLVED,3,-2.7,-4.08,0.1,1.03,-6.59,-5.41
TDPOWERSYS,2026-02-16,429.13,75.0,45.0,1.67,46.2,1.1,1.78,443.97,396.74,3.3,0.65,0.74,0.77,5.1,FTF_COILING,CONFIRMED_BREAKOUT,3,1.07,1.36,5.2,3.58,-4.87,-7.56
TDPOWERSYS,2026-02-19,441.62,75.0,60.0,2.02,48.7,0.86,0.81,443.97,396.74,0.5,0.33,1.39,0.74,5.1,FTF_COILING,CONFIRMED_BREAKOUT,2,-0.18,2.23,-0.29,-0.61,-2.36,-4.49
TDPOWERSYS,2026-02-27,451.21,75.0,80.0,2.06,53.8,0.85,1.12,466.04,441.07,3.2,0.6,1.08,0.53,-0.5,FTF_COILING,UNRESOLVED,3,-1.49,-2.97,-6.41,-12.01,-4.51,-2.45
TDPOWERSYS,2026-04-07,439.7,75.0,90.0,2.58,57.5,0.87,0.76,447.06,429.11,1.6,0.8,1.15,1.15,2.5,FTF_COILING,CONFIRMED_BREAKOUT,1,0.49,-0.31,7.0,20.73,32.26,31.61
TDPOWERSYS,2026-04-10,462.85,75.0,80.0,2.92,60.0,1.07,0.95,463.87,437.07,0.2,0.62,3.9,0.97,0.3,FTF_COILING,CONFIRMED_BREAKOUT,2,-1.19,1.65,11.23,17.61,27.21,25.14
TDPOWERSYS,2026-05-08,609.21,75.0,35.0,2.32,69.2,1.21,0.86,643.97,567.25,5.4,0.1,0.63,0.63,4.8,RESISTANCE_PROBE,UNRESOLVED,3,-3.35,-4.32,7.52,6.18,7.64,11.64
TDPOWERSYS,2026-05-29,658.66,75.0,75.0,2.72,65.8,0.85,0.57,689.13,641.67,4.4,0.52,0.89,1.0,2.6,RESISTANCE_PROBE,FAILED_BREAKOUT,1,-6.67,-6.34,-0.44,-9.54,-4.82,1.98
TDPOWERSYS,2026-06-04,662.1,75.0,70.0,2.77,63.2,1.04,0.9,689.13,595.92,3.9,0.56,0.62,1.0,11.1,RESISTANCE_PROBE,UNRESOLVED,3,-0.96,-7.52,-15.05,-4.26,-10.15,-3.25
TDPOWERSYS,2026-06-23,676.39,75.0,95.0,2.11,60.5,0.93,0.55,689.13,605.91,1.8,0.63,1.28,1.0,11.6,RESISTANCE_PROBE,UNRESOLVED,3,-6.74,-7.31,-8.55,-17.24,-16.61,-10.03
TDPOWERSYS,2026-08-12,740.05,75.0,80.0,1.7,56.4,1.5,1.01,765.0,607.5,3.3,0.71,6.7,1.0,21.8,RESISTANCE_PROBE,CONFIRMED_BREAKOUT,3,0.1,0.3,4.43,-1.66,2.03,-2.49
TDPOWERSYS,2026-08-17,774.4,75.0,80.0,2.04,56.4,1.47,2.41,784.9,679.2,1.3,0.8,1.34,1.0,14.0,RESISTANCE_PROBE,CONFIRMED_BREAKOUT,1,2.44,-0.21,0.74,0.34,3.94,1.46
TDPOWERSYS,2026-08-24,780.1,75.0,70.0,2.3,60.0,0.76,1.19,798.85,745.0,2.3,0.59,0.34,1.0,4.7,RESISTANCE_PROBE,FAILED_BREAKOUT,1,-6.5,-6.7,-0.4,-5.89,-4.2,2.45
TDPOWERSYS,2026-08-31,777.0,75.0,75.0,2.07,62.5,1.0,0.57,798.85,722.4,2.7,0.62,0.9,1.0,7.6,RESISTANCE_PROBE,UNRESOLVED,3,-2.44,-5.4,-5.51,3.59,-7.08,-0.08
TECHM,2024-12-30,1649.04,75.0,85.0,1.19,50.0,1.04,0.61,1712.37,1601.49,3.7,0.59,3.72,0.76,-4.3,RESISTANCE_PROBE,UNRESOLVED,3,-1.99,-2.13,-3.13,-4.66,-4.99,-4.23
TECHM,2025-01-02,1635.88,75.0,60.0,1.18,50.0,1.17,1.1,1680.07,1604.48,2.6,0.78,0.71,0.6,0.6,FTF_COILING,UNRESOLVED,3,-2.17,-2.35,-4.87,-2.28,-3.29,-0.06
TECHM,2025-05-14,1518.65,75.0,70.0,1.02,53.8,1.02,0.88,1516.47,1482.56,-0.1,0.8,0.9,0.9,2.4,FTF_COILING,CONFIRMED_BREAKOUT,1,1.62,0.86,-0.31,-1.43,2.14,0.52
TECHM,2025-05-19,1513.54,75.0,45.0,1.1,53.8,0.85,1.03,1516.47,1482.56,0.2,0.14,0.27,0.82,2.4,FTF_COILING,UNRESOLVED,3,-1.36,0.03,0.23,-3.05,6.01,8.19
TECHM,2025-05-22,1483.04,75.0,50.0,1.1,52.5,0.99,0.66,1516.47,1482.56,2.2,0.24,0.82,0.64,0.7,FTF_COILING,UNRESOLVED,3,0.94,2.29,2.2,-0.18,7.56,5.75
TECHM,2025-05-27,1508.42,75.0,65.0,1.18,55.0,0.96,0.57,1516.47,1482.56,0.5,0.54,0.82,0.63,0.0,FTF_COILING,UNRESOLVED,3,-0.76,0.48,-3.05,1.16,5.32,6.56
TECHM,2025-05-30,1490.9,75.0,35.0,1.22,55.0,0.79,0.52,1516.47,1482.56,1.7,0.22,1.66,0.67,0.0,FTF_COILING,UNRESOLVED,3,-1.58,-1.91,-0.18,5.41,6.39,7.56
TECHM,2025-06-16,1604.57,75.0,80.0,1.82,65.0,1.51,1.05,1547.36,1519.98,-3.7,0.78,1.23,1.52,3.7,RESISTANCE_PROBE,CONFIRMED_BREAKOUT,1,1.46,0.99,-0.71,-0.41,-5.22,-6.58
TECHM,2025-06-30,1598.03,50.0,80.0,1.65,55.0,0.96,1.16,1612.05,1574.92,0.9,0.92,0.7,0.7,1.5,FTF_COILING,UNRESOLVED,3,-0.94,-0.59,-1.98,-4.83,-12.44,-11.65
TECHM,2025-07-03,1583.73,50.0,55.0,1.32,52.5,0.82,1.34,1612.05,1574.92,1.8,0.08,0.78,0.79,0.5,FTF_COILING,UNRESOLVED,3,0.81,-1.1,-2.55,-4.76,-10.85,-10.5
TECHM,2025-07-08,1577.46,50.0,60.0,1.14,55.0,0.79,0.86,1612.05,1574.92,2.1,0.66,0.61,0.74,-0.5,FTF_COILING,FAILED_BREAKOUT,2,-1.26,-2.16,-3.45,-5.39,-9.17,-7.17
TECHM,2025-09-19,1498.75,75.0,80.0,0.93,50.0,0.83,0.76,1511.39,1487.18,0.8,0.77,1.77,1.77,0.8,FTF_COILING,FAILED_BREAKOUT,1,-3.11,-5.27,-9.4,-7.37,-6.07,-3.05
TECHM,2025-10-24,1416.88,50.0,20.0,0.83,47.5,0.84,0.95,1449.82,1423.9,2.3,0.21,0.56,0.56,-0.5,FTF_COILING,UNRESOLVED,3,0.63,-0.43,-2.02,-3.85,2.82,2.93
TECHM,2025-10-29,1415.42,50.0,50.0,0.95,50.0,0.96,0.81,1449.82,1423.9,2.4,0.52,0.81,0.67,-0.9,FTF_COILING,FAILED_BREAKOUT,2,-1.27,-1.91,-2.66,-0.06,3.97,6.0
TECHM,2025-11-12,1419.22,75.0,80.0,1.04,50.0,1.09,1.16,1449.82,1348.55,2.1,0.91,1.64,1.06,-5.1,RESISTANCE_PROBE,UNRESOLVED,3,-0.32,-1.16,-1.52,4.42,6.5,6.75
TECHM,2025-11-25,1456.84,75.0,50.0,1.45,53.8,1.23,1.94,1475.46,1424.77,1.3,0.61,0.72,0.72,2.3,FTF_COILING,UNRESOLVED,3,1.72,1.01,2.81,4.48,9.25,7.63
TECHM,2025-11-28,1478.87,75.0,60.0,1.42,56.4,1.14,1.38,1475.46,1424.77,-0.2,0.63,0.54,0.67,2.3,FTF_COILING,CONFIRMED_BREAKOUT,2,0.8,1.28,3.53,4.03,6.27,4.93
TECHM,2025-12-03,1502.65,75.0,75.0,1.67,59.0,0.83,0.75,1475.46,1465.61,-1.8,0.56,0.92,0.67,2.3,RESISTANCE_PROBE,CONFIRMED_BREAKOUT,1,1.34,1.89,0.59,2.45,4.28,2.91
TECHM,2026-01-09,1542.12,75.0,60.0,2.64,66.7,1.42,0.59,1591.44,1534.62,3.1,0.14,1.32,1.32,0.5,FTF_COILING,UNRESOLVED,3,0.25,2.06,5.58,7.51,2.5,2.09
TECHM,2026-01-14,1548.27,75.0,55.0,3.3,69.2,1.31,0.9,1591.44,1534.62,2.7,0.18,1.33,1.39,0.5,FTF_COILING,CONFIRMED_BREAKOUT,2,0.0,5.16,6.18,11.33,-3.27,-8.02
TECHM,2026-01-23,1658.01,75.0,60.0,4.23,69.2,1.13,2.26,1669.22,1640.08,0.7,0.58,0.96,0.96,1.1,FTF_COILING,CONFIRMED_BREAKOUT,1,2.59,3.63,1.35,-4.67,-15.3,-17.43
TECHM,2026-03-27,1356.35,25.0,20.0,0.88,38.5,1.15,1.35,1392.51,1357.72,2.6,0.17,1.17,1.17,-0.1,FTF_COILING,UNRESOLVED,3,-0.55,0.93,5.88,6.63,4.9,1.27
TECHM,2026-04-02,1404.99,25.0,45.0,0.69,41.0,1.09,1.25,1385.98,1332.47,-1.4,0.91,1.1,0.73,2.7,RESISTANCE_PROBE,CONFIRMED_BREAKOUT,1,0.55,2.21,-0.09,4.36,2.09,1.52
TECHM,2026-04-23,1385.49,25.0,30.0,0.53,46.2,1.15,1.48,1464.74,1368.54,5.4,0.13,1.42,1.42,1.2,RESISTANCE_PROBE,FAILED_BREAKOUT,1,-4.43,-1.79,3.66,1.88,-0.11,4.53
TECHM,2026-04-29,1422.82,50.0,70.0,0.61,51.3,1.15,1.78,1464.74,1313.27,2.9,0.93,1.25,1.03,-3.2,RESISTANCE_PROBE,UNRESOLVED,3,0.94,0.94,0.47,-5.81,-0.29,-1.09
TECHM,2026-05-04,1434.33,50.0,35.0,0.69,53.8,0.76,0.81,1464.74,1369.61,2.1,0.44,0.59,0.91,-3.2,RESISTANCE_PROBE,UNRESOLVED,3,-1.32,-0.33,-0.96,-2.83,4.87,6.56
TECHM,2026-05-07,1411.52,50.0,35.0,0.73,53.8,0.66,0.48,1464.74,1410.45,3.6,0.13,0.49,0.76,-3.2,RESISTANCE_PROBE,FAILED_BREAKOUT,3,1.02,0.64,-7.24,-1.95,2.7,6.78
TECHM,2026-05-26,1421.75,50.0,70.0,1.04,51.3,0.82,0.92,1468.63,1408.98,3.2,0.8,0.79,0.5,-1.8,FTF_COILING,UNRESOLVED,3,-0.21,-0.21,7.73,1.72,-2.95,-4.6
TECHM,2026-05-29,1446.31,75.0,85.0,1.04,52.6,0.69,0.41,1468.63,1408.98,1.5,0.65,1.82,0.52,-1.8,FTF_COILING,CONFIRMED_BREAKOUT,1,4.0,5.9,-0.03,-3.69,-3.15,-6.88
TECHM,2026-07-31,1651.3,75.0,75.0,1.4,48.7,1.09,1.09,1686.6,1638.1,2.1,0.8,1.21,1.21,0.8,FTF_COILING,UNRESOLVED,3,-0.14,-0.17,-0.99,-1.12,-0.63,-0.55
TECHM,2026-08-05,1650.0,75.0,40.0,1.31,48.7,0.84,1.19,1670.0,1634.3,1.2,0.43,0.75,0.7,0.9,FTF_COILING,UNRESOLVED,3,-1.08,-0.91,-1.52,-3.65,-1.64,-1.04
TECHM,2026-08-10,1640.0,75.0,45.0,1.16,53.8,0.79,1.31,1681.5,1634.3,2.5,0.26,0.88,0.88,0.3,FTF_COILING,UNRESOLVED,3,0.18,-0.91,-1.83,-3.41,-4.63,-4.58
TECHM,2026-08-13,1639.0,75.0,80.0,1.25,53.8,0.84,1.33,1681.5,1634.3,2.5,0.48,1.05,0.87,-0.6,FTF_COILING,FAILED_BREAKOUT,3,-0.38,-1.77,-2.86,-3.29,-6.91,-4.16
TECHM,2026-08-28,1640.9,75.0,95.0,1.37,53.8,1.18,0.64,1681.5,1562.0,2.4,0.98,1.31,0.73,-3.9,RESISTANCE_PROBE,UNRESOLVED,3,-0.79,-0.18,-2.68,-6.09,-5.66,-4.62
THERMAX,2025-03-19,3358.38,25.0,35.0,0.96,41.0,1.03,0.96,3453.5,3211.87,2.8,0.59,0.88,0.52,0.1,FTF_COILING,CONFIRMED_BREAKOUT,1,4.19,3.26,2.72,4.84,1.87,-2.23
THERMAX,2025-03-24,3436.1,50.0,40.0,1.04,41.0,0.88,1.12,3556.07,3434.06,3.4,0.07,1.07,1.07,0.1,FTF_COILING,CONFIRMED_BREAKOUT,1,2.98,0.39,2.48,-6.99,-0.58,-3.46
THERMAX,2025-03-27,3746.27,50.0,45.0,1.0,41.0,1.26,1.53,3643.51,3422.16,-2.8,0.67,1.36,0.67,-0.1,RESISTANCE_PROBE,CONFIRMED_BREAKOUT,1,-3.25,-6.0,-6.1,-14.06,-12.85,-9.93
THERMAX,2025-06-10,3528.3,50.0,55.0,1.96,60.0,0.87,1.56,3575.61,3492.39,1.3,0.23,0.67,0.67,1.0,FTF_COILING,CONFIRMED_BREAKOUT,1,-0.18,0.38,-2.32,-2.75,-2.52,-2.34
THERMAX,2025-06-13,3522.15,50.0,70.0,1.76,55.0,0.97,1.45,3630.37,3506.37,3.0,0.68,0.38,0.57,1.0,FTF_COILING,UNRESOLVED,3,-0.54,-2.15,-3.6,-5.72,-2.02,-0.85
THERMAX,2025-06-19,3507.27,50.0,70.0,1.93,50.0,1.11,0.4,3630.37,3506.37,3.4,0.24,1.26,0.39,-1.7,FTF_COILING,FAILED_BREAKOUT,1,-3.19,-1.64,-2.06,-1.47,10.34,13.98
THERMAX,2025-11-06,3242.76,50.0,25.0,0.32,45.0,0.93,0.38,3302.51,3199.43,1.8,0.44,0.63,0.63,1.4,FTF_COILING,FAILED_BREAKOUT,2,-2.0,-3.61,-7.12,-8.84,-11.88,-8.59
THERMAX,2026-01-09,3011.1,50.0,50.0,0.83,50.0,1.16,1.14,3107.31,3030.22,3.1,0.58,1.16,1.16,-0.6,FTF_COILING,FAILED_BREAKOUT,1,-2.45,-1.96,-2.83,-6.36,-2.09,0.37
THERMAX,2026-02-17,3041.78,50.0,80.0,1.48,55.0,1.13,1.49,3077.43,2738.62,1.2,0.93,1.03,1.27,-2.4,RESISTANCE_PROBE,CONFIRMED_BREAKOUT,3,1.25,-1.55,3.08,-1.27,7.37,4.04
THERMAX,2026-03-17,3225.23,50.0,75.0,1.3,50.0,0.93,1.62,3316.46,3213.08,2.8,0.43,2.68,2.68,0.4,FTF_COILING,UNRESOLVED,3,1.26,-0.03,-1.45,1.77,29.24,29.68
THERMAX,2026-03-25,3235.98,50.0,60.0,1.35,52.5,1.11,1.4,3333.59,3037.59,2.9,0.46,0.81,0.75,-3.2,RESISTANCE_PROBE,UNRESOLVED,3,-1.61,0.35,0.84,19.13,23.58,20.02
THERMAX,2026-04-01,3331.79,75.0,70.0,1.55,52.5,1.09,1.25,3326.41,3130.22,-0.2,0.91,0.89,0.89,6.4,FTF_COILING,UNRESOLVED,3,-1.49,-2.06,5.67,23.79,21.89,26.88
THERMAX,2026-04-07,3200.73,25.0,55.0,1.42,50.0,0.96,1.26,3326.41,3195.55,3.8,0.25,0.58,0.66,4.3,RESISTANCE_PROBE,CONFIRMED_BREAKOUT,2,2.42,10.0,27.11,26.12,26.86,15.33
THERMAX,2026-04-21,4108.32,75.0,60.0,2.34,57.5,1.17,1.88,4287.49,4024.16,4.2,0.45,0.97,0.97,1.6,RESISTANCE_PROBE,UNRESOLVED,3,-1.75,-1.59,-2.66,-0.28,7.07,10.24
THERMAX,2026-04-27,4139.39,75.0,80.0,2.29,55.0,0.93,0.96,4287.49,4045.28,3.5,0.85,0.82,0.59,-1.4,FTF_COILING,UNRESOLVED,3,-3.39,-4.0,0.57,9.35,6.72,8.78
THERMAX,2026-05-04,4162.8,75.0,95.0,2.45,59.0,0.77,0.67,4287.49,3906.55,2.9,0.83,1.04,0.56,-1.8,RESISTANCE_PROBE,UNRESOLVED,3,-1.58,-2.46,8.74,5.11,19.45,19.38
THERMAX,2026-05-07,4165.29,75.0,95.0,2.37,56.4,0.67,0.66,4287.49,4040.2,2.9,0.47,1.43,0.56,-1.8,RESISTANCE_PROBE,CONFIRMED_BREAKOUT,1,11.84,8.67,9.93,9.39,16.58,4.24
THERMAX,2026-06-02,4949.49,75.0,70.0,3.53,57.9,1.1,1.68,5054.36,4571.93,2.1,0.83,0.64,1.0,8.3,RESISTANCE_PROBE,UNRESOLVED,3,-3.73,-1.89,-4.62,-5.13,3.82,6.78
THERMAX,2026-06-05,4812.45,75.0,45.0,3.38,55.3,1.1,1.81,5054.36,4702.89,4.8,0.26,0.56,1.0,2.3,RESISTANCE_PROBE,UNRESOLVED,3,-2.81,-1.91,-2.19,-2.68,-4.26,-1.54
THERMAX,2026-06-29,5104.25,75.0,95.0,2.55,50.0,1.17,0.48,5256.33,4661.96,2.9,0.71,3.86,1.0,9.5,RESISTANCE_PROBE,UNRESOLVED,3,0.67,-0.09,-7.2,-8.64,-12.73,-9.04
TITAGARH,2025-04-25,776.69,50.0,35.0,1.21,48.7,0.95,0.95,828.17,781.13,6.2,0.18,1.67,1.67,-2.5,RESISTANCE_PROBE,FAILED_BREAKOUT,3,-0.24,-1.4,-5.82,-4.41,16.98,21.9
TITAGARH,2025-05-14,804.97,50.0,55.0,1.08,43.6,1.31,0.95,827.52,665.71,2.7,0.92,2.67,1.05,-10.5,RESISTANCE_PROBE,CONFIRMED_BREAKOUT,2,0.27,13.13,12.1,12.96,16.04,2.57
TITAGARH,2025-05-28,909.27,50.0,55.0,1.9,50.0,0.81,1.41,972.02,885.38,6.5,0.07,0.92,1.02,-3.7,RESISTANCE_PROBE,UNRESOLVED,3,-0.03,-2.18,2.04,2.73,1.42,1.82
TITAGARH,2025-06-06,938.65,50.0,70.0,1.98,50.0,0.81,1.27,972.02,878.9,3.4,0.62,0.5,0.89,-3.7,RESISTANCE_PROBE,UNRESOLVED,3,1.39,0.33,-4.47,-7.97,0.03,0.52
TITAGARH,2025-09-16,937.63,50.0,60.0,2.07,57.5,1.1,1.66,963.84,927.39,2.7,0.47,0.85,0.85,1.1,FTF_COILING,UNRESOLVED,3,0.37,0.83,-1.88,-7.02,-5.17,-6.81
TITAGARH,2025-09-19,954.21,50.0,80.0,2.32,62.5,0.91,1.11,963.84,927.39,1.0,0.83,0.69,0.64,1.1,FTF_COILING,FAILED_BREAKOUT,3,-2.25,-3.59,-7.97,-5.91,-7.56,-1.57
TITAGARH,2025-11-04,878.25,25.0,55.0,1.54,50.0,1.16,0.78,917.9,881.44,4.3,0.13,1.07,1.07,-1.6,RESISTANCE_PROBE,FAILED_BREAKOUT,1,-2.66,-4.09,-0.03,-0.86,-9.68,-7.21
TITAGARH,2025-11-17,878.8,25.0,40.0,1.75,47.5,1.22,0.91,917.9,844.99,4.3,0.35,2.03,1.23,-5.6,RESISTANCE_PROBE,UNRESOLVED,3,-1.15,-0.93,-4.05,-6.47,-10.27,-8.85
TITAGARH,2025-12-24,853.58,50.0,55.0,1.28,47.5,1.27,1.71,858.37,812.18,0.6,0.6,3.01,3.01,5.1,FTF_COILING,CONFIRMED_BREAKOUT,1,5.05,6.2,3.18,-3.49,-6.92,-11.39
TITAGARH,2025-12-30,877.45,50.0,35.0,1.65,50.0,1.54,3.34,920.9,832.25,4.7,0.14,2.11,2.11,-1.4,RESISTANCE_PROBE,UNRESOLVED,3,1.53,0.37,-2.17,-9.84,-7.07,-8.31
TITAGARH,2026-04-09,707.75,50.0,20.0,2.45,42.5,1.38,5.27,727.13,704.16,2.7,0.19,0.54,0.54,0.5,FTF_COILING,UNRESOLVED,3,0.23,-1.67,4.58,6.78,18.54,17.06
TITAGARH,2026-04-15,716.69,50.0,55.0,2.56,42.5,0.8,5.23,727.13,704.16,1.4,0.59,0.46,0.39,-1.2,FTF_COILING,CONFIRMED_BREAKOUT,1,2.77,3.28,3.55,9.57,7.85,4.94
TITAGARH,2026-05-07,843.29,75.0,50.0,4.29,59.0,1.31,2.69,861.67,829.56,2.1,0.66,0.58,0.58,1.7,FTF_COILING,FAILED_BREAKOUT,3,-0.52,-3.43,-8.58,-10.83,2.33,11.6
TITAGARH,2026-05-25,831.1,75.0,95.0,4.29,56.4,1.09,0.29,861.67,720.34,3.5,0.89,3.89,0.37,-11.0,RESISTANCE_PROBE,UNRESOLVED,3,-1.87,1.81,-3.68,0.73,10.64,8.66
TITAGARH,2026-06-05,836.9,75.0,50.0,4.4,52.6,1.09,0.6,876.45,789.05,4.5,0.09,0.58,0.58,-1.2,RESISTANCE_PROBE,UNRESOLVED,3,0.03,0.99,2.48,10.09,4.7,5.22
TITAGARH,2026-06-12,857.62,50.0,85.0,4.95,50.0,0.94,0.37,876.45,813.17,2.1,0.92,0.82,0.6,-3.0,RESISTANCE_PROBE,CONFIRMED_BREAKOUT,2,0.19,4.17,7.43,3.47,-2.66,-6.56
TITAGARH,2026-08-14,830.35,50.0,45.0,1.74,43.6,1.0,0.67,868.86,825.01,4.4,0.06,0.78,0.78,-1.3,RESISTANCE_PROBE,UNRESOLVED,3,-1.25,1.21,1.47,0.48,1.3,1.25
TITAGARH,2026-08-20,848.28,50.0,65.0,1.76,46.2,1.15,0.82,868.86,811.73,2.4,0.55,1.52,0.96,-2.5,RESISTANCE_PROBE,UNRESOLVED,3,-0.68,-0.92,-2.14,-0.6,-2.61,-0.61
TITAGARH,2026-08-25,831.2,50.0,20.0,1.14,42.5,1.07,0.81,863.96,836.7,3.8,0.18,0.62,0.62,-0.7,RESISTANCE_PROBE,UNRESOLVED,3,-0.82,-0.13,0.21,5.84,0.32,-0.06
TITAGARH,2026-08-28,834.35,50.0,45.0,1.01,45.0,0.95,0.93,863.96,837.0,3.4,0.52,0.57,0.87,-1.5,FTF_COILING,FAILED_BREAKOUT,1,-2.06,-0.17,4.37,0.81,-1.41,0.67
TITAN,2025-01-07,3483.15,50.0,35.0,1.16,50.0,1.28,1.0,3506.41,3419.65,0.7,0.22,2.35,2.35,1.9,FTF_COILING,UNRESOLVED,3,-0.6,-0.51,-5.21,-4.33,2.15,4.07
TITAN,2025-02-03,3557.88,75.0,55.0,1.46,50.0,1.32,1.01,3612.39,3386.66,1.5,0.31,1.62,1.62,5.1,FTF_COILING,UNRESOLVED,3,0.49,-2.5,-7.06,-9.69,-14.85,-10.62
TITAN,2025-03-24,3059.82,50.0,35.0,0.9,43.6,1.05,0.92,3170.03,3135.2,3.5,0.04,1.81,1.81,-2.4,FTF_COILING,FAILED_BREAKOUT,1,-0.82,-0.7,-2.99,1.4,9.29,10.2
TITAN,2025-03-27,3068.32,50.0,75.0,1.01,43.6,0.89,1.43,3156.06,3055.75,2.8,0.8,1.75,1.25,-0.7,FTF_COILING,FAILED_BREAKOUT,2,-0.79,-3.26,-0.37,6.02,9.46,13.15
TITAN,2025-04-02,3079.05,50.0,55.0,0.99,41.0,1.16,1.24,3156.06,2963.33,2.4,0.95,1.69,1.25,-2.9,RESISTANCE_PROBE,UNRESOLVED,3,0.94,-0.72,2.44,7.67,6.48,9.17
TITAN,2025-04-08,3102.75,50.0,30.0,1.01,41.0,1.66,1.25,3156.06,2906.69,1.7,0.17,2.59,1.26,-2.9,RESISTANCE_PROBE,CONFIRMED_BREAKOUT,2,1.66,3.61,6.57,7.78,14.11,10.14
TITAN,2025-04-15,3252.9,75.0,35.0,1.13,46.2,1.42,1.42,3207.04,3071.35,-1.4,0.71,0.97,0.91,2.4,RESISTANCE_PROBE,CONFIRMED_BREAKOUT,1,-0.04,1.65,2.56,3.25,11.1,11.15
TITAN,2025-08-28,3625.8,75.0,100.0,1.77,55.0,1.01,0.77,3660.79,3577.36,1.0,0.87,1.34,1.34,1.4,FTF_COILING,UNRESOLVED,3,-0.24,-0.53,1.47,-1.47,-7.13,-6.69
TITAN,2025-09-02,3608.76,75.0,55.0,1.53,52.5,1.05,0.85,3660.79,3577.36,1.4,0.29,0.72,0.87,0.8,FTF_COILING,CONFIRMED_BREAKOUT,2,1.93,1.95,0.26,-1.76,-7.0,-8.78
TITAN,2025-09-05,3653.31,75.0,60.0,1.27,57.5,1.02,0.73,3660.79,3577.36,0.2,0.13,0.61,0.87,0.8,FTF_COILING,UNRESOLVED,3,-0.2,-0.96,-2.55,-5.4,-6.55,-5.39
TITAN,2025-09-10,3608.76,75.0,50.0,1.11,55.0,0.86,0.74,3660.79,3577.36,1.4,0.31,0.63,0.8,0.8,FTF_COILING,UNRESOLVED,3,-1.01,-1.35,-2.7,-5.59,-1.93,0.47
TITAN,2025-09-16,3545.17,75.0,95.0,1.09,50.0,0.98,0.52,3660.79,3577.36,3.2,0.8,1.24,0.74,-1.5,FTF_COILING,FAILED_BREAKOUT,2,-0.95,-1.28,-3.31,-5.34,-0.22,1.07
TITAN,2025-10-16,3628.39,75.0,50.0,0.92,42.5,0.89,0.75,3727.77,3495.03,2.7,0.9,0.95,1.0,3.8,RESISTANCE_PROBE,UNRESOLVED,3,0.95,2.66,2.05,2.92,6.27,3.74
TITAN,2025-10-21,3716.8,75.0,20.0,0.95,40.0,1.02,1.01,3737.64,3528.42,0.6,0.37,0.1,1.0,5.3,RESISTANCE_PROBE,UNRESOLVED,3,1.16,-0.38,0.52,1.22,4.65,4.35
TITAN,2025-10-27,3727.57,75.0,35.0,0.98,40.0,0.83,0.8,3787.57,3693.98,1.6,0.68,0.56,1.0,0.9,RESISTANCE_PROBE,UNRESOLVED,3,-0.61,0.23,-0.41,1.94,3.08,2.78
TITAN,2025-10-30,3738.43,75.0,35.0,0.89,42.5,0.92,1.01,3787.57,3676.04,1.3,0.57,0.48,1.0,1.7,RESISTANCE_PROBE,CONFIRMED_BREAKOUT,3,-0.11,-0.7,0.5,2.09,4.19,2.47
TITAN,2025-11-04,3801.03,75.0,65.0,0.85,40.0,1.04,0.87,3814.48,3655.31,0.4,0.88,2.16,1.0,4.0,RESISTANCE_PROBE,UNRESOLVED,3,-1.03,-1.16,0.99,3.14,0.11,0.39
TITAN,2025-11-10,3790.56,75.0,25.0,0.79,42.5,1.21,1.12,3825.15,3702.85,0.9,0.74,0.61,1.0,2.4,RESISTANCE_PROBE,UNRESOLVED,3,0.25,1.26,1.72,1.87,-0.95,-1.88
TITAN,2025-11-13,3826.64,75.0,25.0,0.83,47.5,0.88,0.67,3864.32,3739.83,1.0,0.44,0.69,1.0,2.3,RESISTANCE_PROBE,UNRESOLVED,3,-0.26,0.77,1.65,1.67,0.15,-0.89
TITAN,2025-11-18,3866.51,75.0,55.0,0.82,50.0,0.92,0.58,3887.24,3787.57,0.5,0.64,0.97,1.0,2.1,RESISTANCE_PROBE,CONFIRMED_BREAKOUT,1,1.39,0.6,-0.62,0.17,1.3,-0.09
TITAN,2025-11-21,3891.43,75.0,55.0,0.91,55.0,0.93,0.75,3943.06,3829.04,1.3,0.52,0.43,1.0,1.6,RESISTANCE_PROBE,UNRESOLVED,3,-0.77,-1.26,0.09,-2.33,0.66,0.83
TITAN,2025-11-26,3884.95,75.0,60.0,0.9,57.5,0.98,0.81,3924.32,3852.36,1.0,0.76,0.42,0.74,-0.3,FTF_COILING,UNRESOLVED,3,0.14,0.26,-2.05,-1.33,0.3,0.37
TITAN,2025-12-01,3882.16,75.0,55.0,0.94,57.5,0.86,0.59,3924.32,3852.36,1.1,0.68,0.72,0.62,-0.3,FTF_COILING,UNRESOLVED,3,-0.23,-1.98,-3.28,-0.74,2.03,4.57
TITAN,2025-12-04,3787.97,75.0,60.0,1.01,55.0,0.93,0.56,3924.32,3852.36,3.5,0.43,1.08,0.73,-1.2,FTF_COILING,FAILED_BREAKOUT,2,0.34,-0.88,1.17,3.13,6.61,7.56
TITAN,2025-12-09,3836.41,75.0,85.0,1.58,57.5,1.26,0.59,3924.32,3852.36,2.2,0.8,1.54,0.77,-2.5,FTF_COILING,UNRESOLVED,3,-0.09,-0.11,2.09,2.0,11.02,10.13
TITAN,2025-12-12,3867.51,75.0,75.0,1.52,52.5,1.18,0.75,3924.32,3852.36,1.4,0.77,0.77,0.85,-2.5,FTF_COILING,UNRESOLVED,3,-0.36,1.27,1.29,2.67,9.06,8.28
TITAN,2025-12-17,3895.12,75.0,30.0,1.63,47.5,1.06,0.82,3943.06,3815.48,1.2,0.39,0.87,1.0,2.1,RESISTANCE_PROBE,UNRESOLVED,3,0.29,0.57,0.04,3.62,8.02,7.31
TITAN,2025-12-22,3920.93,75.0,70.0,1.6,52.5,0.92,0.92,3948.94,3877.28,0.7,0.5,0.86,1.0,1.1,RESISTANCE_PROBE,CONFIRMED_BREAKOUT,3,-0.2,-0.62,1.02,4.52,3.6,2.09
TITAN,2025-12-26,3978.94,75.0,100.0,1.43,50.0,0.9,0.66,3993.8,3887.24,0.4,0.86,1.63,1.0,2.4,RESISTANCE_PROBE,CONFIRMED_BREAKOUT,3,-0.21,-0.45,1.5,5.26,0.75,-0.73
TITAN,2026-01-01,4036.06,75.0,20.0,1.12,47.5,1.1,1.31,4018.51,3964.99,-0.4,0.42,0.58,1.66,-0.1,FTF_COILING,CONFIRMED_BREAKOUT,2,0.06,0.75,4.93,4.25,-1.78,-2.51
TITAN,2026-01-06,4098.35,75.0,80.0,1.14,52.5,1.01,1.06,4018.51,3973.16,-2.0,0.83,1.06,1.12,-0.1,RESISTANCE_PROBE,CONFIRMED_BREAKOUT,1,3.93,3.34,3.1,-0.88,0.78,-3.02
TITAN,2026-01-09,4188.06,75.0,35.0,1.22,50.0,1.42,1.57,4298.0,4188.26,2.6,0.19,0.95,1.15,1.1,FTF_COILING,UNRESOLVED,3,0.71,0.89,-0.12,-4.28,1.33,0.86
TITAN,2026-01-14,4207.69,75.0,55.0,1.22,50.0,1.17,1.6,4298.0,4188.26,2.1,0.15,1.08,0.87,-0.0,FTF_COILING,UNRESOLVED,3,0.0,-0.58,-3.37,-6.68,1.29,3.18
TITAN,2026-02-09,4243.87,75.0,70.0,1.07,51.3,1.31,1.13,4298.0,4049.81,1.3,0.9,1.26,1.0,4.8,RESISTANCE_PROBE,CONFIRMED_BREAKOUT,2,0.27,-0.2,-1.8,0.35,-0.89,-0.68
TITAN,2026-02-12,4261.82,75.0,60.0,1.13,51.3,1.2,1.64,4364.08,4194.24,2.3,0.9,0.95,0.95,1.6,FTF_COILING,UNRESOLVED,3,-2.26,-2.21,-1.81,1.56,-4.74,-3.85
TITAN,2026-02-17,4222.54,75.0,80.0,1.2,51.3,1.05,1.52,4364.08,4194.24,3.2,0.91,0.43,0.63,-0.7,FTF_COILING,UNRESOLVED,3,0.29,-0.9,1.37,-0.76,-2.15,-2.15
TITAN,2026-02-20,4222.54,75.0,85.0,1.24,53.8,0.67,0.5,4364.08,4194.24,3.2,0.7,0.51,0.51,-0.7,FTF_COILING,UNRESOLVED,3,0.86,1.37,2.15,-1.82,-9.05,-10.91
TITAN,2026-02-25,4310.85,75.0,75.0,1.24,59.0,0.62,0.51,4364.08,4194.24,1.2,0.59,0.62,0.51,-0.7,FTF_COILING,UNRESOLVED,3,0.41,0.06,-1.15,-4.52,-7.94,-6.76
TITAN,2026-03-02,4256.33,75.0,65.0,1.12,56.4,0.78,0.72,4364.08,4194.24,2.5,0.56,0.88,0.59,-0.7,FTF_COILING,UNRESOLVED,3,-1.54,0.11,-1.18,-4.21,-4.05,-3.47
TITAN,2026-03-06,4230.72,75.0,25.0,1.09,51.3,1.26,0.91,4364.08,4070.14,3.1,0.23,0.68,1.0,3.9,RESISTANCE_PROBE,UNRESOLVED,3,-2.01,-0.58,-4.04,-3.25,5.84,8.51
TITAN,2026-04-08,4477.81,75.0,70.0,1.19,57.5,1.22,1.31,4490.27,3931.8,0.3,0.94,3.18,1.0,13.9,RESISTANCE_PROBE,UNRESOLVED,3,-1.17,0.28,-0.69,-0.8,-4.12,-2.97
TITAN,2026-04-13,4424.78,75.0,70.0,1.23,52.5,0.97,1.86,4509.1,4295.01,1.9,0.46,0.65,1.0,3.0,RESISTANCE_PROBE,CONFIRMED_BREAKOUT,3,1.87,0.5,0.91,-0.5,-8.65,-10.4
TITAN,2026-04-17,4511.1,75.0,100.0,1.36,55.0,0.92,1.13,4539.11,4376.74,0.6,0.97,1.55,1.0,3.1,RESISTANCE_PROBE,UNRESOLVED,3,-0.29,-1.02,-2.56,-3.11,-7.88,-6.41
TITAN,2026-04-22,4440.03,75.0,30.0,1.16,47.5,0.8,1.25,4539.11,4315.84,2.2,0.2,0.43,1.0,2.9,RESISTANCE_PROBE,UNRESOLVED,3,0.04,-1.0,-0.33,-2.13,-7.82,-7.55
TITAN,2026-04-27,4427.27,75.0,55.0,1.02,47.5,0.69,0.86,4539.11,4347.14,2.5,0.71,0.49,1.0,1.8,RESISTANCE_PROBE,UNRESOLVED,3,-0.56,-0.05,-1.77,-5.32,-6.36,-5.15
TITAN,2026-05-04,4348.73,75.0,35.0,1.04,43.6,0.63,0.59,4539.11,4343.75,4.2,0.11,0.62,1.0,0.1,RESISTANCE_PROBE,UNRESOLVED,3,0.24,-0.08,-3.61,-4.43,-7.76,-6.57
TITAN,2026-05-08,4494.25,75.0,55.0,1.1,46.2,1.49,0.8,4589.94,4247.06,2.1,0.75,4.1,1.0,5.8,RESISTANCE_PROBE,FAILED_BREAKOUT,2,-6.73,-10.06,-7.54,-9.52,-5.52,5.05
TITAN,2026-07-01,4384.21,75.0,70.0,1.0,52.6,0.87,0.6,4589.94,4252.65,4.5,0.07,1.38,1.0,3.1,RESISTANCE_PROBE,UNRESOLVED,3,1.88,1.42,4.27,4.45,10.63,8.51
TITAN,2026-07-06,4469.73,75.0,60.0,1.07,55.3,1.06,0.82,4489.77,4375.74,0.4,0.85,0.78,0.87,1.6,FTF_COILING,CONFIRMED_BREAKOUT,1,2.67,2.27,2.95,3.89,11.86,8.95
TITAN,2026-07-10,4584.4,75.0,50.0,1.15,52.6,1.07,1.27,4679.8,4546.1,2.0,0.56,0.72,0.72,0.8,FTF_COILING,UNRESOLVED,3,0.37,-0.23,1.17,2.02,7.78,7.9
TITAN,2026-07-15,4579.4,75.0,55.0,1.28,52.6,0.9,0.86,4679.8,4546.1,2.1,0.34,0.7,0.76,0.6,FTF_COILING,UNRESOLVED,3,1.01,1.28,2.89,5.91,11.35,9.81
TITAN,2026-07-20,4643.4,75.0,70.0,1.73,57.9,0.62,0.82,4679.8,4546.1,0.8,0.52,0.31,0.83,0.6,FTF_COILING,UNRESOLVED,3,0.98,1.47,2.08,7.68,9.15,7.9
TITAN,2026-07-23,4697.3,75.0,70.0,1.49,59.0,0.63,0.85,4679.8,4546.1,-0.4,0.67,0.47,0.78,0.6,FTF_COILING,CONFIRMED_BREAKOUT,3,-0.43,0.91,3.25,6.4,7.89,4.5
TITAN,2026-07-31,4875.2,75.0,90.0,1.67,59.0,1.04,0.93,4886.0,4712.9,0.2,0.83,1.09,1.0,3.4,RESISTANCE_PROBE,CONFIRMED_BREAKOUT,1,2.56,1.23,1.35,3.71,6.03,3.38
TITAN,2026-08-05,4912.4,75.0,70.0,1.57,61.5,1.2,1.0,5000.0,4820.9,1.8,0.79,0.7,1.0,1.9,RESISTANCE_PROBE,CONFIRMED_BREAKOUT,3,1.74,0.58,3.8,3.17,3.29,-0.31
TITAN,2026-08-11,5128.0,75.0,70.0,2.04,61.5,1.39,1.64,5003.0,4883.9,-2.5,0.49,1.7,3.95,4.1,RESISTANCE_PROBE,CONFIRMED_BREAKOUT,1,-0.57,-1.25,-1.55,-0.06,-2.75,-2.2
TITAN,2026-08-14,5056.2,75.0,35.0,1.66,53.8,1.28,1.77,5168.0,5090.0,2.2,0.22,0.61,0.82,-0.5,FTF_COILING,UNRESOLVED,3,0.24,-0.15,0.59,2.23,-0.92,-1.15
TITAN,2026-08-19,5068.0,75.0,85.0,1.99,56.4,0.65,0.71,5168.0,5090.0,1.9,0.82,0.44,0.64,-0.8,FTF_COILING,UNRESOLVED,3,0.0,0.36,0.63,0.12,-3.15,-3.36
TITAN,2026-08-24,5079.0,75.0,75.0,1.78,59.0,0.58,0.54,5168.0,5090.0,1.7,0.67,0.27,0.58,-0.8,FTF_COILING,UNRESOLVED,3,0.9,0.41,0.46,-1.65,-4.02,-5.14
TITAN,2026-08-27,5139.3,75.0,95.0,1.69,59.0,0.82,0.46,5168.0,5090.0,0.6,0.6,1.25,0.52,-0.8,FTF_COILING,UNRESOLVED,3,0.58,-0.72,-2.19,-2.3,-5.97,-4.31
TITAN,2026-09-01,5050.0,75.0,60.0,1.67,56.4,0.97,0.71,5168.0,5090.0,2.3,0.34,0.56,0.6,-0.8,FTF_COILING,UNRESOLVED,3,0.48,-0.46,-1.25,-3.84,-7.43,-6.87
TORNTPHARM,2025-02-07,3223.86,75.0,55.0,1.08,40.0,1.27,1.55,3336.3,3033.86,3.4,0.89,1.64,1.49,-4.6,RESISTANCE_PROBE,UNRESOLVED,3,-2.02,-4.67,-7.51,-6.73,-5.75,0.37
TORNTPHARM,2025-03-24,3236.58,75.0,35.0,0.73,46.2,0.99,0.67,3240.09,3165.15,0.1,0.73,0.78,0.78,2.3,FTF_COILING,UNRESOLVED,3,-0.81,-1.6,-2.68,-0.76,-0.99,0.18
TORNTPHARM,2025-03-27,3198.69,75.0,60.0,0.77,43.6,1.16,0.74,3240.09,3165.15,1.3,0.83,1.45,0.68,0.6,FTF_COILING,UNRESOLVED,3,-0.16,-1.52,1.65,-0.35,2.75,3.58
TORNTPHARM,2025-04-02,3172.91,75.0,35.0,0.81,46.2,0.89,0.79,3240.09,3165.15,2.1,0.81,0.76,0.83,-0.5,FTF_COILING,CONFIRMED_BREAKOUT,2,1.27,2.48,-2.5,1.48,1.96,-0.5
TORNTPHARM,2025-04-07,3199.08,75.0,40.0,0.77,48.7,1.25,0.7,3240.09,3165.15,1.3,0.48,4.06,0.95,-0.5,FTF_COILING,FAILED_BREAKOUT,2,0.4,-3.3,-0.34,2.83,-2.86,0.46
TORNTPHARM,2025-04-15,3187.46,75.0,40.0,0.77,51.3,1.25,1.6,3269.67,3133.29,2.5,0.88,0.93,1.26,-1.3,FTF_COILING,UNRESOLVED,3,0.03,1.02,3.43,3.11,1.34,0.32
TORNTPHARM,2025-04-21,3219.91,75.0,40.0,0.86,53.8,0.8,0.75,3269.67,3133.29,1.5,0.44,0.46,0.98,-1.3,FTF_COILING,CONFIRMED_BREAKOUT,2,-0.25,2.39,2.47,0.48,-0.4,-2.73
TORNTPHARM,2025-04-24,3289.66,75.0,35.0,0.77,51.3,0.82,0.78,3269.67,3133.29,-0.6,0.45,0.63,0.96,-1.3,FTF_COILING,CONFIRMED_BREAKOUT,2,-2.59,0.3,-2.78,-5.53,-4.52,-4.81
TORNTPHARM,2025-04-29,3287.28,50.0,25.0,0.75,53.8,1.13,1.07,3269.67,3133.29,-0.5,0.35,0.47,0.95,-1.3,FTF_COILING,CONFIRMED_BREAKOUT,1,-0.02,-2.71,-0.95,-2.34,-4.72,-4.7
TORNTPHARM,2025-05-05,3250.18,50.0,35.0,0.7,53.8,0.86,1.23,3324.18,3252.06,2.2,0.66,0.22,0.23,-1.7,FTF_COILING,FAILED_BREAKOUT,3,-0.46,0.18,-1.45,0.54,-4.79,-1.82
TORNTPHARM,2025-05-08,3151.84,50.0,25.0,0.66,51.3,1.11,0.95,3324.18,3130.97,5.2,0.1,0.57,0.36,-1.7,RESISTANCE_PROBE,UNRESOLVED,3,-1.4,1.63,2.49,0.82,-1.38,-2.91
TORNTPHARM,2025-05-14,3210.31,50.0,35.0,0.68,51.3,1.13,0.78,3324.18,3068.54,3.4,0.67,0.65,0.6,-4.4,RESISTANCE_PROBE,UNRESOLVED,3,0.62,0.67,1.36,-2.43,-1.2,-2.94
TORNTPHARM,2025-05-19,3267.59,50.0,65.0,0.97,53.8,0.71,0.72,3324.18,3168.96,1.7,0.83,0.81,0.66,-4.4,RESISTANCE_PROBE,UNRESOLVED,3,-1.86,-0.42,-3.49,-5.3,-0.82,1.99
TORNTPHARM,2025-06-30,3378.28,100.0,70.0,1.41,55.0,1.53,1.44,3524.92,3137.21,4.2,0.55,4.61,1.0,7.7,RESISTANCE_PROBE,UNRESOLVED,3,0.25,-1.73,-1.64,-0.1,6.3,8.66
TORNTPHARM,2025-07-04,3338.43,75.0,50.0,1.63,57.5,1.43,2.94,3448.36,3292.83,3.2,0.65,0.75,1.53,0.4,FTF_COILING,UNRESOLVED,3,-0.47,-1.35,-1.6,4.55,9.21,9.68
TORNTPHARM,2025-07-14,3375.01,75.0,80.0,1.66,50.0,0.84,0.99,3448.36,3292.83,2.1,0.91,0.91,1.0,-0.2,FTF_COILING,CONFIRMED_BREAKOUT,3,1.02,1.6,3.5,6.4,6.17,3.15
TORNTPHARM,2025-07-17,3473.83,75.0,80.0,2.04,55.0,0.97,1.03,3448.36,3292.83,-0.7,0.49,1.15,0.98,-0.2,FTF_COILING,CONFIRMED_BREAKOUT,1,0.48,0.55,0.44,6.77,3.38,2.89
TORNTPHARM,2025-07-22,3472.74,75.0,70.0,1.99,57.5,0.68,1.12,3524.92,3435.57,1.5,0.6,0.83,1.0,1.1,RESISTANCE_PROBE,CONFIRMED_BREAKOUT,3,1.43,0.47,7.55,2.45,4.58,1.66
TORNTPHARM,2025-07-25,3572.16,75.0,100.0,1.98,60.0,0.92,0.87,3582.17,3437.55,0.3,0.9,1.32,1.0,3.9,RESISTANCE_PROBE,CONFIRMED_BREAKOUT,2,0.53,4.56,2.06,-0.85,1.96,-2.48
TORNTPHARM,2025-07-30,3697.85,75.0,35.0,2.22,60.0,1.35,1.46,3754.64,3478.98,1.5,0.14,0.79,1.0,6.3,RESISTANCE_PROBE,UNRESOLVED,3,0.3,-1.4,-5.54,-3.02,-4.58,-1.47
TORNTPHARM,2025-08-22,3652.94,75.0,85.0,2.21,59.0,0.75,0.6,3754.64,3593.17,2.7,0.8,0.68,1.0,1.7,RESISTANCE_PROBE,UNRESOLVED,3,-0.29,-2.18,-2.74,-1.96,-0.8,2.21
TORNTPHARM,2025-09-24,3582.86,75.0,40.0,1.61,46.2,0.93,0.92,3656.81,3608.54,2.0,0.11,0.73,0.73,-0.7,FTF_COILING,FAILED_BREAKOUT,1,-2.3,-1.48,-1.31,-1.77,-0.92,1.41
TORNTPHARM,2025-09-29,3555.11,50.0,45.0,1.45,46.2,1.31,1.2,3608.04,3452.52,1.5,0.69,1.14,1.14,3.0,FTF_COILING,UNRESOLVED,3,0.46,-0.54,-1.39,-1.8,0.35,2.41
TORNTPHARM,2025-10-03,3483.84,50.0,40.0,1.37,48.7,1.27,1.32,3608.04,3452.52,3.4,0.17,1.44,1.64,2.4,FTF_COILING,UNRESOLVED,3,0.32,0.63,0.51,1.98,3.23,1.66
TORNTPHARM,2025-10-08,3537.66,50.0,80.0,1.41,53.8,0.92,1.38,3608.04,3452.52,2.0,0.8,0.97,1.54,0.9,FTF_COILING,UNRESOLVED,3,-0.52,-1.01,-1.01,1.26,0.31,1.76
TORNTPHARM,2025-10-13,3487.31,50.0,30.0,1.09,48.7,0.86,1.12,3608.04,3452.52,3.3,0.19,0.3,1.27,0.9,FTF_COILING,UNRESOLVED,3,0.11,0.41,1.48,1.66,8.71,8.23
TORNTPHARM,2025-10-16,3502.77,50.0,75.0,1.49,50.0,0.73,0.67,3608.04,3452.52,2.9,0.46,0.68,1.09,0.9,FTF_COILING,UNRESOLVED,3,1.43,1.04,1.35,0.74,8.08,6.36
TORNTPHARM,2025-11-03,3596.44,75.0,85.0,1.34,57.5,1.0,0.74,3591.88,3512.98,-0.1,0.84,0.83,0.83,2.4,FTF_COILING,UNRESOLVED,3,-1.47,-2.06,5.44,4.48,2.75,4.13
TORNTPHARM,2025-11-07,3548.57,75.0,70.0,1.42,55.0,1.14,0.92,3591.88,3512.98,1.2,0.75,0.59,0.97,0.3,FTF_COILING,CONFIRMED_BREAKOUT,1,6.63,6.87,7.03,2.97,5.75,-0.83
TORNTPHARM,2025-11-12,3791.02,75.0,70.0,1.92,60.0,1.38,2.14,3848.11,3776.55,1.5,0.49,1.49,1.49,0.4,FTF_COILING,UNRESOLVED,3,0.04,0.19,-2.44,-1.8,-0.79,-0.65
TORNTPHARM,2025-11-17,3785.87,75.0,55.0,2.11,60.0,0.86,2.57,3838.7,3769.61,1.4,0.24,0.54,0.54,0.4,FTF_COILING,FAILED_BREAKOUT,3,-0.75,-2.3,-2.64,-2.16,-0.96,1.64
TORNTPHARM,2025-11-25,3712.32,75.0,85.0,2.16,57.5,0.8,0.58,3838.7,3640.06,3.3,0.78,0.42,0.54,-3.1,RESISTANCE_PROBE,UNRESOLVED,3,0.28,-0.4,-0.46,0.5,2.0,2.67
TORNTPHARM,2025-12-01,3704.09,75.0,85.0,1.98,55.0,0.69,0.74,3838.7,3676.24,3.5,0.76,0.48,0.55,-3.1,RESISTANCE_PROBE,UNRESOLVED,3,-0.24,-0.43,0.62,1.22,2.28,0.7
TORNTPHARM,2025-12-04,3762.37,75.0,100.0,1.96,52.5,0.85,0.69,3838.7,3656.41,2.0,0.86,1.83,0.55,-3.1,RESISTANCE_PROBE,UNRESOLVED,3,-0.26,-0.94,0.09,-0.95,2.36,3.23
TORNTPHARM,2025-12-10,3761.09,75.0,90.0,1.85,55.0,1.08,1.0,3848.11,3681.89,2.3,0.77,1.23,1.0,2.2,RESISTANCE_PROBE,UNRESOLVED,3,0.12,-0.08,-0.62,1.05,6.11,6.45
TORNTPHARM,2025-12-15,3749.39,75.0,75.0,1.88,50.0,1.02,0.73,3848.11,3709.15,2.6,0.52,0.9,1.0,1.1,RESISTANCE_PROBE,UNRESOLVED,3,-0.46,-0.31,0.88,1.04,4.17,4.81
TORNTPHARM,2025-12-19,3766.93,75.0,70.0,1.65,47.5,1.05,0.66,3848.11,3682.28,2.1,0.82,0.78,1.0,2.3,RESISTANCE_PROBE,UNRESOLVED,3,0.41,0.52,-0.17,1.83,7.53,6.58
TORNTPHARM,2025-12-24,3800.64,75.0,80.0,1.86,52.5,0.95,0.78,3848.11,3712.61,1.2,0.85,0.78,1.0,2.4,RESISTANCE_PROBE,UNRESOLVED,3,-0.46,-1.06,0.37,5.01,4.86,5.19
TORNTPHARM,2025-12-30,3788.54,75.0,95.0,1.77,50.0,1.0,0.67,3848.11,3734.32,1.5,0.65,1.94,1.0,1.5,RESISTANCE_PROBE,UNRESOLVED,3,0.73,0.69,3.0,3.09,3.57,1.89
TORNTPHARM,2026-01-02,3851.19,75.0,75.0,1.81,52.5,1.2,0.62,3857.04,3712.22,0.2,0.92,0.36,1.0,3.7,RESISTANCE_PROBE,CONFIRMED_BREAKOUT,2,-0.4,1.33,2.01,3.42,2.62,1.28
TORNTPHARM,2026-01-07,4056.27,75.0,85.0,2.14,50.0,1.28,0.46,4068.76,3787.45,0.3,0.93,4.71,1.0,7.1,RESISTANCE_PROBE,UNRESOLVED,3,-1.61,-3.15,-2.16,-2.7,-2.83,0.67
TORNTPHARM,2026-01-12,3915.12,75.0,45.0,1.91,45.0,1.44,1.41,4002.15,3915.32,2.2,0.76,0.82,0.82,-0.0,FTF_COILING,UNRESOLVED,3,-0.24,1.36,3.46,1.21,3.29,1.9
TORNTPHARM,2026-01-15,3968.55,75.0,65.0,2.0,48.7,0.95,0.91,4002.15,3915.32,0.8,0.5,0.0,0.93,-0.2,FTF_COILING,CONFIRMED_BREAKOUT,2,0.36,2.07,0.42,-1.07,1.86,-0.21
TORNTPHARM,2026-01-20,3941.88,75.0,45.0,1.47,51.3,1.11,0.94,4002.15,3915.32,1.5,0.1,0.98,0.95,-0.2,FTF_COILING,UNRESOLVED,3,0.13,1.1,-0.46,1.17,6.61,7.82
TORNTPHARM,2026-01-23,3897.68,75.0,55.0,1.45,51.3,1.31,1.31,3994.62,3902.33,2.4,0.21,1.37,0.77,2.1,FTF_COILING,UNRESOLVED,3,1.66,0.67,1.4,1.65,10.3,10.36
TORNTPHARM,2026-01-29,3895.59,75.0,45.0,1.43,51.3,1.1,1.44,4002.15,3869.43,2.7,0.43,0.9,1.32,1.4,FTF_COILING,CONFIRMED_BREAKOUT,3,0.78,1.45,1.18,3.74,12.72,9.5
TORNTPHARM,2026-02-03,4010.08,75.0,55.0,1.74,56.4,1.37,1.5,4002.15,3869.43,-0.2,0.38,1.55,1.32,0.7,FTF_COILING,UNRESOLVED,3,-0.55,-1.71,0.84,5.26,8.04,10.96
TORNTPHARM,2026-02-09,3962.1,75.0,100.0,1.66,51.3,0.9,1.31,4068.07,3974.99,2.6,0.74,1.72,0.91,-1.8,FTF_COILING,UNRESOLVED,3,2.06,1.49,6.61,8.5,11.53,9.34
TORNTPHARM,2026-02-12,4041.4,75.0,80.0,1.82,56.4,0.74,1.08,4068.07,3974.99,0.7,0.7,0.79,0.93,-1.8,FTF_COILING,CONFIRMED_BREAKOUT,2,0.02,4.52,4.37,8.65,8.41,3.72
TORNTPHARM,2026-03-10,4419.02,75.0,70.0,2.14,59.0,0.94,1.1,4461.13,4250.75,0.9,0.48,0.87,1.0,4.0,RESISTANCE_PROBE,UNRESOLVED,3,0.08,0.41,-2.76,-3.87,-6.16,-5.35
TORNTPHARM,2026-03-13,4381.29,75.0,75.0,1.96,61.5,0.91,1.1,4474.01,4380.3,2.1,0.24,1.24,1.0,0.0,RESISTANCE_PROBE,FAILED_BREAKOUT,1,-2.81,-1.92,-2.73,-3.87,-5.33,-2.59
TORNTPHARM,2026-05-06,4349.66,75.0,65.0,1.15,53.8,0.96,0.48,4474.01,4176.8,2.8,0.52,0.97,1.0,4.1,RESISTANCE_PROBE,CONFIRMED_BREAKOUT,3,0.1,0.52,-1.43,1.63,0.43,-3.1
TORNTPHARM,2026-05-11,4508.14,75.0,75.0,1.08,56.4,1.26,0.56,4546.07,4265.52,0.8,0.83,1.78,1.0,5.7,RESISTANCE_PROBE,UNRESOLVED,3,-2.99,-4.9,-2.73,1.23,-2.17,0.35
TORNTPHARM,2026-05-15,4396.96,75.0,35.0,1.1,56.4,1.45,0.86,4546.07,4255.54,3.3,0.36,1.08,1.0,3.3,RESISTANCE_PROBE,UNRESOLVED,3,-0.27,1.23,1.83,0.31,3.96,3.41
TORNTPHARM,2026-05-20,4420.42,75.0,45.0,1.12,56.4,1.11,0.85,4546.07,4297.46,2.8,0.24,1.17,1.0,2.9,RESISTANCE_PROBE,CONFIRMED_BREAKOUT,3,0.9,1.29,2.45,-1.17,0.51,-2.65
TORNTPHARM,2026-05-25,4563.53,75.0,45.0,1.16,59.0,1.22,0.79,4703.55,4391.27,3.0,0.31,3.36,1.0,3.9,RESISTANCE_PROBE,UNRESOLVED,3,-2.64,-0.76,-4.67,-3.36,-2.33,-1.59
TORNTPHARM,2026-06-11,4572.2,75.0,70.0,0.91,57.9,1.08,0.92,4703.55,4350.0,2.8,0.78,1.51,1.37,-4.1,RESISTANCE_PROBE,UNRESOLVED,3,-0.02,-1.49,-2.77,-1.22,7.13,9.66
TORNTPHARM,2026-06-29,4657.6,75.0,75.0,0.97,55.3,0.94,0.75,4742.9,4471.5,1.8,0.64,4.04,1.0,4.2,RESISTANCE_PROBE,UNRESOLVED,3,-0.81,-0.36,3.54,6.3,7.77,7.68
TORNTPHARM,2026-07-02,4661.4,75.0,60.0,0.98,52.6,0.96,1.32,4742.9,4506.1,1.7,0.75,0.48,0.67,2.5,FTF_COILING,CONFIRMED_BREAKOUT,2,2.29,3.46,5.08,7.0,4.52,1.02
TORNTPHARM,2026-07-07,4856.7,75.0,75.0,1.06,55.3,0.87,0.67,4742.9,4620.8,-2.4,0.63,1.11,0.63,2.5,RESISTANCE_PROBE,CONFIRMED_BREAKOUT,1,0.2,0.85,2.4,3.79,3.57,3.36
TORNTPHARM,2026-07-10,4901.5,75.0,100.0,1.3,57.9,1.03,1.08,4948.0,4825.1,0.9,0.94,1.84,0.93,1.5,FTF_COILING,CONFIRMED_BREAKOUT,1,1.01,1.47,-2.83,1.22,0.46,-0.55
TORNTPHARM,2026-07-15,5017.8,75.0,90.0,1.46,63.2,1.12,1.54,5010.0,4916.4,-0.2,0.86,1.34,1.34,2.1,FTF_COILING,CONFIRMED_BREAKOUT,1,-0.6,-5.08,0.31,-2.78,-2.49,-1.9
TORNTPHARM,2026-07-20,5005.4,75.0,50.0,0.93,57.9,1.68,2.71,5010.0,4695.1,0.1,0.92,1.11,3.05,-3.1,RESISTANCE_PROBE,UNRESOLVED,3,0.71,0.56,0.28,0.89,-2.11,-3.26
TORNTPHARM,2026-07-23,5065.2,75.0,40.0,0.95,59.0,1.42,2.45,5010.0,4735.1,-1.1,0.91,0.49,1.82,-3.1,RESISTANCE_PROBE,UNRESOLVED,3,-2.05,-0.9,-3.81,-2.16,-1.19,2.18
TORNTPHARM,2026-07-28,4898.3,75.0,40.0,0.93,61.5,0.95,0.47,5010.0,4935.3,2.2,0.19,0.69,1.34,-3.1,RESISTANCE_PROBE,CONFIRMED_BREAKOUT,3,-0.4,-0.53,2.69,-0.25,0.69,-3.72
TRENT,2025-06-02,5609.97,50.0,65.0,1.11,50.0,0.72,0.74,5716.25,5613.46,1.9,0.46,0.58,0.58,-0.1,FTF_COILING,FAILED_BREAKOUT,2,-0.56,-2.05,5.19,1.09,10.67,12.98
TRENT,2025-06-05,5661.36,50.0,95.0,1.15,50.0,0.84,0.68,5716.25,5613.46,1.0,0.81,1.4,0.69,-2.1,FTF_COILING,CONFIRMED_BREAKOUT,2,1.83,4.24,-0.74,0.95,9.19,4.75
TRENT,2025-07-01,6134.93,50.0,40.0,1.4,45.0,0.92,1.2,6149.91,5973.17,0.2,0.15,0.36,1.4,3.9,FTF_COILING,CONFIRMED_BREAKOUT,1,1.28,0.76,-11.46,-12.27,-18.6,-19.62
TRENT,2025-08-07,5295.67,25.0,30.0,1.04,45.0,1.46,1.03,5421.99,5310.15,2.3,0.41,2.23,2.23,-0.3,FTF_COILING,UNRESOLVED,3,0.25,2.64,1.26,2.16,0.23,-0.93
TRENT,2025-08-12,5357.58,25.0,20.0,1.16,47.5,1.18,1.18,5431.97,5202.81,1.4,0.08,0.42,1.1,2.0,FTF_COILING,CONFIRMED_BREAKOUT,3,0.62,0.09,1.63,-2.42,-3.63,-6.31
TRENT,2025-08-18,5510.86,25.0,35.0,1.09,47.5,1.03,0.59,5431.97,5349.59,-1.5,0.15,1.54,0.78,2.0,RESISTANCE_PROBE,CONFIRMED_BREAKOUT,1,-0.42,-1.2,-1.74,-1.94,-6.73,-6.34
TRENT,2025-08-21,5444.45,25.0,35.0,1.11,42.5,0.87,0.62,5614.7,5492.88,3.0,0.12,0.53,0.52,-0.9,FTF_COILING,FAILED_BREAKOUT,3,-0.63,-0.54,-2.83,1.39,-6.83,-4.06
TRENT,2025-09-01,5441.96,25.0,35.0,0.81,45.0,0.99,0.61,5614.7,5207.31,3.1,0.92,0.66,0.69,-4.8,RESISTANCE_PROBE,UNRESOLVED,3,-0.7,0.53,-2.47,-5.82,-13.2,-14.44
TRENT,2025-09-04,5520.84,50.0,35.0,0.81,47.5,1.17,0.74,5614.7,5296.17,1.7,0.15,1.41,0.69,-4.8,RESISTANCE_PROBE,UNRESOLVED,3,-0.01,-3.86,-6.47,-6.96,-12.9,-7.72
TRENT,2025-12-29,4219.76,25.0,10.0,0.6,40.0,1.2,1.07,4332.0,4256.71,2.6,0.14,0.54,0.54,-0.9,FTF_COILING,FAILED_BREAKOUT,3,-0.43,1.25,-30.12,-36.01,-40.13,-11.69
TRENT,2026-04-23,2830.08,50.0,35.0,1.37,52.5,1.07,1.72,2994.24,2747.74,5.5,0.1,2.75,2.75,-2.0,RESISTANCE_PROBE,UNRESOLVED,3,1.08,0.22,-2.51,1.0,-1.91,-1.96
TRENT,2026-06-01,2767.44,50.0,60.0,1.48,55.3,0.8,0.49,2886.2,2789.21,4.1,0.13,0.97,0.97,-0.8,RESISTANCE_PROBE,UNRESOLVED,3,1.28,2.41,-1.71,4.83,17.74,15.0
TRENT,2026-06-04,2833.41,50.0,85.0,1.54,55.3,1.33,0.56,2886.2,2789.21,1.8,0.88,1.57,0.97,-0.8,FTF_COILING,FAILED_BREAKOUT,2,-2.23,-4.0,-4.47,12.22,17.1,21.97
TRENT,2026-06-10,2750.64,50.0,60.0,1.53,52.6,1.21,0.74,2886.2,2704.5,4.7,0.11,1.45,1.16,-2.5,RESISTANCE_PROBE,CONFIRMED_BREAKOUT,3,-1.59,0.17,12.8,18.05,6.3,0.79
TRENT,2026-06-16,2897.8,50.0,35.0,1.31,47.4,1.21,0.93,2886.2,2676.05,-0.4,0.47,0.73,1.19,-3.0,RESISTANCE_PROBE,CONFIRMED_BREAKOUT,1,7.07,9.73,8.46,13.28,-0.99,-7.53
TRENT,2026-06-25,3216.2,50.0,55.0,1.42,52.6,0.98,1.57,3309.2,3140.0,2.8,0.11,0.78,0.78,2.4,FTF_COILING,UNRESOLVED,3,0.0,1.31,3.16,-9.7,-10.62,-12.42
TRENT,2026-06-30,3282.6,50.0,80.0,1.21,55.3,0.86,1.24,3312.0,3225.3,0.9,0.76,0.83,0.83,1.8,FTF_COILING,CONFIRMED_BREAKOUT,3,0.23,1.07,-10.81,-12.6,-10.72,-12.27
TRENT,2026-07-03,3340.6,50.0,55.0,1.69,57.9,0.76,0.89,3312.0,3225.3,-0.9,0.26,0.84,0.6,1.8,FTF_COILING,CONFIRMED_BREAKOUT,1,0.1,-12.36,-13.11,-14.91,-10.02,-10.11
ULTRACEMCO,2025-01-02,11488.88,50.0,70.0,1.06,45.0,1.04,0.54,11749.18,10901.03,2.2,0.92,1.12,0.64,-4.5,RESISTANCE_PROBE,UNRESOLVED,3,-0.1,-2.49,-4.56,-9.85,-2.7,-1.2
ULTRACEMCO,2025-03-21,10689.42,75.0,70.0,1.15,48.7,0.9,0.63,10945.78,10532.88,2.3,0.51,1.53,1.53,1.5,FTF_COILING,CONFIRMED_BREAKOUT,2,0.68,4.05,4.85,1.96,10.77,6.46
ULTRACEMCO,2025-03-26,11103.64,75.0,60.0,1.25,51.3,1.09,1.23,10945.78,10569.74,-1.4,0.55,0.85,1.28,1.5,RESISTANCE_PROBE,CONFIRMED_BREAKOUT,1,1.73,0.94,1.79,0.88,4.09,2.32
ULTRACEMCO,2025-04-09,11098.72,75.0,35.0,1.0,48.7,1.36,1.08,11240.61,10946.56,1.3,0.89,0.65,0.65,1.4,FTF_COILING,CONFIRMED_BREAKOUT,1,0.93,2.82,4.71,6.29,2.32,1.38
ULTRACEMCO,2025-04-29,11558.32,50.0,65.0,1.2,61.5,1.13,0.98,12016.01,11549.55,3.8,0.16,1.45,1.45,-1.1,RESISTANCE_PROBE,FAILED_BREAKOUT,2,-1.92,-2.16,-1.78,-1.66,-5.32,-3.23
ULTRACEMCO,2025-05-15,11582.66,75.0,95.0,1.49,59.0,0.98,0.65,11902.08,11262.27,2.7,0.87,1.19,0.79,-3.7,RESISTANCE_PROBE,UNRESOLVED,3,0.09,0.29,-1.8,-5.25,-4.8,-3.2
ULTRACEMCO,2025-05-20,11390.82,75.0,60.0,1.62,60.0,0.75,0.75,11902.08,11338.23,4.3,0.09,0.53,0.78,-3.7,RESISTANCE_PROBE,UNRESOLVED,3,-0.27,-0.15,-2.36,-5.66,-2.68,-3.09
ULTRACEMCO,2025-06-25,11425.88,100.0,70.0,1.11,52.5,1.01,1.37,11514.49,11212.61,0.8,0.72,0.84,0.84,1.9,FTF_COILING,CONFIRMED_BREAKOUT,1,1.86,4.09,5.99,7.07,5.45,3.52
ULTRACEMCO,2025-07-16,12127.03,75.0,70.0,1.42,55.0,0.72,0.95,12335.43,12099.76,1.7,0.47,0.49,1.0,0.2,RESISTANCE_PROBE,UNRESOLVED,3,0.34,0.36,-0.65,-0.86,0.21,-0.77
ULTRACEMCO,2025-07-21,12247.78,75.0,95.0,1.68,57.5,0.75,0.62,12381.2,12073.47,1.1,0.6,1.69,1.0,1.4,RESISTANCE_PROBE,UNRESOLVED,3,-0.99,-1.63,-2.06,-1.93,2.92,5.21
ULTRACEMCO,2025-07-24,11981.93,75.0,45.0,1.3,55.0,1.14,1.08,12366.59,11973.17,3.1,0.44,0.66,0.65,0.6,FTF_COILING,UNRESOLVED,3,0.19,0.11,0.18,0.38,2.96,3.01
ULTRACEMCO,2025-07-29,11976.54,75.0,80.0,1.3,57.5,0.81,1.0,12366.59,11973.17,3.2,0.71,0.81,0.81,0.1,FTF_COILING,UNRESOLVED,3,0.38,0.23,0.63,1.87,2.45,3.37
ULTRACEMCO,2025-08-04,12011.82,75.0,85.0,1.38,55.0,0.97,0.69,12366.59,11973.17,2.9,0.79,0.86,0.79,-0.9,FTF_COILING,UNRESOLVED,3,0.33,-0.25,1.21,4.94,3.88,3.75
ULTRACEMCO,2025-08-07,12027.5,75.0,85.0,1.51,55.0,0.99,0.75,12366.59,11973.17,2.7,0.8,0.87,0.83,-0.9,FTF_COILING,UNRESOLVED,3,-0.95,1.08,0.36,2.57,3.19,1.73
ULTRACEMCO,2025-08-12,12199.98,75.0,75.0,1.9,57.5,1.03,0.8,12366.59,11973.17,1.3,0.39,1.42,0.84,-0.9,FTF_COILING,CONFIRMED_BREAKOUT,3,-0.39,-1.06,3.41,0.58,-0.46,-2.92
ULTRACEMCO,2025-08-19,12605.7,75.0,80.0,1.8,55.0,1.25,1.27,12645.88,12304.84,0.3,0.93,1.3,1.3,2.4,FTF_COILING,UNRESOLVED,3,0.09,0.05,-1.97,-1.01,-1.1,1.05
ULTRACEMCO,2025-08-22,12337.18,75.0,35.0,1.83,50.0,1.42,1.31,12645.88,12304.84,2.4,0.09,0.88,1.01,2.4,FTF_COILING,UNRESOLVED,3,0.14,0.17,1.88,0.6,0.48,1.03
ULTRACEMCO,2025-08-28,12270.54,75.0,65.0,1.76,50.0,1.01,0.82,12645.88,12304.84,3.0,0.28,1.09,0.97,0.3,FTF_COILING,UNRESOLVED,3,0.95,2.44,1.04,-1.03,-3.03,-4.63
ULTRACEMCO,2025-09-02,12475.36,75.0,55.0,1.71,50.0,0.99,0.84,12645.88,12304.84,1.3,0.27,0.81,0.93,-0.3,FTF_COILING,UNRESOLVED,3,0.02,-0.62,-1.24,-1.19,-3.99,-3.01
ULTRACEMCO,2025-09-05,12348.94,75.0,40.0,1.32,47.5,1.02,0.8,12645.88,12304.84,2.3,0.34,0.59,0.91,-0.3,FTF_COILING,UNRESOLVED,3,0.5,-0.23,-1.83,-0.74,-4.33,-3.39
ULTRACEMCO,2025-09-17,12466.54,75.0,70.0,1.18,47.5,0.85,0.69,12835.02,12077.48,2.9,0.58,1.29,1.0,3.2,RESISTANCE_PROBE,UNRESOLVED,3,-0.75,-1.67,-3.99,-4.92,-2.85,-2.31
ULTRACEMCO,2025-10-24,11679.6,50.0,30.0,0.81,40.0,1.15,0.92,12166.66,11869.72,4.0,0.14,1.6,1.6,-1.6,RESISTANCE_PROBE,UNRESOLVED,3,0.81,0.11,0.24,-1.59,-2.8,-3.46
ULTRACEMCO,2025-10-29,11758.98,50.0,45.0,0.8,40.0,1.09,1.31,12166.66,11869.72,3.4,0.62,1.7,1.96,-1.6,FTF_COILING,UNRESOLVED,3,0.45,-0.43,-0.74,-0.54,-3.18,-2.79
ULTRACEMCO,2026-01-15,12009.86,75.0,40.0,0.91,53.8,1.41,1.4,11954.98,11697.24,-0.5,0.5,0.0,1.9,2.7,FTF_COILING,CONFIRMED_BREAKOUT,1,1.0,0.34,0.89,3.58,5.78,4.73
ULTRACEMCO,2026-01-20,11817.78,75.0,35.0,0.93,53.8,1.48,1.28,11954.98,11697.24,1.1,0.16,1.28,1.27,2.7,FTF_COILING,CONFIRMED_BREAKOUT,2,1.43,2.53,5.87,6.19,8.23,5.56
ULTRACEMCO,2026-01-23,12121.58,50.0,55.0,1.05,59.0,1.2,1.33,11954.98,11744.28,-1.4,0.32,1.43,1.2,1.0,RESISTANCE_PROBE,CONFIRMED_BREAKOUT,1,1.78,3.22,1.34,5.49,4.91,3.07
ULTRACEMCO,2026-01-29,12462.62,50.0,70.0,1.44,59.0,1.1,1.81,12568.46,12249.96,0.8,0.8,0.94,1.54,2.1,FTF_COILING,UNRESOLVED,3,-0.18,-1.43,0.44,2.45,1.73,2.76
ULTRACEMCO,2026-02-03,12338.16,50.0,45.0,1.47,59.0,1.1,1.77,12568.46,12249.96,1.8,0.04,0.94,1.06,0.3,FTF_COILING,UNRESOLVED,3,1.72,1.45,3.44,3.13,-3.84,-4.83
ULTRACEMCO,2026-02-06,12467.52,50.0,70.0,1.52,61.5,1.01,0.97,12568.46,12249.96,0.8,0.65,0.41,0.89,0.3,FTF_COILING,CONFIRMED_BREAKOUT,1,2.56,2.37,1.89,0.35,-10.56,-12.8
ULTRACEMCO,2026-02-11,12709.58,75.0,60.0,1.45,56.4,0.67,0.71,12568.46,12369.52,-1.1,0.34,0.32,0.8,0.3,RESISTANCE_PROBE,CONFIRMED_BREAKOUT,1,0.46,-0.05,0.64,0.56,-14.5,-14.89
ULTRACEMCO,2026-02-16,12721.34,75.0,85.0,1.55,59.0,0.63,0.71,12568.46,12615.5,-1.2,0.88,0.31,0.74,0.3,RESISTANCE_PROBE,CONFIRMED_BREAKOUT,2,0.02,0.55,-0.04,-3.54,-14.37,-14.83
ULTRACEMCO,2026-02-19,12434.2,75.0,60.0,1.82,56.4,0.82,0.63,12847.76,12581.2,3.2,0.12,0.77,1.0,-1.2,RESISTANCE_PROBE,UNRESOLVED,3,0.61,2.27,1.96,-5.52,-13.82,-15.63
ULTRACEMCO,2026-02-24,12700.76,75.0,95.0,1.57,53.8,1.01,0.65,12847.76,12326.4,1.1,0.55,1.63,1.0,3.0,RESISTANCE_PROBE,UNRESOLVED,3,0.63,-0.18,-6.58,-11.56,-13.55,-11.62
ULTRACEMCO,2026-02-27,12423.42,75.0,75.0,1.5,51.3,0.95,0.86,12847.76,12573.36,3.3,0.14,1.47,1.0,-1.2,RESISTANCE_PROBE,FAILED_BREAKOUT,1,-1.23,-4.5,-10.25,-12.45,-15.48,-14.43
ULTRACEMCO,2026-04-09,11219.0,50.0,20.0,0.82,45.0,1.05,1.22,11540.44,11121.98,2.8,0.34,0.76,0.76,0.9,FTF_COILING,UNRESOLVED,3,1.23,0.47,3.83,4.8,4.39,1.4
ULTRACEMCO,2026-04-15,11549.26,50.0,20.0,0.74,47.5,1.05,1.17,11540.44,11121.98,-0.1,0.31,0.65,0.74,0.9,FTF_COILING,CONFIRMED_BREAKOUT,3,0.35,0.86,3.46,0.41,-1.8,-2.89
ULTRACEMCO,2026-04-20,11678.62,50.0,35.0,0.86,50.0,0.77,0.88,11540.44,11475.76,-1.2,0.41,0.9,0.68,0.9,RESISTANCE_PROBE,CONFIRMED_BREAKOUT,1,1.02,2.32,0.78,-1.33,-2.99,-3.97
ULTRACEMCO,2026-04-28,11580.62,50.0,40.0,0.9,47.5,1.01,1.05,11995.16,11631.58,3.5,0.05,1.38,1.38,-0.4,FTF_COILING,FAILED_BREAKOUT,2,0.14,-1.95,1.24,-2.55,-1.64,0.32
ULTRACEMCO,2026-05-05,11723.7,75.0,60.0,0.91,53.8,0.8,1.14,12036.32,11554.16,2.6,0.93,0.98,1.05,-1.7,FTF_COILING,UNRESOLVED,3,1.09,1.53,-3.74,-4.97,-6.67,-6.57
ULTRACEMCO,2026-05-08,11710.96,75.0,35.0,0.94,56.4,0.93,0.76,12036.32,11554.16,2.7,0.31,0.77,0.98,-1.7,FTF_COILING,FAILED_BREAKOUT,2,-0.7,-3.63,-3.87,-3.19,-8.69,-5.24
ULTRACEMCO,2026-07-29,11758.0,75.0,20.0,0.73,48.7,0.94,1.0,11807.98,11585.52,0.4,0.16,0.99,0.99,1.5,FTF_COILING,CONFIRMED_BREAKOUT,2,0.76,1.23,3.67,1.13,-0.35,-1.56
ULTRACEMCO,2026-08-03,12054.0,75.0,35.0,0.78,56.4,0.78,1.02,11807.98,11730.0,-2.1,1.0,0.53,1.09,1.5,RESISTANCE_PROBE,CONFIRMED_BREAKOUT,1,-0.03,1.13,-0.13,-3.09,-5.01,-4.98
UNIONBANK,2025-03-24,119.75,75.0,100.0,1.82,51.3,1.04,0.59,122.98,110.6,2.6,0.89,1.61,1.0,8.3,RESISTANCE_PROBE,UNRESOLVED,3,-3.22,-5.69,-2.1,-5.19,-1.98,0.59
UNIONBANK,2025-03-27,116.69,50.0,65.0,1.63,48.7,1.28,1.0,120.81,114.94,3.4,0.77,4.87,1.07,-1.7,FTF_COILING,UNRESOLVED,3,1.59,0.46,-1.69,-1.46,1.26,-1.2
UNIONBANK,2025-04-02,119.61,50.0,80.0,1.7,51.3,1.15,1.82,120.81,114.94,1.0,0.9,1.05,2.09,-1.7,FTF_COILING,CONFIRMED_BREAKOUT,1,3.13,-4.08,-8.29,1.04,-7.14,-9.96
UNIONBANK,2025-04-21,120.86,75.0,70.0,1.57,56.4,0.75,0.86,124.69,112.27,3.1,0.64,0.78,0.8,-3.2,RESISTANCE_PROBE,UNRESOLVED,3,-0.55,0.51,-0.07,-8.1,7.62,7.72
UNIONBANK,2025-04-24,120.74,75.0,55.0,1.26,53.8,0.65,1.32,122.89,119.18,1.7,0.36,0.57,1.33,1.9,FTF_COILING,UNRESOLVED,3,-2.79,0.02,-1.96,-4.37,9.27,9.39
UNIONBANK,2025-04-29,120.6,75.0,55.0,1.33,51.3,0.87,1.26,122.89,115.35,1.9,0.23,0.76,0.81,-1.5,RESISTANCE_PROBE,UNRESOLVED,3,-2.02,-1.85,-7.71,5.11,11.41,13.32
UNIONBANK,2025-05-05,118.57,75.0,70.0,1.32,56.4,0.68,0.81,122.89,117.53,3.5,0.61,0.34,0.71,-1.5,RESISTANCE_PROBE,FAILED_BREAKOUT,1,-6.33,-6.13,1.51,8.53,21.36,29.56
UNIONBANK,2025-05-12,120.36,75.0,80.0,1.51,53.8,1.44,1.62,122.89,107.57,2.1,0.82,1.3,1.07,-8.9,RESISTANCE_PROBE,CONFIRMED_BREAKOUT,2,2.08,5.32,6.92,9.6,21.29,15.16
UNIONBANK,2025-05-15,124.17,75.0,45.0,1.68,56.4,1.16,2.09,126.98,118.28,2.2,0.13,0.86,1.0,5.0,RESISTANCE_PROBE,CONFIRMED_BREAKOUT,2,0.64,3.63,5.88,6.76,13.87,9.88
UNIONBANK,2025-05-20,130.06,75.0,75.0,2.03,60.0,0.84,1.3,131.53,123.81,1.1,0.37,1.54,1.0,5.1,RESISTANCE_PROBE,UNRESOLVED,3,0.74,1.08,1.91,9.53,4.71,3.23
UNIONBANK,2025-05-23,131.93,75.0,55.0,2.1,62.5,0.81,1.15,131.53,129.21,-0.3,0.44,0.82,0.77,1.4,FTF_COILING,CONFIRMED_BREAKOUT,3,-0.01,0.47,4.53,9.15,2.17,0.32
UNIONBANK,2025-05-28,134.37,75.0,80.0,2.21,65.0,0.63,0.77,131.53,130.5,-2.2,0.89,0.69,0.69,1.4,RESISTANCE_PROBE,CONFIRMED_BREAKOUT,1,-1.34,2.64,7.08,6.85,0.89,2.26
UNIONBANK,2025-06-04,143.88,75.0,60.0,2.19,62.5,1.37,1.46,149.05,141.86,3.5,0.81,0.85,0.85,1.4,FTF_COILING,UNRESOLVED,3,-0.39,0.08,-0.22,-5.9,0.16,-1.29
UNIONBANK,2025-06-09,145.99,75.0,35.0,2.28,65.0,1.23,1.45,149.05,141.86,2.1,0.41,0.66,0.82,1.0,FTF_COILING,UNRESOLVED,3,-0.7,-1.65,-5.42,-8.08,-2.07,1.11
UNIONBANK,2025-06-30,144.31,75.0,100.0,2.08,60.0,1.05,0.72,149.05,135.21,3.2,0.74,1.69,1.0,6.7,RESISTANCE_PROBE,UNRESOLVED,3,0.68,-0.14,-0.93,-4.29,-10.18,-8.99
UNIONBANK,2025-09-12,130.04,50.0,60.0,0.85,50.0,1.01,0.87,132.57,128.75,1.9,0.72,0.69,0.69,1.0,FTF_COILING,CONFIRMED_BREAKOUT,3,0.57,0.31,4.8,0.15,4.5,2.09
UNIONBANK,2025-09-18,132.67,75.0,55.0,0.99,50.0,0.9,0.87,132.57,128.75,-0.1,0.42,1.47,1.09,1.0,FTF_COILING,CONFIRMED_BREAKOUT,1,2.72,1.63,1.6,0.82,0.07,-2.57
UNIONBANK,2025-09-23,136.18,75.0,50.0,1.09,50.0,1.24,1.25,134.39,131.42,-1.3,0.73,0.8,1.63,2.6,RESISTANCE_PROBE,CONFIRMED_BREAKOUT,1,-0.73,-1.02,-1.21,-2.98,1.89,2.64
UNIONBANK,2025-09-26,130.23,75.0,35.0,1.03,50.0,1.11,1.07,134.39,131.42,3.1,0.04,0.88,1.16,2.6,FTF_COILING,UNRESOLVED,3,0.98,3.3,1.94,4.34,9.69,6.0
UNIONBANK,2025-10-01,134.77,75.0,60.0,1.14,52.5,1.05,0.86,134.39,131.42,-0.3,0.64,0.9,1.07,-0.9,FTF_COILING,CONFIRMED_BREAKOUT,1,-0.75,-1.49,-0.66,0.04,7.15,7.96
UNIONBANK,2025-10-07,134.57,75.0,60.0,1.05,50.0,1.06,1.0,134.39,131.42,-0.1,0.75,0.8,1.07,-0.9,FTF_COILING,UNRESOLVED,3,-1.82,-0.51,-1.11,2.25,8.38,7.81
UNIONBANK,2025-10-10,135.28,75.0,70.0,1.29,50.0,0.9,0.98,134.39,131.42,-0.7,0.66,0.83,1.0,-0.9,FTF_COILING,CONFIRMED_BREAKOUT,1,0.45,-1.63,-1.85,4.09,9.59,9.09
UNIONBANK,2025-10-24,137.7,75.0,55.0,1.22,55.0,1.01,1.05,140.84,137.93,2.2,0.3,0.68,0.68,-0.2,FTF_COILING,CONFIRMED_BREAKOUT,2,2.25,3.74,4.87,8.8,6.5,2.67
UNIONBANK,2025-10-29,141.93,75.0,55.0,1.26,57.5,0.98,1.02,140.84,137.93,-0.8,0.26,0.82,1.19,-0.2,FTF_COILING,CONFIRMED_BREAKOUT,1,-2.6,1.75,2.76,3.96,5.58,8.4
UNIONBANK,2025-11-03,146.55,75.0,70.0,1.49,60.0,1.48,2.44,147.64,138.76,0.7,0.51,1.76,1.76,5.6,FTF_COILING,UNRESOLVED,3,0.44,-0.48,1.15,1.48,3.24,1.61
UNIONBANK,2025-11-07,148.9,75.0,70.0,1.76,60.0,1.21,2.65,148.37,144.68,-0.4,0.94,1.01,0.9,0.8,FTF_COILING,CONFIRMED_BREAKOUT,1,0.61,-0.44,-0.35,-1.57,0.0,-0.61
UNIONBANK,2025-11-12,151.81,75.0,80.0,1.95,57.5,0.97,1.13,148.37,143.56,-2.3,0.89,0.8,0.9,0.8,RESISTANCE_PROBE,CONFIRMED_BREAKOUT,1,-2.81,-2.26,-1.16,-0.57,-5.27,-2.53
UNIONBANK,2025-11-26,150.94,75.0,85.0,1.75,62.5,0.79,0.67,152.99,145.32,1.3,0.49,1.09,1.0,3.9,RESISTANCE_PROBE,UNRESOLVED,3,-0.72,-1.37,-2.59,-4.72,-2.99,-2.22
UNIONBANK,2025-12-01,149.77,75.0,55.0,1.77,57.5,0.88,0.79,152.99,147.84,2.1,0.36,0.8,1.0,1.3,RESISTANCE_PROBE,CONFIRMED_BREAKOUT,1,1.02,-1.82,-3.78,-0.35,-1.65,-2.64
UNIONBANK,2025-12-04,148.06,75.0,70.0,1.73,60.0,1.16,1.44,153.18,145.99,3.3,0.73,0.92,0.92,1.4,FTF_COILING,UNRESOLVED,3,0.57,-2.67,-1.25,1.13,2.8,4.17
UNIONBANK,2025-12-12,148.36,75.0,60.0,1.81,60.0,1.21,0.84,153.18,145.99,3.1,0.9,0.77,0.87,-1.5,FTF_COILING,UNRESOLVED,3,0.6,0.3,0.84,-2.35,7.36,7.15
UNIONBANK,2025-12-17,148.65,75.0,60.0,1.85,60.0,0.73,0.64,153.18,145.99,3.0,0.29,0.84,0.81,-1.5,FTF_COILING,UNRESOLVED,3,0.73,0.65,-1.49,0.35,17.14,17.32
UNIONBANK,2025-12-22,148.42,75.0,60.0,1.77,57.5,0.67,0.65,153.18,145.99,3.1,0.15,0.54,0.79,-1.5,FTF_COILING,UNRESOLVED,3,-0.29,-1.34,-0.75,8.47,15.01,16.98
UNIONBANK,2026-01-02,152.21,75.0,90.0,1.77,52.5,1.04,0.94,155.56,143.87,2.2,0.87,1.19,1.0,5.8,RESISTANCE_PROBE,CONFIRMED_BREAKOUT,1,3.61,5.77,3.55,12.41,9.21,5.4
UNIONBANK,2026-01-07,161.56,75.0,60.0,2.0,55.0,1.25,1.26,162.5,149.51,0.6,0.88,0.84,1.0,8.1,RESISTANCE_PROBE,UNRESOLVED,3,-2.93,-2.45,7.78,3.69,6.97,8.5
UNIONBANK,2026-01-12,159.28,75.0,60.0,2.13,55.0,1.4,1.45,161.24,155.93,1.2,0.9,0.97,0.97,2.1,FTF_COILING,CONFIRMED_BREAKOUT,1,1.35,9.32,8.2,6.85,9.32,7.86
UNIONBANK,2026-01-19,172.34,75.0,80.0,2.18,59.0,1.43,2.13,177.65,169.83,3.0,0.8,1.44,1.44,1.5,FTF_COILING,UNRESOLVED,3,-0.96,-2.8,-1.25,-1.7,6.46,8.07
UNIONBANK,2026-01-28,176.71,75.0,80.0,2.13,56.4,1.18,1.2,177.65,169.83,0.5,0.93,1.12,0.98,-1.4,FTF_COILING,FAILED_BREAKOUT,3,-1.37,-0.64,-3.2,-0.88,9.55,16.46
UNIONBANK,2026-02-03,169.41,75.0,35.0,1.84,53.8,1.42,1.4,178.08,160.37,4.9,0.22,0.51,0.66,-4.0,RESISTANCE_PROBE,UNRESOLVED,3,0.97,2.01,2.78,8.3,9.59,7.3
UNIONBANK,2026-02-06,173.02,75.0,60.0,1.93,59.0,1.24,0.82,178.08,166.97,2.8,0.86,0.44,0.6,-4.0,RESISTANCE_PROBE,UNRESOLVED,3,1.04,0.63,0.42,8.9,0.52,-0.7
UNIONBANK,2026-02-11,175.16,75.0,85.0,1.83,56.4,0.61,0.72,178.08,169.54,1.6,0.94,0.5,0.57,-4.0,RESISTANCE_PROBE,UNRESOLVED,3,0.37,-0.81,7.09,10.52,0.98,-0.54
UNIONBANK,2026-02-16,177.84,75.0,85.0,1.95,59.0,0.76,0.74,178.08,171.06,0.1,0.89,0.55,0.58,-4.0,RESISTANCE_PROBE,CONFIRMED_BREAKOUT,1,3.17,5.47,8.02,8.21,-3.83,-6.79
UNIONBANK,2026-02-20,188.42,75.0,70.0,2.21,66.7,1.11,1.12,190.08,176.64,0.9,0.86,0.88,1.0,6.7,RESISTANCE_PROBE,CONFIRMED_BREAKOUT,1,1.96,3.42,4.27,-7.69,-13.09,-14.76
UNIONBANK,2026-02-25,193.58,75.0,90.0,2.2,69.2,1.02,1.2,194.51,189.05,0.5,0.45,1.23,1.16,3.1,FTF_COILING,CONFIRMED_BREAKOUT,1,1.12,1.49,-4.06,-8.63,-11.95,-12.93
UNIONBANK,2026-05-27,163.88,50.0,35.0,0.67,48.7,1.09,0.73,166.06,161.47,1.3,0.71,0.67,0.67,1.5,FTF_COILING,FAILED_BREAKOUT,3,0.0,-0.5,-1.2,-1.35,3.62,7.56
UNIONBANK,2026-06-01,157.88,25.0,20.0,0.54,44.7,0.96,1.06,166.86,161.82,5.4,0.09,0.92,0.92,-2.4,RESISTANCE_PROBE,FAILED_BREAKOUT,1,0.09,2.56,1.62,5.39,7.4,7.3
UNIONBANK,2026-06-04,161.76,50.0,15.0,0.57,44.7,1.26,1.03,166.86,155.51,3.1,0.59,0.5,1.05,-2.4,RESISTANCE_PROBE,UNRESOLVED,3,0.28,-0.82,-1.2,5.75,4.69,2.29
UNIONBANK,2026-06-09,165.55,50.0,60.0,0.66,47.4,1.19,0.72,166.86,158.76,0.8,0.91,1.3,0.97,-2.4,RESISTANCE_PROBE,UNRESOLVED,3,-2.34,-3.46,0.07,2.75,-2.7,-2.48
UNIONBANK,2026-06-12,165.17,50.0,35.0,0.63,44.7,1.24,0.89,166.86,158.25,1.0,0.91,1.02,1.0,-2.4,RESISTANCE_PROBE,UNRESOLVED,3,0.74,0.3,3.36,2.74,-0.4,-2.52
UNIONBANK,2026-06-17,168.77,75.0,50.0,0.6,42.1,1.0,0.73,166.86,161.39,-1.1,0.92,0.95,0.94,-2.4,RESISTANCE_PROBE,CONFIRMED_BREAKOUT,1,1.36,1.16,0.62,0.65,2.14,0.77
UNIONBANK,2026-06-24,169.82,75.0,20.0,0.59,47.4,0.69,0.93,171.88,168.87,1.2,0.38,0.95,0.95,0.6,FTF_COILING,UNRESOLVED,3,-0.07,-0.07,0.03,-9.08,0.49,0.64
UNIONBANK,2026-06-29,169.55,75.0,55.0,0.48,47.4,0.57,0.77,171.88,168.87,1.4,0.64,1.31,0.6,0.5,FTF_COILING,UNRESOLVED,3,-1.22,0.18,-5.0,0.49,0.33,0.45
UNIONBANK,2026-07-02,169.35,75.0,55.0,0.54,47.4,0.79,0.81,171.88,168.87,1.5,0.55,1.4,0.88,-0.8,FTF_COILING,FAILED_BREAKOUT,1,-3.7,-4.88,-7.14,-0.34,0.62,4.48
UNIONBANK,2026-07-13,170.39,75.0,60.0,0.82,51.4,1.5,1.13,171.88,153.5,0.9,0.96,1.99,1.14,-8.6,RESISTANCE_PROBE,CONFIRMED_BREAKOUT,2,0.16,1.17,3.25,-0.16,6.31,5.08
UNIONBANK,2026-07-16,168.77,75.0,10.0,1.03,48.6,1.68,1.98,177.49,162.51,4.9,0.1,0.74,0.74,0.0,RESISTANCE_PROBE,UNRESOLVED,3,-0.18,4.24,-0.22,0.97,10.51,5.9
UNIONBANK,2026-07-21,176.11,75.0,55.0,1.23,48.6,1.41,1.75,177.49,168.7,0.8,0.45,1.78,1.07,-0.1,FTF_COILING,UNRESOLVED,3,-3.11,-4.38,-4.47,-1.2,5.33,8.8
UNIONBANK,2026-08-03,174.0,75.0,50.0,1.12,47.4,0.68,0.67,179.4,167.9,3.0,0.6,0.47,0.52,-3.0,RESISTANCE_PROBE,CONFIRMED_BREAKOUT,3,0.0,1.03,4.1,8.56,8.41,3.36
UNIONBANK,2026-08-06,182.5,75.0,95.0,1.37,51.4,0.81,0.54,179.4,171.4,-1.7,1.0,1.12,0.52,-3.0,RESISTANCE_PROBE,CONFIRMED_BREAKOUT,1,0.6,-0.75,2.19,1.19,3.56,2.94
UPL,2025-01-10,538.66,75.0,60.0,1.52,50.0,1.26,1.1,544.35,529.68,1.0,0.68,1.07,1.07,1.7,FTF_COILING,UNRESOLVED,3,-2.77,-1.28,0.52,0.57,17.47,17.89
UPL,2025-01-15,536.75,75.0,55.0,1.54,52.5,0.99,0.76,544.35,529.68,1.4,0.42,0.49,1.0,-1.1,FTF_COILING,UNRESOLVED,3,-0.11,0.88,-0.77,1.13,11.67,10.46
UPL,2025-01-20,542.58,75.0,85.0,1.54,50.0,0.73,0.52,544.35,529.68,0.3,0.78,0.47,0.79,-1.1,FTF_COILING,UNRESOLVED,3,-1.56,-1.84,-1.9,9.25,11.85,10.85
UPL,2025-01-23,547.49,75.0,70.0,1.63,47.5,0.97,0.49,544.35,529.68,-0.6,0.89,0.84,0.76,-1.1,FTF_COILING,UNRESOLVED,3,-1.05,-2.78,1.63,15.7,16.53,20.68
UPL,2025-01-28,528.65,75.0,55.0,1.56,45.0,0.95,0.75,540.18,526.24,2.1,0.25,1.12,1.12,0.5,FTF_COILING,CONFIRMED_BREAKOUT,2,2.68,5.25,17.01,17.88,19.78,13.8
UPL,2025-02-24,633.22,75.0,75.0,1.59,52.5,0.74,0.75,646.03,609.47,2.0,0.65,0.37,1.0,3.9,RESISTANCE_PROBE,UNRESOLVED,3,0.36,-0.24,-4.93,-4.67,1.12,3.07
UPL,2025-03-07,618.15,75.0,40.0,1.52,47.5,0.97,1.04,646.03,595.73,4.3,0.42,0.89,1.0,3.8,RESISTANCE_PROBE,UNRESOLVED,3,-2.29,-2.35,-0.59,4.54,-2.44,1.06
UPL,2025-03-19,634.3,75.0,70.0,1.34,43.6,0.95,0.58,646.03,589.25,1.8,0.85,0.79,1.0,7.6,RESISTANCE_PROBE,CONFIRMED_BREAKOUT,2,0.09,1.94,0.94,0.77,4.08,2.1
UPL,2025-03-24,646.22,75.0,40.0,1.37,46.2,0.78,0.83,658.84,633.66,1.9,0.09,0.91,0.91,2.0,FTF_COILING,UNRESOLVED,3,-0.83,-0.92,-3.6,-6.67,0.52,0.83
UPL,2025-03-27,644.21,75.0,75.0,1.34,46.2,0.93,0.86,658.84,633.66,2.2,0.47,1.59,0.72,1.0,FTF_COILING,UNRESOLVED,3,-3.07,-3.3,-2.85,0.24,2.06,2.36
UPL,2025-04-02,642.3,75.0,55.0,1.24,41.0,1.2,0.89,648.14,612.41,0.9,0.93,0.97,0.7,1.7,FTF_COILING,UNRESOLVED,3,-0.49,-2.56,-6.14,2.55,3.76,10.51
UPL,2025-04-11,626.99,75.0,45.0,1.2,38.5,1.35,0.8,648.14,577.92,3.3,0.74,0.95,0.98,-1.6,RESISTANCE_PROBE,UNRESOLVED,3,3.0,3.26,5.3,4.81,-0.31,-2.94
UPL,2025-04-17,644.02,75.0,20.0,0.96,38.5,0.95,0.79,648.14,608.59,0.6,0.38,0.75,0.99,-1.6,RESISTANCE_PROBE,CONFIRMED_BREAKOUT,1,2.28,2.51,0.86,4.62,-1.63,-3.82
UPL,2025-04-23,667.28,75.0,55.0,0.81,43.6,0.76,1.15,668.5,653.73,0.2,0.89,1.15,1.15,2.1,FTF_COILING,CONFIRMED_BREAKOUT,2,0.63,-2.65,-1.47,-3.44,-7.05,-4.52
UPL,2025-04-28,665.71,75.0,45.0,0.95,46.2,0.93,1.41,679.35,644.36,2.0,0.94,0.58,0.58,3.3,FTF_COILING,UNRESOLVED,3,-1.28,-1.24,0.11,-5.23,-7.07,-7.28
UPL,2025-05-02,667.23,75.0,30.0,0.93,48.7,1.04,0.93,679.35,644.36,1.8,0.42,1.04,0.62,2.0,FTF_COILING,UNRESOLVED,3,0.98,-0.12,-0.75,-5.24,-7.64,-8.74
UPL,2025-05-07,675.23,75.0,70.0,1.02,53.8,0.77,0.81,679.35,644.36,0.6,0.93,0.61,0.73,2.0,FTF_COILING,UNRESOLVED,3,-4.58,-1.93,-7.43,-7.21,-6.61,-5.07
UPL,2025-05-12,664.28,75.0,55.0,1.21,53.8,1.43,0.89,679.35,644.36,2.2,0.4,3.38,0.84,-0.0,FTF_COILING,FAILED_BREAKOUT,1,-5.02,-5.9,-4.63,-6.62,-5.58,-0.58
UPL,2025-06-18,626.4,50.0,40.0,1.26,55.0,1.21,0.63,641.22,630.57,2.3,0.1,0.73,0.73,-0.7,FTF_COILING,UNRESOLVED,3,-1.14,-0.74,1.95,5.39,6.16,6.06
UPL,2025-06-23,626.99,50.0,80.0,1.41,55.0,1.04,0.9,641.22,630.57,2.2,0.79,0.51,1.4,-1.8,FTF_COILING,UNRESOLVED,3,0.88,1.85,3.51,6.48,12.75,13.16
UPL,2025-06-26,624.68,50.0,65.0,1.22,55.0,1.07,0.8,641.22,630.57,2.6,0.34,2.23,1.06,-1.8,FTF_COILING,CONFIRMED_BREAKOUT,2,1.32,3.89,7.49,3.95,15.19,10.88
UPL,2025-07-07,667.62,75.0,45.0,1.22,55.0,1.15,1.14,684.01,666.1,2.4,0.3,0.5,0.5,0.2,FTF_COILING,FAILED_BREAKOUT,2,-1.02,-2.28,-2.16,5.88,5.58,8.04
UPL,2025-07-15,667.34,75.0,75.0,1.1,55.0,0.98,0.7,684.01,639.51,2.4,0.86,0.86,0.72,-2.9,RESISTANCE_PROBE,CONFIRMED_BREAKOUT,2,-0.35,2.8,7.28,7.75,2.2,-0.58
UPL,2025-07-18,680.27,75.0,25.0,0.96,55.0,1.11,1.2,684.01,655.6,0.5,0.18,0.71,0.96,-2.9,RESISTANCE_PROBE,CONFIRMED_BREAKOUT,1,3.92,5.24,5.15,-3.16,0.6,-3.19
UPL,2025-07-23,720.38,75.0,70.0,1.63,57.5,1.31,2.06,723.94,704.58,0.5,0.78,1.05,1.05,2.2,FTF_COILING,UNRESOLVED,3,-0.11,-0.71,-0.75,-3.03,-2.05,-2.38
UPL,2025-07-28,722.85,75.0,90.0,1.76,55.0,0.89,1.75,723.94,704.58,0.2,0.62,1.83,0.83,1.5,FTF_COILING,UNRESOLVED,3,-0.52,-1.09,-2.49,-4.95,-0.92,2.74
UPL,2025-07-31,697.05,75.0,55.0,1.48,50.0,0.94,1.28,727.51,710.03,4.2,0.11,0.94,0.59,0.1,RESISTANCE_PROBE,FAILED_BREAKOUT,1,-5.49,1.12,0.23,-2.85,3.43,9.44
UPL,2025-08-05,713.54,75.0,60.0,1.59,52.5,1.66,2.13,727.51,651.69,1.9,0.85,0.88,1.89,-7.8,RESISTANCE_PROBE,UNRESOLVED,3,-2.1,-2.08,-4.41,-0.97,-3.48,0.97
UPL,2025-08-20,706.61,75.0,70.0,1.78,50.0,0.88,0.55,727.51,674.47,2.9,0.4,1.08,0.87,-7.8,RESISTANCE_PROBE,UNRESOLVED,3,-0.14,0.42,0.46,-2.53,-2.03,-3.3
UPL,2025-08-25,715.87,75.0,75.0,1.82,50.0,0.92,0.78,733.9,695.27,2.5,0.34,1.58,1.0,3.0,RESISTANCE_PROBE,UNRESOLVED,3,0.04,-0.84,-1.68,-2.6,-6.31,-5.39
UPL,2025-08-29,708.89,75.0,55.0,1.69,45.0,0.93,1.15,729.44,706.61,2.8,0.67,0.84,0.84,0.3,FTF_COILING,UNRESOLVED,3,1.7,-0.71,-3.76,-3.16,-9.47,-9.45
UPL,2025-09-03,708.74,75.0,40.0,1.55,47.5,1.11,1.06,729.44,706.61,2.8,0.16,1.0,0.85,-0.4,FTF_COILING,FAILED_BREAKOUT,1,-2.82,-3.74,-2.61,-1.53,-7.57,-4.88
UPL,2025-10-30,714.43,75.0,60.0,1.14,52.5,1.27,1.05,733.9,666.25,2.7,0.64,2.15,1.0,7.2,RESISTANCE_PROBE,UNRESOLVED,3,-0.17,1.28,3.69,5.16,5.17,3.73
UPL,2025-11-04,724.34,75.0,60.0,1.1,55.0,1.12,1.65,722.41,706.91,-0.3,0.47,1.06,1.6,2.4,FTF_COILING,CONFIRMED_BREAKOUT,1,0.27,2.27,4.0,2.91,1.59,1.32
UPL,2025-11-10,743.45,75.0,45.0,1.38,60.0,1.34,1.98,740.23,706.56,-0.4,0.32,1.02,2.32,4.8,FTF_COILING,CONFIRMED_BREAKOUT,2,0.23,1.33,3.0,-1.06,-1.44,-2.73
UPL,2025-11-13,750.88,75.0,45.0,1.59,60.0,1.1,1.98,760.44,745.24,1.3,0.41,0.65,0.65,0.8,FTF_COILING,CONFIRMED_BREAKOUT,2,0.06,1.99,-0.61,0.07,-1.62,-3.54
UPL,2025-11-18,752.37,75.0,55.0,1.72,60.0,0.93,1.13,760.44,745.24,1.1,0.13,0.65,0.9,0.8,FTF_COILING,UNRESOLVED,3,-0.92,-0.81,-1.31,-1.7,-1.28,-0.13
UPL,2025-11-21,743.65,75.0,70.0,1.76,62.5,0.8,1.07,760.44,745.24,2.2,0.47,0.66,0.84,0.0,FTF_COILING,UNRESOLVED,3,-1.09,-0.15,1.04,1.1,0.09,-1.19
UPL,2025-11-26,753.31,75.0,80.0,1.6,67.5,0.93,1.17,760.44,745.24,0.9,0.84,0.46,0.88,-1.3,FTF_COILING,UNRESOLVED,3,-0.26,-0.26,-2.31,-3.12,1.59,2.91
UPL,2025-12-01,743.65,75.0,55.0,1.5,61.5,0.91,0.95,760.44,745.24,2.2,0.19,0.56,0.77,-1.3,FTF_COILING,UNRESOLVED,3,-0.55,-1.05,-1.47,1.97,4.86,4.08
UPL,2025-12-04,749.2,75.0,90.0,1.74,59.0,0.95,1.01,768.56,729.93,2.5,0.82,1.06,1.0,2.6,RESISTANCE_PROBE,UNRESOLVED,3,0.35,-2.19,-1.4,-1.59,6.37,8.78
UPL,2025-12-15,758.31,75.0,80.0,1.77,59.0,1.05,0.95,768.56,725.53,1.3,0.85,0.77,1.0,4.5,RESISTANCE_PROBE,UNRESOLVED,3,-2.06,-2.53,1.42,2.83,1.02,3.9
UPL,2025-12-22,769.11,75.0,100.0,1.89,59.0,1.02,0.93,771.53,729.44,0.3,0.91,1.59,1.0,5.4,RESISTANCE_PROBE,CONFIRMED_BREAKOUT,1,0.57,-0.5,1.39,2.93,-6.84,-7.37
UPL,2025-12-26,766.63,75.0,55.0,1.91,56.4,0.98,1.33,777.47,764.6,1.4,0.37,0.59,0.59,0.3,FTF_COILING,CONFIRMED_BREAKOUT,2,-0.4,1.72,3.95,-0.3,-9.24,-10.77
UPL,2025-12-31,787.53,75.0,80.0,2.09,56.4,0.95,1.29,777.47,760.14,-1.3,0.61,1.05,1.36,-0.1,RESISTANCE_PROBE,CONFIRMED_BREAKOUT,1,1.28,1.19,0.98,-1.85,-9.96,-11.1
UPL,2026-01-05,797.38,75.0,70.0,2.08,53.8,1.05,1.39,804.41,789.66,0.9,0.52,0.73,0.73,1.0,FTF_COILING,UNRESOLVED,3,-0.72,-0.27,-3.88,-2.23,-8.11,-6.88
UPL,2026-01-08,786.88,75.0,40.0,1.8,48.7,0.9,1.01,804.41,789.66,2.2,0.27,0.76,0.87,0.3,FTF_COILING,FAILED_BREAKOUT,1,-2.87,-2.6,-1.77,-11.83,-6.7,-3.94
UPL,2026-01-16,782.57,75.0,85.0,1.49,50.0,1.03,0.71,804.41,754.1,2.7,0.62,1.15,0.73,-3.2,RESISTANCE_PROBE,FAILED_BREAKOUT,2,-0.38,-8.44,-11.09,-11.59,-7.13,1.43
UPL,2026-04-08,634.11,25.0,60.0,0.63,47.5,1.13,0.71,624.85,568.45,-1.5,0.84,1.34,0.87,-4.3,RESISTANCE_PROBE,CONFIRMED_BREAKOUT,1,0.27,0.72,3.08,0.28,1.59,1.32
UPL,2026-05-08,639.81,50.0,35.0,0.62,48.7,1.01,0.53,657.63,642.93,2.7,0.23,1.03,1.03,-0.5,FTF_COILING,CONFIRMED_BREAKOUT,1,3.56,-3.07,-2.13,-2.17,-1.32,-4.72
UPL,2026-05-25,646.05,75.0,70.0,1.09,51.3,0.87,0.82,664.72,616.28,2.8,0.87,0.66,0.82,1.1,FTF_COILING,UNRESOLVED,3,0.41,0.59,-1.08,-4.19,-7.17,-7.72
UPL,2026-05-28,649.86,75.0,85.0,1.22,55.3,0.61,0.73,664.72,616.28,2.2,0.5,0.0,0.77,1.1,FTF_COILING,UNRESOLVED,3,-1.73,-1.66,-2.59,-9.51,-10.01,-7.97
VBL,2024-12-30,639.5,75.0,70.0,1.09,42.5,0.95,0.46,657.93,616.19,2.8,0.55,2.97,1.0,3.8,RESISTANCE_PROBE,UNRESOLVED,3,-0.77,1.15,-1.98,-10.68,-18.38,-19.04
VBL,2025-01-02,644.72,75.0,10.0,0.95,42.5,1.21,0.93,657.93,617.19,2.0,0.23,1.05,0.56,2.8,FTF_COILING,UNRESOLVED,3,0.54,-2.77,-6.67,-11.41,-16.66,-12.55
VBL,2025-04-21,543.94,75.0,25.0,0.72,48.7,0.73,0.57,565.53,540.71,3.8,0.19,0.92,0.92,-0.4,RESISTANCE_PROBE,FAILED_BREAKOUT,3,0.48,0.43,-2.49,-5.94,-12.08,-9.69
VBL,2025-07-31,520.37,50.0,60.0,1.45,52.5,1.61,1.65,531.92,512.81,2.2,0.82,0.7,0.7,1.5,FTF_COILING,UNRESOLVED,3,-1.95,-2.59,-3.72,-3.88,-5.12,-2.51
VBL,2025-08-20,515.94,50.0,70.0,1.62,50.0,1.01,0.77,531.92,491.62,3.0,0.65,0.85,0.61,-3.6,RESISTANCE_PROBE,UNRESOLVED,3,-0.08,-0.2,-3.85,-5.44,-8.52,-8.23
VBL,2025-10-24,459.87,25.0,20.0,0.77,47.5,0.96,1.02,469.94,461.42,2.1,0.34,0.87,0.87,-0.3,FTF_COILING,CONFIRMED_BREAKOUT,3,-0.44,-1.57,1.79,0.4,-3.32,-9.96
VBL,2025-12-30,482.85,50.0,80.0,1.09,50.0,0.87,0.99,492.72,479.86,2.0,0.63,1.25,1.25,0.6,FTF_COILING,UNRESOLVED,3,1.11,1.51,2.97,3.46,-3.31,-5.14
VBL,2026-01-02,492.17,50.0,70.0,1.12,52.5,0.83,0.79,492.72,479.86,0.1,0.68,1.01,0.96,0.6,FTF_COILING,CONFIRMED_BREAKOUT,2,-1.03,1.02,-0.97,1.34,-5.57,-6.53
VBL,2026-01-07,508.01,75.0,100.0,1.35,55.0,1.05,0.8,492.72,482.1,-3.1,0.87,1.23,1.12,0.6,RESISTANCE_PROBE,CONFIRMED_BREAKOUT,1,-1.73,-4.06,-1.43,-6.22,-14.24,-12.74
VBL,2026-04-29,522.02,75.0,45.0,1.31,50.0,1.21,2.47,528.31,513.99,1.2,0.24,1.06,1.06,1.6,FTF_COILING,UNRESOLVED,3,-1.7,-1.7,-2.61,-6.4,2.28,5.48
VBL,2026-05-04,506.19,75.0,40.0,1.2,48.7,0.76,1.92,528.31,508.69,4.2,0.11,0.58,0.61,-0.2,RESISTANCE_PROBE,UNRESOLVED,3,0.98,0.43,-1.08,0.94,3.7,2.92
VBL,2026-05-07,510.03,50.0,60.0,1.2,48.7,0.65,0.61,528.31,513.99,3.5,0.45,0.4,0.57,-1.5,FTF_COILING,FAILED_BREAKOUT,2,-0.34,-1.82,-1.07,1.81,3.49,5.41
VBL,2026-05-18,510.93,50.0,75.0,1.29,53.8,1.06,0.52,528.31,484.11,3.3,0.84,0.6,0.48,-5.1,RESISTANCE_PROBE,UNRESOLVED,3,0.65,0.49,3.75,2.74,5.77,4.07
VBL,2026-05-21,519.27,50.0,75.0,1.28,56.4,0.87,0.66,533.6,493.75,2.7,0.49,0.97,1.0,5.2,RESISTANCE_PROBE,CONFIRMED_BREAKOUT,1,3.77,2.09,2.82,1.64,2.25,-1.46
VBL,2026-05-26,530.71,50.0,60.0,1.58,56.4,1.07,1.2,543.35,525.62,2.3,0.56,0.88,0.88,1.0,FTF_COILING,UNRESOLVED,3,0.6,0.6,1.07,-0.29,-5.08,-4.49
VBL,2026-05-29,527.42,75.0,35.0,1.54,57.9,0.85,0.99,543.35,525.62,2.9,0.13,2.45,0.56,1.0,FTF_COILING,UNRESOLVED,3,-0.47,1.7,-0.89,-1.1,-3.85,-4.83
VBL,2026-06-03,532.81,75.0,55.0,1.59,57.9,0.98,0.82,543.8,524.87,2.0,0.44,0.8,1.07,0.0,FTF_COILING,UNRESOLVED,3,-0.94,-1.89,-1.34,2.0,-3.32,-1.24
VBL,2026-06-09,529.16,75.0,85.0,1.6,52.6,0.9,0.71,543.8,524.87,2.7,0.8,0.78,0.83,-0.6,FTF_COILING,UNRESOLVED,3,-0.66,-1.86,2.13,-4.8,-8.59,-7.27
VBL,2026-06-15,540.4,75.0,95.0,1.71,50.0,1.09,0.54,543.8,524.87,0.6,0.85,1.31,0.72,-1.1,FTF_COILING,CONFIRMED_BREAKOUT,2,0.01,0.56,-5.18,-6.82,-13.29,-13.78
VBL,2026-06-18,530.96,75.0,70.0,1.63,50.0,1.14,0.71,543.8,524.87,2.4,0.08,1.38,0.8,-1.1,FTF_COILING,FAILED_BREAKOUT,2,-0.39,-3.5,-4.5,-3.93,-12.23,-9.05
VEDL,2025-06-05,410.11,75.0,70.0,1.31,67.5,1.03,0.9,423.04,406.23,3.1,0.64,0.8,0.87,-0.6,FTF_COILING,CONFIRMED_BREAKOUT,2,2.03,4.27,4.86,0.08,6.01,1.67
VEDL,2025-06-10,431.02,75.0,55.0,1.41,72.5,1.06,0.77,423.04,404.83,-1.9,0.28,1.12,1.01,-0.6,RESISTANCE_PROBE,CONFIRMED_BREAKOUT,1,1.68,-0.23,-0.56,-1.89,0.43,-1.23
VEDL,2025-06-24,422.9,50.0,45.0,1.94,62.5,1.13,1.2,436.81,407.91,3.2,0.18,0.71,1.2,-3.1,RESISTANCE_PROBE,CONFIRMED_BREAKOUT,3,-0.86,2.18,4.51,2.36,1.08,-2.84
VEDL,2025-06-27,439.92,50.0,75.0,1.89,62.5,1.0,0.94,436.81,416.92,-0.7,0.4,2.48,1.03,-3.1,RESISTANCE_PROBE,CONFIRMED_BREAKOUT,1,-0.63,0.46,-1.01,-4.53,-4.36,-3.75
VEDL,2025-07-02,445.33,50.0,70.0,1.81,62.5,1.12,1.29,446.8,435.42,0.3,0.54,1.18,0.93,0.4,FTF_COILING,UNRESOLVED,3,-2.38,-2.22,-6.11,-4.69,-7.42,-4.32
VEDL,2025-07-08,432.86,50.0,70.0,1.59,62.5,0.82,1.12,448.08,433.57,3.4,0.68,0.42,0.44,-0.6,FTF_COILING,FAILED_BREAKOUT,1,-3.41,-3.75,-1.38,-1.25,-3.91,-0.52
VEDL,2025-07-23,432.24,75.0,85.0,1.2,60.0,0.63,0.45,448.08,420.76,3.5,0.78,0.32,0.74,-3.9,RESISTANCE_PROBE,UNRESOLVED,3,-0.94,-2.66,-4.62,-3.31,-1.92,2.04
VEDL,2025-08-22,421.43,50.0,35.0,0.88,50.0,1.1,1.25,425.93,420.38,1.1,0.07,2.63,2.63,0.2,FTF_COILING,CONFIRMED_BREAKOUT,1,1.36,-0.06,0.59,1.39,7.0,5.56
VEDL,2025-08-28,417.53,50.0,20.0,0.92,47.5,0.85,1.67,428.25,419.0,2.5,0.39,0.93,0.93,-0.4,FTF_COILING,UNRESOLVED,3,-0.91,1.53,2.64,3.11,8.75,6.96
VEDL,2025-09-02,424.51,75.0,25.0,0.92,47.5,1.1,1.19,428.25,419.0,0.9,0.69,0.82,0.98,-1.3,FTF_COILING,CONFIRMED_BREAKOUT,1,1.82,0.95,0.28,6.88,7.92,6.0
VEDL,2025-09-05,438.18,75.0,50.0,0.92,50.0,1.17,0.99,428.25,416.45,-2.3,0.88,0.98,0.99,-1.3,RESISTANCE_PROBE,CONFIRMED_BREAKOUT,1,-2.49,-2.85,1.21,2.27,5.68,8.38
VEDL,2025-09-10,426.58,75.0,20.0,0.73,47.5,0.93,1.16,434.69,426.23,1.9,0.31,0.61,0.71,-0.1,FTF_COILING,CONFIRMED_BREAKOUT,2,0.92,3.97,5.18,3.4,11.64,7.39
VEDL,2025-09-16,453.72,75.0,60.0,0.97,52.5,1.0,1.27,455.2,445.31,0.3,0.75,0.94,0.94,1.9,FTF_COILING,CONFIRMED_BREAKOUT,1,-1.12,-1.22,-0.89,0.98,4.71,5.9
VEDL,2025-09-19,448.12,75.0,25.0,0.98,47.5,1.16,1.96,463.26,436.71,3.3,0.54,0.99,0.74,2.6,FTF_COILING,UNRESOLVED,3,0.63,0.35,-1.68,3.34,4.02,5.68
VEDL,2025-09-25,454.07,75.0,80.0,0.92,50.0,0.91,1.04,463.26,436.71,2.0,0.84,1.27,0.79,1.0,FTF_COILING,UNRESOLVED,3,-2.97,-2.04,2.01,4.45,9.44,8.47
VEDL,2025-09-30,458.15,75.0,60.0,0.98,55.0,1.26,1.2,463.26,436.71,1.1,0.83,1.54,0.92,0.9,FTF_COILING,CONFIRMED_BREAKOUT,2,-0.2,1.11,1.48,3.7,8.83,7.64
VEDL,2025-10-06,463.07,75.0,35.0,1.02,50.0,1.09,1.54,472.02,456.87,1.9,0.34,0.8,0.8,1.4,FTF_COILING,CONFIRMED_BREAKOUT,3,0.22,0.4,1.81,0.66,7.93,4.95
VEDL,2025-10-09,476.25,75.0,100.0,1.2,57.5,1.02,1.18,472.02,456.87,-0.9,0.95,1.38,0.75,1.4,FTF_COILING,CONFIRMED_BREAKOUT,3,-0.41,-1.01,-1.05,2.35,7.31,8.24
VEDL,2025-10-14,472.16,75.0,75.0,1.23,55.0,1.04,1.12,472.02,456.87,-0.0,0.37,1.21,0.9,1.4,FTF_COILING,UNRESOLVED,3,0.62,-0.2,-0.92,7.53,10.32,11.72
VEDL,2025-10-17,466.26,75.0,60.0,1.14,52.5,0.92,0.99,472.02,456.87,1.2,0.48,0.56,0.86,1.4,FTF_COILING,UNRESOLVED,3,-0.03,0.34,6.58,8.22,7.73,5.68
VEDL,2025-10-23,475.31,75.0,95.0,1.24,52.5,0.76,0.47,472.02,456.87,-0.7,0.84,1.12,0.73,1.4,FTF_COILING,CONFIRMED_BREAKOUT,1,2.56,4.55,4.9,6.58,2.72,0.16
VEDL,2025-10-28,494.2,75.0,55.0,1.34,57.5,0.94,1.05,492.82,479.25,-0.3,0.28,0.99,1.25,3.7,FTF_COILING,CONFIRMED_BREAKOUT,1,2.74,0.9,1.13,3.61,2.76,0.02
VEDL,2025-11-03,504.57,75.0,80.0,1.41,55.0,1.35,1.29,515.79,495.77,2.2,0.89,1.47,0.91,-2.1,FTF_COILING,UNRESOLVED,3,-0.95,-1.57,2.11,-0.45,4.95,4.53
VEDL,2025-11-07,506.59,75.0,60.0,1.46,55.0,1.26,1.0,515.79,495.77,1.8,0.89,0.82,0.95,-2.1,FTF_COILING,UNRESOLVED,3,0.88,1.71,2.0,-3.62,1.83,0.75
VEDL,2025-11-12,512.05,75.0,55.0,1.55,52.5,1.0,0.78,515.79,495.77,0.7,0.24,0.76,0.88,-2.1,FTF_COILING,CONFIRMED_BREAKOUT,1,1.73,0.91,-1.69,-0.83,0.69,-1.02
VEDL,2025-11-17,512.25,75.0,55.0,1.51,50.0,0.84,0.85,526.7,515.59,2.7,0.17,0.44,0.64,0.2,FTF_COILING,FAILED_BREAKOUT,1,-1.94,-1.73,-4.93,2.4,5.49,7.58
VEDL,2025-11-27,510.57,75.0,55.0,1.26,52.5,0.93,0.77,526.7,485.69,3.1,0.27,0.7,0.68,-5.5,RESISTANCE_PROBE,UNRESOLVED,3,1.33,2.74,2.03,1.92,15.77,11.62
VEDL,2025-12-02,529.56,75.0,90.0,1.75,55.0,0.92,0.83,526.7,508.85,-0.5,0.85,1.17,0.77,-5.5,RESISTANCE_PROBE,UNRESOLVED,3,-1.04,-1.63,-4.13,5.78,12.26,15.23
VEDL,2025-12-05,515.88,75.0,80.0,1.51,50.0,1.09,1.04,534.08,519.57,3.4,0.49,1.68,1.68,-0.7,FTF_COILING,FAILED_BREAKOUT,1,-2.53,-1.59,3.64,10.89,17.38,20.42
VEDL,2025-12-10,515.59,75.0,70.0,1.52,52.5,1.25,1.05,534.08,494.1,3.5,0.55,1.62,1.14,-3.2,RESISTANCE_PROBE,CONFIRMED_BREAKOUT,2,0.93,3.7,8.7,14.11,15.13,11.02
VEDL,2025-12-15,540.38,75.0,90.0,1.61,55.0,1.12,1.15,534.08,507.67,-1.2,0.81,1.39,1.37,-3.2,RESISTANCE_PROBE,CONFIRMED_BREAKOUT,1,3.66,3.71,6.6,10.22,15.98,11.89
VEDL,2025-12-18,569.64,75.0,70.0,2.04,60.0,1.29,1.92,570.92,556.8,0.2,0.8,1.13,1.13,2.3,FTF_COILING,CONFIRMED_BREAKOUT,1,0.42,1.12,3.76,6.53,17.88,17.38
VEDL,2025-12-23,576.77,75.0,55.0,2.47,60.0,0.94,1.98,570.92,554.74,-1.0,0.29,0.58,1.18,2.3,RESISTANCE_PROBE,CONFIRMED_BREAKOUT,1,2.0,2.48,3.07,6.11,15.39,13.12
VEDL,2025-12-30,595.6,75.0,80.0,2.38,65.0,0.97,1.3,605.88,580.7,1.7,0.91,0.91,0.91,2.6,FTF_COILING,UNRESOLVED,3,-0.19,-0.48,2.68,5.23,21.72,19.47
VEDL,2026-01-02,606.82,75.0,80.0,2.24,65.0,1.04,1.07,605.88,580.7,-0.2,0.9,0.62,0.59,2.1,FTF_COILING,CONFIRMED_BREAKOUT,2,-0.21,0.78,-1.15,10.66,7.08,6.26
VEDL,2026-01-07,611.98,75.0,60.0,2.17,62.5,0.89,0.71,605.88,593.68,-1.0,0.34,0.68,0.62,2.1,RESISTANCE_PROBE,CONFIRMED_BREAKOUT,3,-3.01,-1.98,8.61,8.75,5.3,4.44
VEDL,2026-01-12,617.04,75.0,70.0,2.2,65.0,1.09,0.99,605.88,585.23,-1.8,0.9,0.92,0.7,2.1,RESISTANCE_PROBE,CONFIRMED_BREAKOUT,1,1.57,7.71,7.56,12.45,10.01,8.31
VEDL,2026-01-20,660.76,75.0,55.0,2.24,71.8,1.21,1.67,676.7,653.44,2.4,0.15,1.23,1.0,1.1,RESISTANCE_PROBE,CONFIRMED_BREAKOUT,3,0.72,1.02,9.72,2.38,0.92,-0.9
VEDL,2026-01-23,672.91,75.0,65.0,2.66,71.8,1.13,1.46,687.52,648.17,2.1,0.15,1.35,1.0,3.8,RESISTANCE_PROBE,CONFIRMED_BREAKOUT,2,3.11,7.74,-3.43,-0.64,-0.42,-7.58
VEDL,2026-03-06,709.16,75.0,70.0,1.84,69.2,1.36,0.94,725.78,694.4,2.3,0.7,1.08,1.08,2.1,FTF_COILING,UNRESOLVED,3,-1.61,0.14,-4.36,-6.77,1.73,1.65
VEDL,2026-03-11,709.7,75.0,65.0,1.8,66.7,1.18,0.94,725.78,694.4,2.2,0.23,1.27,1.05,0.5,FTF_COILING,FAILED_BREAKOUT,2,-0.27,-4.43,-5.9,-7.19,6.04,10.96
VEDL,2026-04-09,737.0,75.0,80.0,1.58,62.5,0.98,1.02,757.15,686.8,2.7,0.88,0.98,1.0,7.3,RESISTANCE_PROBE,CONFIRMED_BREAKOUT,3,1.11,2.11,6.85,-2.18,-59.78,-61.3
VEDL,2026-04-15,766.05,75.0,100.0,1.5,62.5,0.8,1.01,768.0,722.3,0.3,0.93,1.41,1.0,6.1,RESISTANCE_PROBE,CONFIRMED_BREAKOUT,1,2.19,2.8,-1.18,0.99,-57.79,-58.7
VEDL,2026-04-20,771.0,75.0,55.0,2.05,62.5,0.88,1.06,791.15,741.1,2.5,0.19,0.64,1.0,4.0,RESISTANCE_PROBE,UNRESOLVED,3,-0.54,-1.82,-3.7,-61.78,-57.59,-55.55
VEDL,2026-04-29,773.6,75.0,80.0,1.44,57.5,1.21,1.37,795.0,707.6,2.7,0.87,2.7,1.27,-5.5,RESISTANCE_PROBE,FAILED_BREAKOUT,1,-64.9,-64.9,-59.1,-58.2,-54.15,30.62
VEDL,2026-08-07,278.85,25.0,45.0,0.51,47.4,1.05,0.76,282.35,273.6,1.2,1.0,0.86,0.86,1.9,FTF_COILING,CONFIRMED_BREAKOUT,1,1.72,-1.38,-4.07,0.05,-2.42,-4.07
VEDL,2026-08-12,275.8,25.0,15.0,0.62,50.0,1.22,0.93,282.35,273.6,2.3,0.35,0.85,1.32,0.5,FTF_COILING,FAILED_BREAKOUT,2,-1.7,-3.01,-4.79,3.88,-1.2,1.87
VEDL,2026-08-21,279.0,50.0,85.0,0.64,51.3,0.98,0.5,282.35,261.35,1.2,0.93,1.95,0.96,-4.0,RESISTANCE_PROBE,CONFIRMED_BREAKOUT,3,-0.72,-1.43,3.21,-2.47,-4.09,-6.6
VEDL,2026-08-27,281.0,50.0,0.0,0.67,48.7,1.29,0.96,282.35,272.4,0.5,0.15,0.98,1.11,-4.0,RESISTANCE_PROBE,CONFIRMED_BREAKOUT,1,2.47,-1.0,-3.74,-4.25,-4.8,-7.1
VOLTAS,2025-01-03,1808.89,75.0,0.0,0.48,47.5,1.44,0.88,1885.52,1716.55,4.1,0.25,0.98,1.0,5.4,RESISTANCE_PROBE,UNRESOLVED,3,-2.67,-2.47,-8.83,-12.48,-30.9,-28.54
VOLTAS,2025-06-02,1235.2,25.0,35.0,0.76,50.0,0.6,0.7,1261.97,1244.12,2.1,0.11,0.65,0.65,-0.7,FTF_COILING,FAILED_BREAKOUT,1,-1.44,-1.33,3.25,5.43,6.05,7.6
VOLTAS,2025-06-05,1236.69,25.0,35.0,0.8,52.5,0.91,0.74,1261.97,1244.12,2.0,0.83,0.8,0.6,-2.1,FTF_COILING,CONFIRMED_BREAKOUT,2,1.89,3.13,3.4,1.08,10.19,6.85
VOLTAS,2025-06-11,1300.93,50.0,55.0,0.86,55.0,1.34,0.73,1289.73,1263.46,-0.9,0.49,1.74,1.98,3.4,FTF_COILING,UNRESOLVED,3,-1.71,-2.67,-1.59,0.46,4.74,4.64
VOLTAS,2025-06-16,1302.22,50.0,50.0,0.94,52.5,1.45,0.98,1289.73,1263.46,-1.0,0.94,1.05,1.32,0.2,FTF_COILING,CONFIRMED_BREAKOUT,1,-1.48,-1.68,-0.93,0.6,5.4,6.98
VOLTAS,2025-06-19,1250.07,25.0,0.0,0.84,47.5,1.37,0.97,1311.04,1250.57,4.7,0.14,0.9,1.72,0.7,RESISTANCE_PROBE,UNRESOLVED,3,3.18,3.21,5.03,9.01,10.9,6.47
VOLTAS,2025-06-24,1302.11,50.0,35.0,0.92,52.5,1.34,1.05,1311.04,1271.19,0.7,0.16,1.31,1.16,-1.7,FTF_COILING,CONFIRMED_BREAKOUT,2,0.37,0.83,1.55,4.98,3.92,3.06
VOLTAS,2025-06-27,1301.21,50.0,35.0,0.87,55.0,0.94,1.0,1336.7,1300.91,2.7,0.23,2.63,2.63,0.0,FTF_COILING,UNRESOLVED,3,0.67,1.62,4.53,4.92,0.79,-1.29
VOLTAS,2025-07-02,1328.63,50.0,50.0,0.93,57.5,0.79,1.3,1325.54,1293.94,-0.2,0.63,0.79,0.79,1.2,FTF_COILING,CONFIRMED_BREAKOUT,1,2.57,2.37,2.56,4.84,0.24,-2.27
VOLTAS,2025-08-19,1374.58,50.0,50.0,1.1,57.5,1.29,1.74,1397.81,1321.85,1.7,0.9,0.86,0.86,4.0,FTF_COILING,UNRESOLVED,3,-0.66,-1.17,-2.29,3.73,2.39,4.34
VOLTAS,2025-08-22,1348.96,50.0,25.0,1.17,50.0,1.27,1.34,1397.81,1321.85,3.5,0.09,0.56,0.84,2.8,FTF_COILING,UNRESOLVED,3,0.31,-0.44,4.34,4.88,1.7,1.24
VOLTAS,2025-08-28,1355.04,50.0,85.0,1.35,50.0,0.74,0.66,1397.81,1321.85,3.1,0.83,0.86,0.79,1.6,FTF_COILING,CONFIRMED_BREAKOUT,2,1.08,3.87,3.19,2.65,0.96,-2.8
VOLTAS,2025-09-02,1436.09,50.0,90.0,1.46,52.5,0.9,0.85,1397.81,1329.92,-2.7,0.87,1.15,0.87,1.6,RESISTANCE_PROBE,CONFIRMED_BREAKOUT,1,-0.71,-2.64,-1.96,-1.8,-6.05,-5.37
VOLTAS,2025-09-05,1428.31,50.0,70.0,1.13,50.0,1.04,1.1,1465.4,1393.62,2.5,0.86,0.91,0.91,2.5,FTF_COILING,UNRESOLVED,3,-0.95,-1.43,-2.04,-0.9,-4.61,-2.02
VOLTAS,2025-09-18,1421.73,50.0,65.0,1.11,45.0,0.69,0.77,1465.4,1393.62,3.0,0.85,1.11,0.69,-0.2,FTF_COILING,UNRESOLVED,3,-0.44,-3.51,-3.77,-4.61,0.03,3.93
VOLTAS,2025-10-13,1374.18,25.0,20.0,0.94,48.7,1.18,1.47,1433.1,1337.2,4.1,0.28,1.18,1.18,-0.8,RESISTANCE_PROBE,UNRESOLVED,3,0.96,2.44,4.81,3.62,-2.97,-5.51
VOLTAS,2025-10-16,1411.17,50.0,50.0,1.05,51.3,1.12,1.2,1433.1,1385.95,1.5,0.58,0.72,0.97,-0.8,FTF_COILING,CONFIRMED_BREAKOUT,3,0.78,2.06,1.82,-2.26,-2.95,-5.63
VOLTAS,2025-10-21,1451.24,50.0,80.0,1.21,59.0,0.94,0.85,1433.1,1400.7,-1.3,0.85,0.17,0.89,-0.8,RESISTANCE_PROBE,CONFIRMED_BREAKOUT,1,-1.69,-0.99,-2.54,-11.22,-3.02,-1.36
VOLTAS,2025-10-27,1432.1,50.0,85.0,1.3,56.4,0.89,0.69,1433.1,1385.95,0.1,0.64,1.0,0.76,-0.8,FTF_COILING,UNRESOLVED,3,-0.57,-1.24,-4.94,-9.24,-5.59,-4.47
VOLTAS,2025-10-30,1415.35,50.0,70.0,1.03,51.3,0.9,0.86,1433.1,1385.95,1.2,0.79,0.82,0.78,-0.8,FTF_COILING,FAILED_BREAKOUT,3,-2.55,-3.81,-6.92,-4.85,-3.06,1.24
VOLTAS,2025-12-19,1371.19,25.0,60.0,1.09,50.0,1.15,0.58,1421.43,1366.11,3.5,0.22,1.36,1.36,0.4,FTF_COILING,UNRESOLVED,3,0.91,0.73,0.33,7.36,1.66,0.27
VOLTAS,2025-12-24,1390.33,50.0,30.0,1.01,52.5,1.24,0.7,1410.57,1360.23,1.4,0.4,0.79,0.35,1.5,FTF_COILING,UNRESOLVED,3,-0.98,-1.05,-0.75,5.33,-7.26,-4.23
VOLTAS,2026-01-01,1379.96,50.0,35.0,0.8,55.0,1.06,0.44,1410.57,1360.23,2.2,0.86,0.59,0.58,-1.0,FTF_COILING,CONFIRMED_BREAKOUT,1,3.32,6.68,6.13,4.02,-4.07,-7.15
VOLTAS,2026-01-08,1464.5,75.0,25.0,1.18,57.5,1.39,1.21,1500.29,1468.19,2.4,0.09,0.61,1.66,2.4,FTF_COILING,UNRESOLVED,3,-0.16,-0.06,-1.99,-11.95,-2.32,-1.76
VOLTAS,2026-01-13,1456.13,75.0,55.0,1.24,55.0,0.94,0.91,1500.29,1468.19,2.9,0.44,0.63,1.04,-0.4,FTF_COILING,FAILED_BREAKOUT,1,-1.42,-1.42,-9.34,-6.01,3.14,4.63
VOLTAS,2026-02-09,1498.19,75.0,80.0,1.27,56.4,1.11,0.95,1517.73,1355.94,1.3,0.96,1.08,1.0,10.5,RESISTANCE_PROBE,CONFIRMED_BREAKOUT,3,-1.82,0.24,1.84,2.35,-3.59,-5.66
VOLTAS,2026-02-13,1520.62,75.0,70.0,1.54,53.8,1.0,1.38,1525.21,1454.73,0.3,0.64,0.65,1.26,3.2,FTF_COILING,CONFIRMED_BREAKOUT,3,0.34,0.28,1.41,2.35,-7.8,-8.88
VOLTAS,2026-02-18,1538.57,75.0,100.0,1.66,53.8,0.67,0.96,1525.21,1454.73,-0.9,0.72,1.29,0.82,3.2,FTF_COILING,CONFIRMED_BREAKOUT,3,-1.99,0.23,-1.36,-3.76,-12.71,-12.42
VOLTAS,2026-02-23,1533.38,75.0,55.0,1.48,53.8,0.78,0.99,1525.21,1454.73,-0.5,0.26,0.71,0.91,3.2,FTF_COILING,CONFIRMED_BREAKOUT,1,-0.01,-1.03,-2.54,-5.81,-15.35,-15.34
VOLTAS,2026-02-26,1539.66,75.0,90.0,1.36,53.8,0.84,1.17,1561.49,1508.36,1.4,0.62,1.48,1.48,2.1,FTF_COILING,FAILED_BREAKOUT,3,1.09,-2.94,-4.28,-8.44,-17.59,-11.54
VOLTAS,2026-06-16,1327.6,50.0,45.0,1.23,42.1,0.95,0.74,1345.0,1301.0,1.3,0.37,0.83,0.83,2.0,FTF_COILING,CONFIRMED_BREAKOUT,1,1.91,2.26,-0.02,-3.77,2.36,0.44
VOLTAS,2026-06-19,1343.4,75.0,30.0,1.12,42.1,1.05,1.09,1381.8,1325.3,2.8,0.32,0.84,1.01,2.4,FTF_COILING,CONFIRMED_BREAKOUT,1,0.79,-1.19,-3.05,-4.7,-0.07,-0.86
VOLTAS,2026-08-17,1267.0,50.0,35.0,1.44,51.3,1.18,1.07,1347.5,1266.1,6.0,0.12,5.41,5.41,-1.8,RESISTANCE_PROBE,FAILED_BREAKOUT,2,-1.11,-3.47,-1.97,-5.73,-8.05,-4.74
WELSPUNLIV,2025-05-19,144.46,75.0,55.0,4.99,51.3,0.81,1.25,152.65,141.24,5.4,0.15,0.26,0.43,-3.1,RESISTANCE_PROBE,UNRESOLVED,3,-2.63,2.19,2.34,-9.19,-8.85,-11.87
WELSPUNLIV,2025-05-22,149.41,75.0,85.0,5.68,52.5,0.87,0.56,152.65,139.88,2.1,0.72,0.3,0.36,-4.2,RESISTANCE_PROBE,UNRESOLVED,3,0.51,-1.04,-2.96,-7.06,-13.94,-11.98
WELSPUNLIV,2025-10-23,127.84,50.0,35.0,3.89,55.0,1.39,0.42,129.56,118.58,1.3,0.18,6.94,0.68,-2.2,RESISTANCE_PROBE,CONFIRMED_BREAKOUT,2,0.22,1.35,3.48,1.22,6.61,5.18
WELSPUNLIV,2025-10-28,128.27,50.0,45.0,3.89,60.0,1.09,1.2,131.92,126.92,2.8,0.41,0.45,0.98,0.9,FTF_COILING,CONFIRMED_BREAKOUT,1,3.61,3.13,0.6,8.55,4.04,0.41
WELSPUNLIV,2025-10-31,129.57,50.0,50.0,3.56,55.0,1.13,0.62,131.92,126.92,1.8,0.32,0.7,0.9,0.9,FTF_COILING,UNRESOLVED,3,1.28,-0.41,2.02,6.58,9.53,11.62
WELSPUNLIV,2025-11-06,127.14,50.0,60.0,3.72,52.5,0.82,0.51,131.92,127.42,3.6,0.07,0.41,0.75,0.9,RESISTANCE_PROBE,CONFIRMED_BREAKOUT,3,1.78,3.97,7.36,10.34,7.49,1.42
WELSPUNLIV,2025-11-11,134.75,50.0,95.0,4.58,57.5,0.91,0.34,131.92,125.82,-2.1,0.49,1.94,0.7,0.2,RESISTANCE_PROBE,CONFIRMED_BREAKOUT,1,3.33,1.3,4.52,-3.38,-2.22,-5.37
WELSPUNLIV,2025-11-19,136.54,25.0,55.0,4.38,60.0,0.93,1.25,142.9,136.24,4.5,0.12,0.61,0.61,-1.2,RESISTANCE_PROBE,FAILED_BREAKOUT,3,2.75,-0.18,-2.26,2.76,-2.09,1.43
WELSPUNLIV,2026-02-04,144.57,100.0,55.0,2.35,38.5,1.63,1.38,152.76,119.66,5.4,0.46,5.7,1.0,20.8,RESISTANCE_PROBE,UNRESOLVED,3,-1.84,-2.98,-3.07,-4.29,-16.84,-17.1
WELSPUNLIV,2026-04-23,133.42,75.0,55.0,1.24,55.0,0.88,0.83,136.37,132.12,2.2,0.42,0.75,0.75,1.0,FTF_COILING,UNRESOLVED,3,-2.5,-0.57,-3.4,-0.94,8.99,10.41
WELSPUNLIV,2026-04-28,131.7,75.0,55.0,1.21,55.0,0.88,0.92,136.37,132.12,3.4,0.28,0.45,0.71,-1.5,FTF_COILING,FAILED_BREAKOUT,2,-1.13,-2.14,-1.21,1.97,5.33,7.64
WELSPUNLIV,2026-05-06,132.83,50.0,85.0,1.2,61.5,0.71,0.48,136.37,127.22,2.6,0.78,0.75,0.64,-2.5,RESISTANCE_PROBE,CONFIRMED_BREAKOUT,2,-0.5,0.67,0.69,6.58,9.53,8.8
WELSPUNLIV,2026-05-11,136.0,50.0,80.0,1.39,61.5,1.32,1.27,138.92,132.82,2.1,0.8,1.95,1.95,2.4,FTF_COILING,UNRESOLVED,3,-1.26,-1.65,1.9,1.87,4.64,6.08
WELSPUNLIV,2026-05-14,134.15,50.0,50.0,1.57,61.5,1.3,1.86,138.87,132.93,3.4,0.55,0.5,0.5,0.9,FTF_COILING,CONFIRMED_BREAKOUT,1,5.06,3.31,8.4,3.89,0.98,-3.88
WELSPUNLIV,2026-05-19,140.31,50.0,60.0,1.95,64.1,1.13,2.04,138.87,132.52,-1.0,0.6,0.67,2.26,0.9,RESISTANCE_PROBE,CONFIRMED_BREAKOUT,1,0.9,3.64,-1.13,2.32,3.84,2.92
WELSPUNLIV,2026-06-18,162.9,75.0,85.0,3.19,55.3,1.41,0.72,165.4,139.42,1.5,0.86,9.7,1.0,16.8,RESISTANCE_PROBE,UNRESOLVED,3,-0.47,-0.77,2.65,2.35,1.17,1.99
WELSPUNLIV,2026-06-23,161.58,75.0,45.0,2.21,52.6,1.52,3.0,164.48,158.1,1.8,0.28,1.1,1.03,2.2,FTF_COILING,CONFIRMED_BREAKOUT,1,5.05,3.49,-1.76,5.41,2.76,-2.18
WELSPUNLIV,2026-07-13,174.14,75.0,75.0,2.19,52.6,1.06,0.6,174.97,161.7,0.5,0.93,0.93,1.0,7.7,RESISTANCE_PROBE,UNRESOLVED,3,-5.51,-4.74,-6.18,-6.09,-5.66,-0.31
WELSPUNLIV,2026-08-18,177.79,75.0,70.0,4.74,50.0,1.61,3.3,178.0,162.84,0.1,0.66,6.52,1.91,3.3,FTF_COILING,CONFIRMED_BREAKOUT,1,1.94,6.13,7.04,11.6,13.41,11.25
WIPRO,2025-01-21,276.52,75.0,30.0,1.09,47.5,1.31,1.17,283.05,275.22,2.3,0.07,1.39,1.39,0.5,FTF_COILING,CONFIRMED_BREAKOUT,1,3.6,6.49,3.78,7.2,4.38,0.75
WIPRO,2025-01-24,296.67,75.0,70.0,1.47,52.5,1.42,2.08,300.84,287.92,1.4,0.59,1.21,1.21,3.0,FTF_COILING,UNRESOLVED,3,-3.8,-3.27,-0.63,1.3,-0.18,0.27
WIPRO,2025-01-29,295.34,75.0,80.0,1.6,52.5,1.08,1.73,300.84,287.92,1.8,0.77,1.09,0.97,-0.9,FTF_COILING,UNRESOLVED,3,-1.1,-0.18,1.22,0.18,-6.77,-4.43
WIPRO,2025-02-01,288.11,75.0,55.0,1.49,50.0,0.87,1.03,300.84,288.34,4.2,0.15,0.4,0.95,-0.9,RESISTANCE_PROBE,UNRESOLVED,3,2.89,3.76,4.33,1.08,-6.97,-10.58
WIPRO,2025-02-05,299.73,75.0,55.0,1.76,50.0,0.87,0.98,300.84,287.92,0.4,0.34,0.61,0.89,-0.9,FTF_COILING,CONFIRMED_BREAKOUT,1,0.27,0.28,-2.18,-0.95,-9.84,-10.08
WIPRO,2025-02-10,301.58,75.0,70.0,1.97,52.5,0.68,1.0,300.84,287.92,-0.2,0.62,0.78,0.85,-0.9,FTF_COILING,UNRESOLVED,3,-1.9,-2.77,-4.29,-7.52,-12.94,-9.98
WIPRO,2025-02-19,296.9,75.0,85.0,1.45,50.0,0.97,0.71,305.88,285.46,2.9,0.71,0.69,1.0,4.0,RESISTANCE_PROBE,FAILED_BREAKOUT,3,-0.25,-2.47,-6.24,-8.98,-15.85,-10.42
WIPRO,2025-06-12,245.39,75.0,60.0,1.12,57.5,1.26,0.76,247.27,240.18,0.8,0.49,1.68,1.68,2.2,FTF_COILING,UNRESOLVED,3,0.23,1.26,2.3,3.43,2.1,0.81
WIPRO,2025-06-17,248.51,75.0,35.0,1.2,60.0,1.48,0.98,248.6,242.28,0.0,0.33,0.85,1.11,1.5,FTF_COILING,CONFIRMED_BREAKOUT,2,-0.5,1.02,0.78,0.62,-2.1,-3.08
WIPRO,2025-06-20,251.94,75.0,95.0,1.36,62.5,1.11,0.74,248.6,246.73,-1.3,0.85,1.39,1.04,1.5,RESISTANCE_PROBE,CONFIRMED_BREAKOUT,2,-1.24,-0.59,-0.56,1.32,0.15,0.75
WIPRO,2025-06-25,254.66,75.0,85.0,1.39,65.0,1.02,0.75,248.6,247.47,-2.4,0.87,0.57,0.99,1.5,RESISTANCE_PROBE,CONFIRMED_BREAKOUT,1,-0.33,-1.62,-0.89,-0.6,-2.97,-2.65
WIPRO,2025-07-21,246.09,75.0,55.0,1.57,57.5,1.44,1.5,257.01,242.03,4.2,0.14,1.29,1.29,-2.0,RESISTANCE_PROBE,UNRESOLVED,3,-0.25,0.4,-2.07,-3.63,-3.28,-3.83
WIPRO,2025-08-25,244.66,50.0,55.0,1.14,47.5,1.09,0.93,243.85,238.65,-0.3,0.48,1.98,1.98,2.5,FTF_COILING,UNRESOLVED,3,-0.71,-1.26,-1.15,-1.85,-1.66,0.09
WIPRO,2025-08-29,240.39,25.0,30.0,0.91,42.5,1.03,1.32,245.6,242.22,2.1,0.17,1.19,0.71,-0.3,FTF_COILING,UNRESOLVED,3,0.38,0.61,-2.3,1.01,-5.48,-5.53
WIPRO,2025-09-03,240.53,25.0,20.0,0.87,42.5,0.78,0.94,245.6,242.22,2.1,0.13,0.48,0.73,-0.8,FTF_COILING,FAILED_BREAKOUT,1,-1.84,-2.36,2.48,1.84,-3.4,-1.59
WIPRO,2025-09-09,240.14,25.0,60.0,0.87,42.5,1.11,0.62,245.6,232.54,2.2,0.86,1.59,0.71,-3.5,RESISTANCE_PROBE,CONFIRMED_BREAKOUT,1,2.65,1.91,1.95,0.19,-1.96,-4.49
WIPRO,2025-09-12,242.83,50.0,10.0,0.83,40.0,1.14,1.07,245.6,236.14,1.1,0.22,0.62,0.88,-3.5,RESISTANCE_PROBE,UNRESOLVED,3,-0.26,0.82,1.56,-6.43,-2.7,-3.55
WIPRO,2025-09-17,244.96,75.0,35.0,0.84,42.5,0.74,0.87,245.6,240.57,0.3,0.49,0.88,0.83,-3.5,RESISTANCE_PROBE,CONFIRMED_BREAKOUT,1,1.09,0.68,-3.76,-5.15,-0.13,-1.21
WIPRO,2025-11-25,236.75,50.0,45.0,1.02,55.0,1.2,1.08,240.36,236.16,1.5,0.41,1.0,1.0,0.3,FTF_COILING,UNRESOLVED,3,1.85,1.6,1.84,4.79,10.49,8.76
WIPRO,2025-11-28,240.5,50.0,25.0,0.96,55.0,1.18,1.0,240.36,236.16,-0.1,0.27,0.89,0.89,0.3,FTF_COILING,CONFIRMED_BREAKOUT,3,0.3,0.26,4.16,4.44,5.9,3.75
WIPRO,2025-12-04,247.64,75.0,65.0,1.18,55.0,0.98,0.91,247.83,241.49,0.1,0.43,1.22,1.22,2.5,FTF_COILING,CONFIRMED_BREAKOUT,1,1.16,1.73,0.9,2.69,4.7,3.5
WIPRO,2025-12-09,248.1,75.0,35.0,1.43,52.5,1.21,1.16,247.83,241.49,-0.1,0.08,0.96,1.07,2.5,FTF_COILING,UNRESOLVED,3,0.22,0.71,0.7,5.43,5.2,3.91
WIPRO,2025-12-12,251.17,75.0,80.0,1.48,55.0,0.89,0.9,247.83,247.75,-1.3,0.94,0.47,0.97,2.5,RESISTANCE_PROBE,CONFIRMED_BREAKOUT,1,0.44,-0.53,1.48,1.4,0.96,0.52
WIPRO,2025-12-17,251.69,50.0,85.0,1.53,55.0,0.88,0.58,247.83,248.05,-1.6,0.74,0.63,0.79,2.5,RESISTANCE_PROBE,CONFIRMED_BREAKOUT,1,1.04,1.27,2.65,2.38,-0.36,-1.38
WIPRO,2025-12-23,261.58,50.0,60.0,1.62,55.0,1.15,0.97,257.34,251.56,-1.6,0.52,0.94,1.81,3.6,RESISTANCE_PROBE,UNRESOLVED,3,-1.23,-1.88,-2.99,-0.22,-11.74,-9.34
WIPRO,2025-12-29,254.68,75.0,45.0,1.34,55.0,1.15,0.97,257.34,253.78,1.0,0.17,0.49,0.93,1.1,FTF_COILING,UNRESOLVED,3,-0.22,-0.36,-0.36,-0.43,-8.85,-9.91
WIPRO,2026-01-01,257.68,75.0,85.0,1.58,57.5,0.88,0.57,257.34,253.78,-0.1,0.84,0.53,0.81,-0.0,FTF_COILING,CONFIRMED_BREAKOUT,1,0.62,-1.51,-1.93,-2.67,-9.1,-9.66
WIPRO,2026-01-06,255.99,75.0,60.0,1.47,57.5,1.25,0.78,257.34,253.78,0.5,0.84,0.64,0.84,-0.0,FTF_COILING,CONFIRMED_BREAKOUT,1,1.96,-1.28,-0.53,-9.68,-9.88,-11.61
WIPRO,2026-01-09,252.47,75.0,35.0,1.68,52.5,1.39,1.03,261.1,251.9,3.3,0.43,0.73,0.73,0.2,FTF_COILING,UNRESOLVED,3,0.44,0.86,2.1,-8.99,-9.9,-9.29
WIPRO,2026-01-16,257.77,75.0,95.0,2.05,56.4,0.95,0.57,261.1,251.9,1.3,0.65,1.81,0.64,-0.4,FTF_COILING,FAILED_BREAKOUT,1,-8.04,-10.3,-10.86,-7.06,-18.2,-11.05
WIPRO,2026-05-26,201.43,50.0,35.0,1.1,51.3,1.36,1.44,207.18,201.76,2.8,0.14,2.23,2.23,-0.2,FTF_COILING,UNRESOLVED,3,-1.06,-1.06,3.0,-10.83,-14.35,-14.57
WIPRO,2026-05-29,201.94,50.0,35.0,1.27,50.0,1.29,1.59,203.66,197.94,0.8,0.08,3.25,0.0,0.7,FTF_COILING,CONFIRMED_BREAKOUT,2,1.06,2.74,-2.88,-11.8,-14.32,-16.6
WIPRO,2026-06-03,201.8,50.0,50.0,1.2,47.4,1.08,1.45,208.62,201.35,3.3,0.33,2.04,1.26,1.4,FTF_COILING,FAILED_BREAKOUT,2,0.11,-2.81,-12.33,-9.62,-16.64,-14.24
WIPRO,2026-08-03,188.66,50.0,40.0,0.97,51.3,1.41,1.1,191.34,183.4,1.4,0.8,0.91,1.11,0.1,FTF_COILING,UNRESOLVED,3,-1.25,-0.89,-1.67,-3.58,-2.21,-0.87
WIPRO,2026-08-06,186.12,50.0,35.0,0.88,53.8,1.04,0.91,191.34,183.4,2.7,0.25,0.4,0.81,0.1,FTF_COILING,UNRESOLVED,3,0.76,-0.33,-1.62,-2.75,-5.59,-4.81
WIPRO,2026-08-11,184.6,50.0,25.0,0.84,48.7,0.83,0.38,191.34,183.4,3.5,0.31,0.62,0.64,0.1,FTF_COILING,UNRESOLVED,3,-0.36,-0.81,-3.54,-2.44,-7.1,-6.79
ZYDUSLIFE,2025-01-10,992.13,75.0,35.0,0.99,50.0,1.44,1.85,1015.4,981.12,2.3,0.21,1.57,1.57,1.1,FTF_COILING,UNRESOLVED,3,-2.92,-0.42,-0.97,-4.66,0.38,2.37
ZYDUSLIFE,2025-01-15,972.87,75.0,25.0,0.89,50.0,1.19,1.73,1006.65,954.45,3.4,0.11,0.44,0.81,-2.5,RESISTANCE_PROBE,UNRESOLVED,3,0.33,0.99,-0.65,-5.36,-4.33,-5.35
ZYDUSLIFE,2025-01-20,983.34,75.0,60.0,1.03,52.5,0.87,0.8,1006.65,967.49,2.3,0.5,0.35,0.63,-2.5,RESISTANCE_PROBE,UNRESOLVED,3,-0.96,-1.71,-7.32,-1.98,-9.41,-8.83
ZYDUSLIFE,2025-01-23,977.07,75.0,65.0,1.19,52.5,0.85,0.53,1006.65,951.98,2.9,0.66,0.37,0.52,-2.5,RESISTANCE_PROBE,FAILED_BREAKOUT,2,-3.19,-6.73,-3.61,-1.23,-9.88,-3.38
ZYDUSLIFE,2025-02-07,982.01,75.0,55.0,1.34,52.5,1.11,1.71,1014.01,964.08,3.2,0.22,1.16,1.16,1.9,FTF_COILING,FAILED_BREAKOUT,2,-2.97,-5.22,-9.28,-10.94,-10.1,-5.15
ZYDUSLIFE,2025-03-20,906.05,50.0,60.0,1.15,51.3,0.76,0.94,918.64,891.97,1.4,0.57,0.56,0.56,1.6,FTF_COILING,UNRESOLVED,3,0.15,0.7,-2.89,-5.49,-5.37,-4.34
ZYDUSLIFE,2025-03-25,896.27,50.0,45.0,1.36,53.8,1.07,0.99,918.64,891.97,2.4,0.1,0.76,1.0,1.6,FTF_COILING,UNRESOLVED,3,0.02,-1.83,-1.79,-6.94,-2.29,0.02
ZYDUSLIFE,2025-04-03,890.88,50.0,35.0,1.37,51.3,1.39,1.17,918.64,852.26,3.0,0.05,3.06,1.12,-2.8,RESISTANCE_PROBE,FAILED_BREAKOUT,2,-3.88,-7.13,-3.66,-5.46,-1.75,5.8
ZYDUSLIFE,2025-05-21,878.78,75.0,100.0,1.29,65.0,1.03,0.75,908.76,863.42,3.3,0.79,1.57,1.57,1.8,FTF_COILING,UNRESOLVED,3,1.55,2.13,4.04,4.7,7.72,4.98
ZYDUSLIFE,2025-05-26,901.7,75.0,45.0,1.36,65.0,1.2,1.06,900.37,878.49,-0.1,0.37,0.66,0.73,2.2,FTF_COILING,CONFIRMED_BREAKOUT,2,0.58,1.4,1.66,6.66,4.3,2.86
ZYDUSLIFE,2025-05-29,913.46,75.0,60.0,1.48,67.5,0.64,0.68,900.37,897.01,-1.5,0.32,0.64,0.72,2.2,RESISTANCE_PROBE,CONFIRMED_BREAKOUT,1,0.57,0.35,3.35,5.84,6.19,5.59
ZYDUSLIFE,2025-06-06,948.42,75.0,80.0,1.4,72.5,0.97,0.83,930.25,909.75,-2.0,0.83,0.71,1.59,3.1,RESISTANCE_PROBE,CONFIRMED_BREAKOUT,1,1.41,2.25,1.54,-0.32,4.25,2.81
ZYDUSLIFE,2025-06-13,963.04,75.0,85.0,1.59,71.8,0.95,0.7,983.54,961.26,2.1,0.84,0.88,0.88,0.2,FTF_COILING,UNRESOLVED,3,-0.06,-1.77,-1.83,0.7,0.48,2.22
ZYDUSLIFE,2025-06-24,952.77,50.0,95.0,1.52,64.1,0.85,0.72,983.54,961.26,3.1,0.72,1.11,0.86,-2.4,FTF_COILING,UNRESOLVED,3,1.06,1.8,3.93,1.93,-0.81,-2.55
ZYDUSLIFE,2025-06-27,969.81,50.0,35.0,2.08,64.1,0.8,0.72,983.54,961.26,1.4,0.27,1.5,0.86,-2.4,FTF_COILING,CONFIRMED_BREAKOUT,3,0.83,2.11,1.96,-0.22,0.59,-0.79
ZYDUSLIFE,2025-07-02,983.24,50.0,65.0,1.81,64.1,0.98,0.92,976.87,967.19,-0.7,0.26,1.17,0.83,1.1,FTF_COILING,CONFIRMED_BREAKOUT,2,0.4,0.56,-1.7,-2.66,1.12,0.55
ZYDUSLIFE,2025-08-01,948.2,50.0,55.0,1.18,51.3,1.14,1.07,985.56,960.24,3.8,0.11,1.44,1.44,-1.3,RESISTANCE_PROBE,FAILED_BREAKOUT,3,1.03,1.18,-1.36,3.95,4.96,6.8
ZYDUSLIFE,2025-08-11,954.69,50.0,50.0,1.15,55.0,1.25,0.8,985.56,918.22,3.1,0.9,0.43,0.94,-3.0,RESISTANCE_PROBE,CONFIRMED_BREAKOUT,2,0.01,3.46,3.55,3.38,8.8,5.16
ZYDUSLIFE,2025-08-14,987.91,75.0,25.0,1.12,60.0,1.33,1.02,985.56,933.21,-0.2,0.32,0.81,1.04,-3.0,RESISTANCE_PROBE,UNRESOLVED,3,-0.23,0.07,0.0,0.23,4.86,5.45
ZYDUSLIFE,2025-08-20,982.42,75.0,35.0,1.06,57.5,1.15,1.08,985.56,976.42,0.3,0.37,0.63,0.98,-3.0,RESISTANCE_PROBE,CONFIRMED_BREAKOUT,3,0.25,0.56,-0.48,2.91,6.56,2.41
ZYDUSLIFE,2025-08-29,980.17,75.0,60.0,1.24,57.5,1.12,1.64,1016.04,981.12,3.5,0.61,0.81,1.08,-0.3,FTF_COILING,UNRESOLVED,3,1.02,1.53,3.34,6.49,-0.62,-3.29
ZYDUSLIFE,2025-09-03,1007.29,75.0,90.0,1.4,60.0,0.78,1.53,1016.04,981.12,0.9,0.61,1.55,1.09,-0.3,FTF_COILING,CONFIRMED_BREAKOUT,2,0.37,0.56,3.11,2.54,-1.69,-2.24
ZYDUSLIFE,2025-09-08,1008.74,75.0,55.0,1.52,65.0,0.86,1.43,1038.12,1004.1,2.8,0.21,0.68,0.68,0.5,FTF_COILING,UNRESOLVED,3,2.57,2.97,2.7,2.58,-2.15,-5.34
ZYDUSLIFE,2025-09-11,1042.66,75.0,80.0,1.69,70.0,1.0,1.21,1038.12,1004.1,-0.4,0.75,0.45,0.87,0.5,FTF_COILING,UNRESOLVED,3,0.11,-0.64,0.41,-2.33,-4.81,-3.97
ZYDUSLIFE,2025-09-16,1033.57,75.0,55.0,1.6,67.5,0.74,0.79,1038.12,1004.1,0.4,0.31,0.46,0.65,0.5,FTF_COILING,CONFIRMED_BREAKOUT,3,-0.07,1.29,1.0,-5.08,-5.53,-5.78
ZYDUSLIFE,2025-09-19,1036.37,75.0,60.0,1.74,67.5,0.82,0.66,1038.12,1004.1,0.2,0.13,0.92,0.66,0.5,FTF_COILING,UNRESOLVED,3,-0.15,0.73,-6.01,-4.11,-3.37,-3.25
ZYDUSLIFE,2025-09-24,1035.07,75.0,55.0,1.79,62.5,1.05,0.83,1038.12,1004.1,0.3,0.17,0.7,0.66,0.5,FTF_COILING,FAILED_BREAKOUT,2,-1.62,-5.89,-4.33,-4.01,-3.0,3.07
ZYDUSLIFE,2026-02-11,897.49,50.0,35.0,0.76,48.7,1.38,1.74,919.17,883.51,2.4,0.92,1.12,1.12,1.6,FTF_COILING,CONFIRMED_BREAKOUT,1,2.52,0.71,1.31,2.38,2.07,-0.44
ZYDUSLIFE,2026-02-16,909.63,75.0,40.0,0.9,51.3,1.16,2.23,919.17,883.51,1.0,0.48,0.56,1.24,1.6,FTF_COILING,UNRESOLVED,3,-0.42,-0.04,-0.27,-0.39,-2.27,-1.4
ZYDUSLIFE,2026-02-19,901.59,50.0,30.0,0.93,48.7,0.78,0.98,919.17,883.51,1.9,0.11,1.0,0.83,1.6,FTF_COILING,UNRESOLVED,3,-0.18,0.62,4.0,1.18,-1.32,-1.48
ZYDUSLIFE,2026-02-24,903.04,75.0,55.0,0.92,51.3,0.62,0.7,919.17,883.51,1.8,0.6,0.51,0.8,1.6,FTF_COILING,CONFIRMED_BREAKOUT,2,1.75,3.83,-0.77,1.98,-0.02,-3.71
ZYDUSLIFE,2026-02-27,920.87,75.0,65.0,1.02,51.3,0.84,1.02,946.7,921.42,2.7,0.22,1.29,1.29,-0.1,FTF_COILING,FAILED_BREAKOUT,2,-1.61,-2.69,-1.39,-3.78,-6.35,-3.76
ZYDUSLIFE,2026-03-05,913.83,75.0,35.0,0.9,46.2,1.14,1.48,946.7,888.2,3.5,0.83,0.57,1.16,-2.7,RESISTANCE_PROBE,UNRESOLVED,3,-0.17,-0.63,0.25,-4.21,-4.5,-5.37
ZYDUSLIFE,2026-03-10,922.27,75.0,45.0,0.97,48.7,1.0,0.98,946.7,884.31,2.6,0.78,0.73,0.86,-2.7,RESISTANCE_PROBE,UNRESOLVED,3,-0.15,-0.67,-3.61,-3.98,-0.83,1.05
ZYDUSLIFE,2026-04-24,926.57,75.0,55.0,1.08,55.0,0.93,0.91,962.04,920.87,3.7,0.17,1.02,1.02,0.6,RESISTANCE_PROBE,UNRESOLVED,3,1.32,-1.74,-3.83,1.36,12.03,14.06
ZYDUSLIFE,2026-05-06,937.96,75.0,95.0,1.13,56.4,0.85,0.69,953.04,891.1,1.6,0.82,2.11,0.88,-3.3,RESISTANCE_PROBE,CONFIRMED_BREAKOUT,3,0.16,0.13,0.05,10.87,14.68,12.5
ZYDUSLIFE,2026-05-11,956.09,75.0,90.0,1.23,59.0,1.07,0.98,953.04,914.18,-0.3,0.86,1.36,1.0,-3.3,RESISTANCE_PROBE,CONFIRMED_BREAKOUT,3,-2.75,-1.85,3.57,12.12,13.65,9.67
ZYDUSLIFE,2026-05-19,1017.99,75.0,70.0,2.02,64.1,1.38,2.07,1058.1,960.24,3.8,0.45,4.43,1.0,6.0,RESISTANCE_PROBE,CONFIRMED_BREAKOUT,1,2.15,1.72,5.9,5.83,5.87,3.64
ZYDUSLIFE,2026-05-25,1071.99,50.0,70.0,3.07,66.7,1.43,3.86,1092.67,1037.12,1.9,0.94,1.13,0.8,-0.2,FTF_COILING,UNRESOLVED,3,0.57,1.2,1.7,1.37,1.17,-0.03
ZYDUSLIFE,2026-05-28,1084.83,50.0,80.0,3.86,71.1,0.6,1.5,1092.67,1037.12,0.7,0.5,0.0,0.92,-0.2,FTF_COILING,CONFIRMED_BREAKOUT,1,-0.75,0.5,-0.11,1.85,1.44,2.2
ZYDUSLIFE,2026-06-02,1077.33,75.0,70.0,2.67,68.4,0.84,1.51,1114.5,1070.24,3.3,0.57,0.76,0.84,1.9,FTF_COILING,UNRESOLVED,3,-0.16,0.58,2.53,0.04,3.18,2.17
ZYDUSLIFE,2026-06-05,1088.02,75.0,70.0,2.62,65.8,0.95,1.51,1114.5,1070.24,2.4,0.46,0.36,0.64,0.5,FTF_COILING,UNRESOLVED,3,-0.13,1.52,1.44,-1.67,4.74,3.85
ZYDUSLIFE,2026-06-10,1097.31,75.0,60.0,2.75,60.5,0.81,0.74,1114.5,1070.24,1.5,0.13,0.23,0.53,0.5,FTF_COILING,UNRESOLVED,3,0.69,0.58,-3.36,0.09,4.53,5.51
ZYDUSLIFE,2026-06-15,1087.12,75.0,60.0,2.54,57.9,0.79,0.59,1114.5,1070.24,2.5,0.08,0.49,0.47,0.5,FTF_COILING,UNRESOLVED,3,-0.86,-2.45,-0.24,3.05,3.97,5.3
ZYDUSLIFE,2026-06-23,1111.2,75.0,90.0,2.13,57.9,1.04,0.87,1123.49,1059.65,1.1,0.67,1.69,1.0,4.9,RESISTANCE_PROBE,UNRESOLVED,3,-1.16,-0.97,0.04,3.67,2.78,3.79
ZYDUSLIFE,2026-06-26,1100.41,75.0,80.0,2.05,60.5,0.92,0.89,1124.99,1086.32,2.2,0.5,0.0,1.0,1.3,RESISTANCE_PROBE,UNRESOLVED,3,1.81,1.02,3.56,4.49,0.75,0.04
ZYDUSLIFE,2026-07-01,1108.2,75.0,55.0,1.88,55.3,0.74,0.76,1127.49,1109.0,1.7,0.18,0.84,0.84,-0.1,FTF_COILING,CONFIRMED_BREAKOUT,2,-0.85,2.83,3.5,4.3,1.31,-1.48
ZYDUSLIFE,2026-07-07,1151.96,75.0,55.0,2.2,57.9,1.13,0.85,1127.49,1094.12,-2.2,0.35,1.17,1.11,-0.9,RESISTANCE_PROBE,CONFIRMED_BREAKOUT,1,-0.43,0.52,-1.68,-0.86,-1.91,-1.48
ZYDUSLIFE,2026-07-10,1149.77,75.0,45.0,2.04,52.6,1.09,1.02,1180.44,1141.17,2.6,0.29,0.59,0.7,1.5,FTF_COILING,UNRESOLVED,3,-1.69,-1.49,-0.62,-3.57,-3.09,-3.6
ZYDUSLIFE,2026-07-15,1155.86,75.0,80.0,1.97,52.6,1.09,0.78,1180.44,1141.17,2.1,0.63,1.45,0.79,-1.0,FTF_COILING,UNRESOLVED,3,-0.26,-1.14,-2.64,-2.87,4.25,4.97
ZYDUSLIFE,2026-07-20,1147.97,75.0,55.0,1.91,50.0,1.03,0.76,1168.65,1133.78,1.8,0.32,0.66,0.8,0.8,FTF_COILING,UNRESOLVED,3,-0.51,-1.98,-3.46,-2.35,-1.43,1.68
ZYDUSLIFE,2026-08-04,1130.0,75.0,50.0,0.78,41.0,0.96,0.74,1168.65,1108.1,3.3,1.0,0.96,0.75,-3.0,RESISTANCE_PROBE,UNRESOLVED,3,-0.79,-1.95,5.4,-1.27,3.35,4.81
ZYDUSLIFE,2026-08-11,1191.0,75.0,70.0,1.22,46.2,1.33,0.66,1205.0,1093.2,1.2,0.84,6.05,1.0,8.9,RESISTANCE_PROBE,UNRESOLVED,3,1.18,-1.99,-6.33,-5.58,-3.82,0.91
ZYDUSLIFE,2026-08-27,1189.2,75.0,85.0,1.49,47.5,1.02,0.76,1205.0,1092.6,1.3,0.88,1.85,1.0,8.8,RESISTANCE_PROBE,UNRESOLVED,3,0.15,-2.35,-3.88,-6.0,-0.75,1.07
ZYDUSLIFE,2026-09-01,1167.8,75.0,45.0,1.45,45.0,1.09,1.2,1205.0,1142.1,3.1,0.51,0.61,1.0,2.3,RESISTANCE_PROBE,UNRESOLVED,3,-1.16,-2.12,-1.91,-5.89,2.8,7.19
